timestamp,bybit_funding_rate_00,bybit_funding_rate_08,bybit_funding_rate_16
2020-03-26,0.0001,0.0001,0.0001
2020-03-27,0.0001,0.0001,0.0001
2020-03-28,0.0001,0.0001,0.0001
2020-03-29,0.0001,0.0001,0.0001
2020-03-30,0.0001,0.0001,0.0001
2020-03-31,0.0001,0.0001,0.0001
2020-04-01,0.0001,0.0001,-0.00024535
2020-04-02,-0.00065103,-0.00076413,-0.00063135
2020-04-03,-0.00196465,-0.00375,-0.00198009
2020-04-04,-0.0007468,-0.00021154,9.922e-05
2020-04-05,0.0001,0.0001,0.0001
2020-04-06,0.0001,0.0001,0.0001
2020-04-07,9.599e-05,-7.04e-05,-5.965e-05
2020-04-08,0.0001,4.99e-05,0.0001
2020-04-09,0.0001,0.0001,2.541e-05
2020-04-10,6.698e-05,1.027e-05,0.0001
2020-04-11,0.0001,0.0001,0.0001
2020-04-12,0.0001,0.0001,0.0001
2020-04-13,0.0001,-1.518e-05,-0.00032819
2020-04-14,-0.00029311,-0.00028219,-0.00025537
2020-04-15,-0.00038444,-0.0005306,-0.00049003
2020-04-16,-0.00044288,-0.00055451,-0.00094907
2020-04-17,-0.00070903,-0.00032802,-0.00014941
2020-04-18,-6.622e-05,-9.05e-05,-0.00018915
2020-04-19,-0.00027777,-0.00035332,-0.00025846
2020-04-20,4.56e-06,-1.443e-05,-5.81e-06
2020-04-21,3.59e-05,3.72e-05,5.573e-05
2020-04-22,0.0001,0.0001,-8.38e-06
2020-04-23,-0.00025968,-0.00034008,-0.00029437
2020-04-24,-0.00018968,0.0001,0.0001
2020-04-25,0.0001,0.0001,0.0001
2020-04-26,0.0001,0.0001,0.0001
2020-04-27,0.0001,0.0001,0.0001
2020-04-28,0.0001,0.0001,0.0001
2020-04-29,0.0001,0.0001,0.0001
2020-04-30,0.0001,0.0001,0.0001
2020-05-01,0.0001,0.0001,0.0001
2020-05-02,0.0001,0.0001,0.0001
2020-05-03,0.0001,0.0001,0.0001
2020-05-04,0.0001,0.0001,0.0001
2020-05-05,0.0001,0.0001,0.0001
2020-05-06,0.0001,0.0001,0.0001
2020-05-07,0.0001,0.0001,0.0001
2020-05-08,0.0001,0.0001,0.0001
2020-05-09,0.0001,0.0001,0.0001
2020-05-10,0.0001,0.0001,0.0001
2020-05-11,0.0001,0.0001,0.0001
2020-05-12,0.0001,0.0001,0.0001
2020-05-13,0.0001,0.0001,0.0001
2020-05-14,0.0001,0.0001,0.0001
2020-05-15,0.0001,0.0001,0.0001
2020-05-16,0.0001,0.0001,0.0001
2020-05-17,0.0001,0.0001,0.0001
2020-05-18,0.0001,0.0001,0.0001
2020-05-19,0.0001,0.0001,0.0001
2020-05-20,0.0001,0.0001,0.0001
2020-05-21,0.0001,0.0001,0.0001
2020-05-22,0.0001,0.0001,0.0001
2020-05-23,0.0001,0.0001,0.0001
2020-05-24,0.0001,0.0001,0.0001
2020-05-25,0.0001,0.0001,0.0001
2020-05-26,0.0001,0.0001,0.0001
2020-05-27,0.0001,0.0001,0.0001
2020-05-28,0.0001,8.101e-05,0.0001
2020-05-29,9.316e-05,0.0001,0.0001
2020-05-30,0.0001,0.0001,0.0001
2020-05-31,0.0001,0.0001,0.0001
2020-06-01,0.0001,0.0001,3.059e-05
2020-06-02,0.0001,0.0001,0.0001
2020-06-03,0.0001,0.0001,0.0001
2020-06-04,0.0001,0.0001,0.0001
2020-06-05,0.0001,0.0001,0.0001
2020-06-06,0.0001,0.0001,0.0001
2020-06-07,0.0001,0.0001,0.0001
2020-06-08,0.0001,0.0001,0.0001
2020-06-09,0.0001,0.0001,0.0001
2020-06-10,0.0001,0.0001,0.0001
2020-06-11,0.0001,0.0001,0.0001
2020-06-12,0.0001,0.0001,0.0001
2020-06-13,0.0001,0.0001,0.0001
2020-06-14,0.0001,0.0001,0.0001
2020-06-15,0.0001,0.0001,0.0001
2020-06-16,0.0001,9.598e-05,0.0001
2020-06-17,0.0001,0.0001,0.0001
2020-06-18,0.0001,0.0001,0.0001
2020-06-19,0.0001,0.0001,0.0001
2020-06-20,0.0001,0.0001,0.0001
2020-06-21,0.0001,0.0001,0.0001
2020-06-22,0.0001,0.0001,0.0001
2020-06-23,0.0001,0.0001,0.0001
2020-06-24,0.0001,0.0001,0.0001
2020-06-25,0.0001,0.0001,0.0001
2020-06-26,0.0001,0.0001,0.0001
2020-06-27,0.0001,0.0001,0.0001
2020-06-28,0.0001,0.0001,0.0001
2020-06-29,0.0001,0.0001,0.0001
2020-06-30,0.0001,0.0001,0.0001
2020-07-01,0.0001,0.0001,0.0001
2020-07-02,0.0001,0.0001,0.0001
2020-07-03,0.0001,0.0001,0.0001
2020-07-04,0.0001,0.0001,0.0001
2020-07-05,0.0001,0.0001,0.0001
2020-07-06,0.0001,0.0001,0.0001
2020-07-07,0.0001,0.0001,0.0001
2020-07-08,0.0001,0.0001,0.0001
2020-07-09,0.0001,0.0001,0.0001
2020-07-10,0.0001,0.0001,0.0001
2020-07-11,0.0001,0.0001,2.124e-05
2020-07-12,0.0001,0.0001,0.0001
2020-07-13,0.0001,0.0001,0.0001
2020-07-14,0.0001,0.0001,0.0001
2020-07-15,0.0001,0.0001,0.0001
2020-07-16,9.621e-05,0.0001,0.0001
2020-07-17,0.0001,0.0001,0.0001
2020-07-18,0.0001,5.543e-05,0.0001
2020-07-19,0.0001,0.0001,0.0001
2020-07-20,0.0001,0.0001,0.0001
2020-07-21,0.0001,0.0001,7.691e-05
2020-07-22,0.0001,-0.00020699,-0.00018507
2020-07-23,0.0001,8.454e-05,9.443e-05
2020-07-24,-6.765e-05,4.92e-05,0.0001
2020-07-25,0.0001,0.0001,0.0001
2020-07-26,7.786e-05,-0.00015259,-0.00013979
2020-07-27,0.0001,0.0001,0.0001
2020-07-28,0.0001,0.0001,0.0001
2020-07-29,0.0001,0.0001,0.0001
2020-07-30,0.0001,0.0001,0.0001
2020-07-31,0.0001,0.0001,0.0001
2020-08-01,0.0001,0.0001,0.0001
2020-08-02,0.0001,0.0001,0.0001
2020-08-03,0.0001,0.0001,0.0001
2020-08-04,0.0001,0.0001,0.0001
2020-08-05,0.0001,0.0001,0.0001
2020-08-06,0.0001,0.0001,0.0001
2020-08-07,0.0001,0.0001,0.0001
2020-08-08,0.0001,0.0001,0.0001
2020-08-09,0.0001,0.0001,0.0001
2020-08-10,0.0001,0.0001,0.00027192
2020-08-11,0.0001,0.0001,0.0001
2020-08-12,0.00029662,0.00021628,0.0001
2020-08-13,0.0001,0.0001,0.0001
2020-08-14,0.0001,0.0001599,0.00044653
2020-08-15,0.00069388,0.00051114,0.0005648
2020-08-16,0.0007076,0.00049832,0.00044021
2020-08-17,0.00071684,0.00047435,0.00089891
2020-08-18,0.00100541,0.00212467,0.00192023
2020-08-19,0.00192101,0.00123749,0.00102092
2020-08-20,0.00059939,0.00019461,0.0001
2020-08-21,0.00024206,0.0001,0.0001
2020-08-22,0.0001,0.00013358,0.00013721
2020-08-23,0.0001,0.0001,0.0001
2020-08-24,0.0001,0.0001,0.0001
2020-08-25,0.0001,0.00010167,0.0001
2020-08-26,0.00053705,0.00056153,0.0001
2020-08-27,0.0001,0.0001,0.0001
2020-08-28,0.00010457,0.0001,0.0001
2020-08-29,0.0001,0.0001,0.0001
2020-08-30,0.0001,0.0001,0.0001
2020-08-31,0.0001,0.0001,0.0001
2020-09-01,0.00013918,0.0001683,0.0001095
2020-09-02,0.00073262,0.00077836,0.0003955
2020-09-03,0.00083047,0.00067198,0.0001
2020-09-04,0.00036114,0.00024456,0.0001
2020-09-05,0.0001,0.0001,0.0001
2020-09-06,0.0001,0.0001,0.0001
2020-09-07,0.0001,0.0001,0.0001
2020-09-08,0.0001,0.0001,0.0001
2020-09-09,0.0001,0.0001,0.0001
2020-09-10,0.0001,0.0001,0.0001
2020-09-11,0.0001,0.0001,0.0001
2020-09-12,0.0001,0.0001,0.0001
2020-09-13,0.0001,0.0001,0.0001
2020-09-14,0.0001,0.0001,7.039e-05
2020-09-15,0.0001,-5.709e-05,-0.0001474
2020-09-16,-8.49e-06,-3.895e-05,-1.319e-05
2020-09-17,1.35e-05,1.562e-05,0.0001
2020-09-18,0.0001,2.46e-05,-4.82e-05
2020-09-19,7.219e-05,-4.373e-05,-0.00014331
2020-09-20,-0.00013724,-3.403e-05,4.69e-05
2020-09-21,5.554e-05,-0.00016789,-0.00014876
2020-09-22,0.0001,0.0001,0.0001
2020-09-23,0.0001,0.0001,0.0001
2020-09-24,0.0001,0.0001,5.528e-05
2020-09-25,-3.3e-07,-0.0001332,-0.00015124
2020-09-26,0.0001,0.0001,0.0001
2020-09-27,0.0001,0.0001,0.0001
2020-09-28,0.0001,0.0001,0.0001
2020-09-29,0.0001,0.0001,0.0001
2020-09-30,0.0001,0.0001,0.0001
2020-10-01,0.0001,0.0001,-0.00022508
2020-10-02,-0.00093048,-0.00014436,0.0001
2020-10-03,0.00016047,0.0001,0.0001
2020-10-04,0.0001,0.0001,0.0001
2020-10-05,0.0001,7.768e-05,-9.231e-05
2020-10-06,-0.00058384,-0.00088413,-0.00082916
2020-10-07,-0.00034888,3.235e-05,0.0001
2020-10-08,0.0001,4.188e-05,0.0001
2020-10-09,0.0001,-0.00033904,-0.00050421
2020-10-10,-0.00043282,-0.0001116,0.0001
2020-10-11,0.0001,0.0001,0.0001
2020-10-12,0.0001,0.0001,0.0001
2020-10-13,0.0002219,0.00013708,0.00026756
2020-10-14,0.00026442,0.00026846,0.0001024
2020-10-15,0.0001,0.0001,0.0001
2020-10-16,0.0001,0.0001,0.0001
2020-10-17,0.00015943,0.0001,0.0001
2020-10-18,0.0001,0.0001,0.0001
2020-10-19,8.694e-05,-0.00010383,-0.00010762
2020-10-20,-0.00026851,-0.00018715,-0.00028066
2020-10-21,-0.00042457,-0.00017006,-0.00035301
2020-10-22,0.0001,0.00047404,0.00109599
2020-10-23,0.00091297,0.00102617,0.00127125
2020-10-24,0.00131645,0.00093355,0.00064027
2020-10-25,0.00045744,0.00018407,0.00013399
2020-10-26,0.00029351,0.0001,0.0001
2020-10-27,0.00028336,0.0001,0.0001
2020-10-28,0.0001,0.0001,0.00020302
2020-10-29,0.0001,0.0001,0.0001
2020-10-30,0.0001,0.0001,0.0001
2020-10-31,0.0001,0.0001,0.0001
2020-11-01,0.0001,0.0001,0.0001
2020-11-02,0.0001,0.0001,0.0001
2020-11-03,0.00035507,0.00012436,0.0001
2020-11-04,0.0001,0.0001,0.0001
2020-11-05,0.0001,0.0001,0.0001
2020-11-06,0.00058679,0.00059719,0.00100127
2020-11-07,0.00138461,0.00115978,0.00108949
2020-11-08,0.00067098,0.00018067,0.000448
2020-11-09,0.00019638,0.0001,0.0001
2020-11-10,0.00027116,0.0001,0.00011625
2020-11-11,0.00045395,0.00038018,0.00038524
2020-11-12,0.00064728,0.00071205,0.00033563
2020-11-13,0.00022457,0.0001,0.0001
2020-11-14,0.00036852,0.00034577,0.00051889
2020-11-15,0.0001,0.0001,0.0001
2020-11-16,0.00010539,0.0001,0.00030183
2020-11-17,0.0001,0.0001,0.00042426
2020-11-18,0.0003622,0.00111596,0.00176313
2020-11-19,0.00210333,0.00255407,0.00268535
2020-11-20,0.00188435,0.00190613,0.00144492
2020-11-21,0.00197875,0.00176957,0.00178236
2020-11-22,0.00192912,0.00262739,0.00282927
2020-11-23,0.0024164,0.00222938,0.00232583
2020-11-24,0.0027572,0.0019319,0.00129769
2020-11-25,0.0001,0.0001,0.00045913
2020-11-26,0.00055854,0.00022801,0.00022962
2020-11-27,0.00022486,0.0001,0.0001
2020-11-28,0.0001,0.0001,0.0001
2020-11-29,0.0001,0.0001,0.0001
2020-11-30,0.0001,0.0001,-0.00013278
2020-12-01,0.0001,0.00040728,0.00056768
2020-12-02,0.00035851,0.0001,0.0001
2020-12-03,0.0001,0.0001,0.0001
2020-12-04,0.0001092,0.0001,0.0001
2020-12-05,0.0001,0.0001,0.0001
2020-12-06,0.0001,0.0001,0.0001
2020-12-07,0.0001,0.0001,0.0001
2020-12-08,0.0001,0.0001,0.0001
2020-12-09,0.0001,0.0001,-0.0003188
2020-12-10,-0.00015843,1.058e-05,0.0001
2020-12-11,0.0001,0.0001,0.0001
2020-12-12,-5.515e-05,-0.00036203,-0.00034931
2020-12-13,-0.00014002,-0.00019058,-0.00033651
2020-12-14,0.0001,0.0001,0.0001
2020-12-15,0.0001,0.0001,0.00017678
2020-12-16,0.0001,0.0001,7.125e-05
2020-12-17,0.00022189,0.00015183,0.00078476
2020-12-18,0.00119966,0.00062412,0.00034136
2020-12-19,0.00042794,0.0001,0.0003528
2020-12-20,0.00065278,0.00127567,0.00046977
2020-12-21,0.0001,0.00070532,0.00016424
2020-12-22,0.0001,0.0001,0.0001
2020-12-23,0.0001,0.0001,0.0001
2020-12-24,0.0001,0.0001,0.0001
2020-12-25,0.0001,0.0001,0.0001
2020-12-26,0.00028507,0.0001,0.00021823
2020-12-27,0.0002087,0.0009427,0.00153803
2020-12-28,0.00216814,0.00100228,0.00072647
2020-12-29,0.00079075,0.00093233,0.00067762
2020-12-30,0.00020143,0.00028892,0.00072623
2020-12-31,0.00082486,0.00100426,0.00107476
2021-01-01,0.00034729,0.0001,0.0001
2021-01-02,0.0006425,0.00020649,0.0001
2021-01-03,0.00073898,0.00178299,0.00189752
2021-01-04,0.00214106,0.00162051,0.00162248
2021-01-05,0.00058171,0.00042043,0.00060075
2021-01-06,0.0001,0.00052376,0.00140312
2021-01-07,0.00277443,0.00287009,0.00223631
2021-01-08,0.00197821,0.00375,0.00094676
2021-01-09,0.00106038,0.00151246,0.00174097
2021-01-10,0.00192295,0.00175106,0.00194279
2021-01-11,0.00127972,0.00072864,0.00067179
2021-01-12,0.00037454,0.00010508,0.0001
2021-01-13,0.00023274,0.0001,0.0001493
2021-01-14,0.00038693,0.00093295,0.00053564
2021-01-15,0.0005873,0.00095543,0.0009516
2021-01-16,0.00093019,0.0001,0.0001
2021-01-17,0.00037026,0.0001,0.00016663
2021-01-18,0.0001,0.0001,0.0001
2021-01-19,0.00042837,0.00084101,0.00178678
2021-01-20,0.00263702,0.00201124,0.00110786
2021-01-21,0.00016627,0.0001,0.0001
2021-01-22,0.0001,0.00022298,0.0001
2021-01-23,0.0001,0.0001,0.0001
2021-01-24,0.0001,0.0001,0.0001
2021-01-25,0.00018398,0.0001,0.0001
2021-01-26,0.0001,0.00023613,0.0001079
2021-01-27,0.0001,0.0001,0.0001
2021-01-28,0.0001,0.00018158,0.0001
2021-01-29,0.0001,0.0001,0.0004581
2021-01-30,0.00207394,0.00130219,0.0002205
2021-01-31,0.00019441,0.0001,0.00054286
2021-02-01,0.0006782,0.00021546,0.0001
2021-02-02,0.0005382,0.0001,0.0003948
2021-02-03,0.00129771,0.00137997,0.00086188
2021-02-04,0.00128416,0.0002646,0.00033167
2021-02-05,0.0007077,0.00059338,0.00031875
2021-02-06,0.00062038,0.00023711,0.0001
2021-02-07,0.00017044,0.0018645,0.00142823
2021-02-08,0.00144826,0.00110987,0.00070257
2021-02-09,0.00176279,0.00209192,0.00309625
2021-02-10,0.00316075,0.00219284,0.00201317
2021-02-11,0.0028925,0.00221152,0.00141063
2021-02-12,0.00137029,0.00178738,0.0019353
2021-02-13,0.00218129,0.00149325,0.00159945
2021-02-14,0.00141107,0.0010643,0.00115163
2021-02-15,0.00209771,0.00244986,0.00233909
2021-02-16,0.00090023,0.0007027,0.00135985
2021-02-17,0.00194208,0.00229574,0.00129746
2021-02-18,0.00131429,0.00147656,0.00228927
2021-02-19,0.00274162,0.00176185,0.00082548
2021-02-20,0.00073241,0.00138076,0.00099503
2021-02-21,0.00152636,0.00220261,0.00099991
2021-02-22,0.00116442,0.00128626,0.00191879
2021-02-23,0.00204157,0.00040759,0.00010078
2021-02-24,0.00012701,0.0001,0.0001
2021-02-25,0.00022805,0.00031851,0.00020511
2021-02-26,0.00021516,0.00064056,0.00032398
2021-02-27,0.0001,0.00042411,0.0001
2021-02-28,0.00012481,0.00010053,0.0001972
2021-03-01,0.00034122,0.00012074,0.0001
2021-03-02,0.0001,0.0001,0.00011317
2021-03-03,0.0001,0.0001,0.0001
2021-03-04,0.0001,0.00026277,0.00050407
2021-03-05,0.00037494,0.00034036,0.00030382
2021-03-06,0.0001,0.0001,0.0001
2021-03-07,0.00057734,0.0001,0.0001
2021-03-08,0.00025651,0.00045688,0.00068732
2021-03-09,0.0007559,0.00034799,0.0001
2021-03-10,0.00066839,0.00098274,0.00156327
2021-03-11,0.00088895,0.00071848,0.00121412
2021-03-12,0.00154035,0.00104365,0.00119438
2021-03-13,0.00126643,0.0001,0.0001
2021-03-14,0.00079477,0.00160048,0.00219265
2021-03-15,0.0024382,0.00139698,0.00238273
2021-03-16,0.0013392,0.00070622,0.00017457
2021-03-17,0.0001,0.00010514,0.00048954
2021-03-18,0.00014106,0.0001,0.0001423
2021-03-19,0.00053701,0.00039537,0.00025119
2021-03-20,0.00013086,0.00011865,0.00033519
2021-03-21,0.000499,0.00090928,0.00148149
2021-03-22,0.00093116,0.00022791,0.00014209
2021-03-23,0.00079745,0.00105611,0.00043461
2021-03-24,0.0001,0.00012763,0.00048855
2021-03-25,0.0001,0.00020051,0.00011529
2021-03-26,0.0001,0.0001,0.0001
2021-03-27,0.0001,8.931e-05,0.0001
2021-03-28,0.0001,0.0001,0.0001
2021-03-29,0.0001,0.0001,0.00012422
2021-03-30,0.0001,0.00076013,0.00145824
2021-03-31,0.0013266,0.00129068,0.00113188
2021-04-01,0.00085359,0.00134013,0.00151269
2021-04-02,0.00101484,0.00058291,0.00122281
2021-04-03,0.00220331,0.00231996,0.00110637
2021-04-04,0.00118324,0.00130809,0.00125808
2021-04-05,0.0001,0.0001,0.00121909
2021-04-06,0.00060209,0.00035352,0.00098493
2021-04-07,0.00190543,0.00132814,0.00088002
2021-04-08,0.00094684,0.000244,0.0001
2021-04-09,0.0001,0.0001,0.0001
2021-04-10,0.0001,0.0001,0.00024632
2021-04-11,0.00130924,0.0015018,0.00082597
2021-04-12,0.00121195,0.00138785,0.00075963
2021-04-13,0.00133181,0.00129501,0.00070132
2021-04-14,0.00084073,0.00092534,0.00130419
2021-04-15,0.00240831,0.00215008,0.00086139
2021-04-16,0.00104972,0.00130503,0.00229683
2021-04-17,0.00316833,0.00094958,0.00024824
2021-04-18,0.00148701,0.00212858,0.00134703
2021-04-19,0.0001,0.0001,4.12e-05
2021-04-20,0.0001,0.0001,0.0001
2021-04-21,0.0001,0.0001,0.0001
2021-04-22,0.0001,0.0001,0.0001
2021-04-23,0.0001,0.00042056,0.00071194
2021-04-24,0.0001,0.0001,0.0001
2021-04-25,0.0001,0.0001,0.00026759
2021-04-26,0.0001,0.0001,-1.175e-05
2021-04-27,-0.00016641,0.0001,0.0001
2021-04-28,0.0001,7.971e-05,0.0001
2021-04-29,0.0001,0.0001,0.0001
2021-04-30,0.00045221,0.00028751,0.0001
2021-05-01,0.0001,0.0001,0.0001
2021-05-02,0.00049913,0.00050068,0.00067149
2021-05-03,0.00047935,0.00035011,0.00011935
2021-05-04,0.00060556,0.00085321,0.00030831
2021-05-05,0.00071057,0.000497,0.0005226
2021-05-06,0.0001,0.00022172,0.00073245
2021-05-07,0.00112562,0.00083697,0.00023332
2021-05-08,0.0001,0.00067305,0.00064811
2021-05-09,0.00061293,0.00022064,0.00039962
2021-05-10,0.00094243,0.00032855,0.00021739
2021-05-11,0.00147131,0.00135404,0.00010071
2021-05-12,0.00036738,0.0001,0.0001
2021-05-13,0.00069602,0.00079036,0.0001
2021-05-14,0.00034033,0.00041951,0.00061105
2021-05-15,0.00027201,0.00024585,0.00029638
2021-05-16,0.0001,0.00042417,0.00013743
2021-05-17,0.00037531,0.00037221,0.00040139
2021-05-18,0.00020039,0.00019122,0.0001
2021-05-19,0.00027203,0.00053728,0.00023685
2021-05-20,-0.00214698,0.0001,0.0001
2021-05-21,0.0001,0.0001,0.0001
2021-05-22,5.642e-05,0.0001,0.0001
2021-05-23,0.0001,0.0001,0.0001
2021-05-24,0.0001,0.0001,-0.00017184
2021-05-25,9.298e-05,0.0001,0.0001
2021-05-26,0.0001,0.0001,0.0001
2021-05-27,0.000128,0.0001,0.0001
2021-05-28,-0.00028991,0.0001,0.0001
2021-05-29,0.0001,0.0001,0.0001
2021-05-30,0.0001,0.0001,0.0001
2021-05-31,-3.493e-05,0.0001,0.0001
2021-06-01,-0.00058967,-0.00074536,0.0001
2021-06-02,0.0001,0.0001,0.0001
2021-06-03,0.0001,9.444e-05,0.0001
2021-06-04,0.0001,0.0001,0.00031586
2021-06-05,0.0001,0.0001,-9.007e-05
2021-06-06,0.0001,0.0001,0.0001
2021-06-07,0.0001,0.0001,9.052e-05
2021-06-08,0.0001,0.0001,-0.0002769
2021-06-09,-0.00027666,-0.00051037,-0.00080356
2021-06-10,-0.00139131,0.0001,0.0001
2021-06-11,0.0001,0.0001,0.0001
2021-06-12,0.0001,6.85e-05,0.0001
2021-06-13,0.0001,-0.00018028,-9.35e-06
2021-06-14,-0.0004321,0.0001,0.0001
2021-06-15,0.0001,0.0001,0.0001
2021-06-16,0.0001,0.0001,6.654e-05
2021-06-17,0.0001,0.0001,0.0001
2021-06-18,0.0001,0.0001,0.0001
2021-06-19,0.0001,0.0001,0.0001
2021-06-20,-9.787e-05,0.0001,0.0001
2021-06-21,0.0001,0.0001,0.0001
2021-06-22,7.007e-05,0.0001,8.113e-05
2021-06-23,-3.456e-05,-0.00045261,-3.63e-05
2021-06-24,6.343e-05,0.0001,0.0001
2021-06-25,-0.00037301,-0.00031365,0.0001
2021-06-26,0.0001,0.0001,0.0001
2021-06-27,-0.00029066,4.562e-05,-0.00066906
2021-06-28,-0.00075042,-0.00022276,-0.00010951
2021-06-29,0.0001,0.0001,0.0001
2021-06-30,-5.206e-05,0.0001,0.0001
2021-07-01,0.0001,0.0001,0.0001
2021-07-02,-9.475e-05,-3.695e-05,5.762e-05
2021-07-03,0.0001,5.019e-05,0.0001
2021-07-04,0.0001,-9.018e-05,-0.00046632
2021-07-05,-2.558e-05,8.952e-05,0.0001
2021-07-06,0.0001,-5.41e-06,2.487e-05
2021-07-07,-2.917e-05,8.648e-05,-0.00011344
2021-07-08,-0.0001164,0.0001,0.0001
2021-07-09,-1.437e-05,7.536e-05,-0.0001894
2021-07-10,-0.00020288,-4.231e-05,0.0001
2021-07-11,8.293e-05,-1.735e-05,0.0001
2021-07-12,-0.00019657,-0.00063439,-0.00031673
2021-07-13,0.0001,0.00024897,0.0001
2021-07-14,0.0001,0.0001,0.0001
2021-07-15,9.428e-05,-4.052e-05,0.0001
2021-07-16,0.0001,0.0001,0.0001
2021-07-17,0.0001,2.123e-05,0.0001
2021-07-18,0.0001,0.0001,0.0001
2021-07-19,0.0001,0.0001,-3.985e-05
2021-07-20,0.0001,0.0001,0.0001
2021-07-21,-0.00017541,5.993e-05,-0.00033553
2021-07-22,-6.916e-05,-0.00010701,-0.00035493
2021-07-23,-0.0002891,-0.0001221,-0.00052079
2021-07-24,-3.931e-05,-0.00013545,-0.00039369
2021-07-25,-0.00052115,-0.00083837,-0.00104019
2021-07-26,-0.00045135,-0.00063889,0.00010439
2021-07-27,0.0001,0.0001,0.0001
2021-07-28,0.0001,4.671e-05,0.0001
2021-07-29,0.0001,0.0001,9.118e-05
2021-07-30,0.0001,0.0001,0.0001
2021-07-31,0.0001,0.0001,0.0001
2021-08-01,0.0001,0.0001,0.0001
2021-08-02,0.0001,0.0001,0.0001
2021-08-03,0.0001,0.0001,0.0001
2021-08-04,0.0001,0.0001,0.0001
2021-08-05,0.0001,-7.755e-05,0.0001
2021-08-06,0.0001,0.0001,0.0001
2021-08-07,0.0001,0.0001,5.418e-05
2021-08-08,0.0001,0.0001,0.0001
2021-08-09,0.0001,0.0001,0.0001
2021-08-10,0.0001,0.0001,0.0001
2021-08-11,0.00011678,0.0001,0.0001
2021-08-12,0.0001,0.0001,0.0001
2021-08-13,0.0001,0.0002463,0.0001
2021-08-14,-1.027e-05,0.0001,0.0001
2021-08-15,0.00012532,0.0001,0.0001
2021-08-16,0.0003562,0.00020857,0.0001
2021-08-17,0.0001,0.00029516,0.00010737
2021-08-18,0.0001,0.00032726,0.00034051
2021-08-19,0.0001,0.0001,0.00021109
2021-08-20,0.0001,0.0001,0.0001
2021-08-21,0.0001,0.0001,0.0001
2021-08-22,0.0001,0.0001,0.0001
2021-08-23,0.0001,0.0001,-0.00034776
2021-08-24,-0.00026691,0.00023887,0.0001
2021-08-25,0.00022975,0.00084837,0.0006916
2021-08-26,0.00021644,7.611e-05,0.0001
2021-08-27,0.00031777,0.00055352,0.0001273
2021-08-28,0.0001,0.0001,0.0001
2021-08-29,0.0001,0.0001,0.00014431
2021-08-30,0.00024224,0.0001,0.000257
2021-08-31,0.00085102,0.00047045,0.0008344
2021-09-01,0.0001,0.00068342,0.00069875
2021-09-02,0.0001,0.0001,0.0001
2021-09-03,0.0001,0.00047347,0.00040884
2021-09-04,0.0001,0.0001,0.00012936
2021-09-05,0.00016378,0.00030069,0.00037759
2021-09-06,0.0001,-0.00035887,-0.00094679
2021-09-07,0.0001,0.0001,0.0001
2021-09-08,0.00064835,0.0001,0.0001
2021-09-09,0.0001,0.0001,0.0001
2021-09-10,0.0001,0.0001,0.0001
2021-09-11,0.0001,0.0001,0.0001
2021-09-12,0.0001,0.0001,0.0001
2021-09-13,0.0001,0.0001,0.00048167
2021-09-14,0.00027303,0.0001,0.0001
2021-09-15,-8.282e-05,-0.00024889,-0.00016216
2021-09-16,-0.00051931,-0.00033315,-0.0003025
2021-09-17,0.0001,0.0001,0.0001
2021-09-18,0.0001,0.0001,-0.00013281
2021-09-19,-0.0002134,0.0001,0.0001
2021-09-20,0.0001,0.0001,0.0001
2021-09-21,0.0001,0.0001,-0.00017869
2021-09-22,-0.00011803,0.0001,-7.806e-05
2021-09-23,-8.836e-05,-0.00021599,3.415e-05
2021-09-24,-0.00029959,-0.00029067,-0.00013683
2021-09-25,0.0001,0.0001,0.0001
2021-09-26,0.0001,0.0001,0.0001
2021-09-27,0.0001,8.575e-05,-0.0001172
2021-09-28,0.0001,0.0001,0.0001
2021-09-29,0.0001,0.0001,1.754e-05
2021-09-30,-5.022e-05,0.0001,-0.00042866
2021-10-01,-8.911e-05,-7.744e-05,-0.00036276
2021-10-02,-0.00014774,2.795e-05,0.0001
2021-10-03,0.0001,0.0001,0.0001
2021-10-04,0.0001,0.0001,0.0001
2021-10-05,0.0001,-0.00010431,-0.00040866
2021-10-06,-0.00040482,-0.00019354,0.0001
2021-10-07,0.0001,0.0001,0.00036266
2021-10-08,0.00092483,0.00080586,0.00061237
2021-10-09,0.00045667,0.00030291,0.0002588
2021-10-10,0.0001371,0.0001,0.00017559
2021-10-11,0.00039246,0.0001647,0.0001
2021-10-12,0.0001,0.0001,0.0001
2021-10-13,0.0001539,0.00022067,0.0001
2021-10-14,0.0001,0.0001,0.0001
2021-10-15,0.00022649,0.00019136,0.0001
2021-10-16,0.0001,0.00043679,0.00067696
2021-10-17,0.00112605,0.00088118,0.0008968
2021-10-18,0.00076828,0.00059191,0.0001
2021-10-19,0.0001,0.0001,0.00014249
2021-10-20,0.00035308,0.00012386,0.00020939
2021-10-21,0.00081846,0.00139719,0.00166962
2021-10-22,0.00126606,0.00089206,0.00080471
2021-10-23,0.00024024,0.0004713,0.00036422
2021-10-24,0.00020347,0.00032696,0.00074076
2021-10-25,0.0008474,0.0006423,0.00034959
2021-10-26,0.0001,0.00020487,0.00050968
2021-10-27,0.00058641,0.00069396,0.00055144
2021-10-28,0.00078907,0.00065339,0.00044528
2021-10-29,0.0001,0.00046644,0.00057802
2021-10-30,0.00015068,0.0001,0.0004836
2021-10-31,0.00049816,0.00025089,0.00034263
2021-11-01,0.00094655,0.00077747,0.00030418
2021-11-02,0.00046992,0.00038595,0.00048203
2021-11-03,0.00019522,0.00069439,0.00083608
2021-11-04,0.00070594,0.00068422,0.00084095
2021-11-05,0.00082663,0.00071158,0.00028537
2021-11-06,0.00038392,0.00095084,0.00103039
2021-11-07,0.0008972,0.00044871,0.0001
2021-11-08,0.00013249,0.0001,0.0001
2021-11-09,0.0001,0.0001,0.00024803
2021-11-10,0.00043182,0.00048949,0.00064863
2021-11-11,0.00068919,0.00027595,0.00017559
2021-11-12,0.0001,0.0001,0.00029265
2021-11-13,0.00039226,0.00027188,0.00018203
2021-11-14,0.00018784,0.0001,0.0001
2021-11-15,0.0001,0.00017267,0.0001
2021-11-16,0.00025064,0.00070974,0.00067888
2021-11-17,0.00046822,0.00020102,0.00020795
2021-11-18,0.0001,0.0001,0.0001
2021-11-19,0.00044016,0.00056097,0.0004462
2021-11-20,0.00014983,0.0001,0.0001
2021-11-21,0.00015243,0.0001853,0.00019204
2021-11-22,0.00016162,0.0001,0.00018017
2021-11-23,0.00024461,0.00010012,0.0001
2021-11-24,0.0001,0.0001,0.0001
2021-11-25,0.00030302,0.00023896,0.0002399
2021-11-26,0.00022047,0.00011217,0.00035864
2021-11-27,0.0006339,0.00077109,0.00045236
2021-11-28,0.0001,0.0001,0.00038515
2021-11-29,0.0002569,0.00018488,0.0001
2021-11-30,0.0001,0.0001,0.0001
2021-12-01,0.0001,0.0001,0.00047503
2021-12-02,0.00026917,0.0001,0.0001
2021-12-03,0.00040548,0.00011867,0.00031547
2021-12-04,0.00044607,0.00019174,0.0001
2021-12-05,0.0001,9.198e-05,4.989e-05
2021-12-06,3.123e-05,0.0001,0.0001
2021-12-07,0.0001,0.0001,2.962e-05
2021-12-08,-6.741e-05,0.0001,0.0001
2021-12-09,0.0001,0.0001,0.0001
2021-12-10,0.0001,0.0001,0.0001
2021-12-11,0.0001,0.0001,0.0001
2021-12-12,0.0001,0.0001,0.0001
2021-12-13,0.0001,0.0001,8.1e-06
2021-12-14,0.0001,-4.231e-05,-3.646e-05
2021-12-15,7.01e-05,0.0001,0.0001
2021-12-16,0.0001,0.0001,0.0001
2021-12-17,0.0001,0.0001,0.0001
2021-12-18,0.0001,0.0001,0.0001
2021-12-19,0.0001,0.0001,0.0001
2021-12-20,0.0001,0.0001,0.0001
2021-12-21,0.0001,0.0001,0.0001
2021-12-22,0.0001,0.0001,0.0001
2021-12-23,0.0001,0.0001,0.0001
2021-12-24,0.0001,0.0001,0.0001
2021-12-25,0.0001,0.0001,0.0001
2021-12-26,0.0001,0.0001,0.0001
2021-12-27,0.0001,0.0001,0.0001
2021-12-28,0.0001,0.0001,0.0001
2021-12-29,0.0001,0.0001,0.0001
2021-12-30,0.0001,0.0001,0.0001
2021-12-31,0.0001,0.0001,0.0001
2022-01-01,0.0001,0.0001,0.0001
2022-01-02,0.0001,0.0001,0.0001
2022-01-03,0.0001,0.0001,0.0001
2022-01-04,0.0001,0.0001,0.0001
2022-01-05,0.0001,0.0001,0.0001
2022-01-06,0.0001,0.0001,0.0001
2022-01-07,0.0001,0.0001,0.0001
2022-01-08,0.0001,0.0001,0.0001
2022-01-09,0.0001,0.0001,0.0001
2022-01-10,0.0001,0.0001,0.0001
2022-01-11,0.0001,0.0001,8.221e-05
2022-01-12,0.0001,-2.945e-05,0.0001
2022-01-13,-0.00014544,9.117e-05,0.0001
2022-01-14,0.0001,0.0001,0.0001
2022-01-15,0.0001,6.753e-05,0.0001
2022-01-16,0.0001,4.27e-05,0.0001
2022-01-17,0.0001,0.0001,0.0001
2022-01-18,0.0001,0.0001,0.0001
2022-01-19,0.0001,0.0001,0.0001
2022-01-20,0.0001,0.0001,0.0001
2022-01-21,0.0001,0.0001,0.0001
2022-01-22,0.0001,0.0001,4.864e-05
2022-01-23,-4.929e-05,0.0001,6.928e-05
2022-01-24,6.391e-05,0.0001,0.0001
2022-01-25,0.0001,-0.0001063,0.0001
2022-01-26,-8.18e-05,-0.00025298,-0.00011039
2022-01-27,-0.00016526,4.393e-05,-0.00019785
2022-01-28,-4.744e-05,0.0001,-8.549e-05
2022-01-29,0.0001,-0.00032025,4.215e-05
2022-01-30,-7.754e-05,-0.00012614,4.287e-05
2022-01-31,6.852e-05,2.097e-05,-6.998e-05
2022-02-01,-0.0001987,-0.00059476,-1.712e-05
2022-02-02,1.556e-05,-2.667e-05,0.0001
2022-02-03,6.713e-05,0.0001,2.5e-07
2022-02-04,-0.00016891,0.0001,-0.00041531
2022-02-05,8.341e-05,-5.458e-05,0.0001
2022-02-06,3.038e-05,-5.347e-05,-1.399e-05
2022-02-07,-7.551e-05,-0.00017215,-0.0001405
2022-02-08,-5.259e-05,4.451e-05,0.0001
2022-02-09,0.0001,0.0001,-3.932e-05
2022-02-10,0.0001,-2.443e-05,-0.00010229
2022-02-11,9.616e-05,2.688e-05,0.0001
2022-02-12,-4.905e-05,0.0001,0.0001
2022-02-13,0.0001,0.0001,0.0001
2022-02-14,-6.325e-05,0.0001,0.0001
2022-02-15,0.0001,0.0001,-0.00014888
2022-02-16,0.0001,0.0001,0.0001
2022-02-17,0.0001,0.0001,0.0001
2022-02-18,0.0001,0.0001,0.0001
2022-02-19,4.124e-05,0.0001,0.0001
2022-02-20,0.0001,0.0001,0.0001
2022-02-21,3.94e-06,3.534e-05,8.298e-05
2022-02-22,-0.00016653,6.74e-06,6.358e-05
2022-02-23,-0.00022392,-0.000165,-7.834e-05
2022-02-24,-0.00016121,0.0001,-0.00027387
2022-02-25,-3.408e-05,5.271e-05,6.724e-05
2022-02-26,7.847e-05,-6.366e-05,0.0001
2022-02-27,-4.07e-05,-6.614e-05,-2.734e-05
2022-02-28,-2.5e-06,-0.00021537,-0.00013808
2022-03-01,-4.209e-05,9.464e-05,0.0001
2022-03-02,8.333e-05,-0.00010436,0.0001
2022-03-03,0.0001,8.451e-05,0.0001
2022-03-04,0.0001,0.0001,0.0001
2022-03-05,0.0001,9.305e-05,-2.498e-05
2022-03-06,-3.877e-05,-0.00012523,-1.93e-06
2022-03-07,9.72e-05,0.0001,0.0001
2022-03-08,-0.00014639,0.0001,0.0001
2022-03-09,0.0001,0.0001,-4.42e-06
2022-03-10,0.0001,0.0001,0.0001
2022-03-11,-6.508e-05,1.125e-05,4.275e-05
2022-03-12,6.418e-05,0.0001,0.0001
2022-03-13,0.0001,-3.731e-05,-1.752e-05
2022-03-14,0.0001,0.0001,0.0001
2022-03-15,0.0001,0.0001,0.0001
2022-03-16,3.34e-05,0.0001,-1.052e-05
2022-03-17,-2.098e-05,0.0001,0.0001
2022-03-18,0.0001,0.0001,-0.00015262
2022-03-19,0.0001,6.868e-05,0.0001
2022-03-20,0.0001,1.245e-05,0.0001
2022-03-21,0.0001,0.0001,0.0001
2022-03-22,9.647e-05,-2.881e-05,0.0001
2022-03-23,6.31e-06,0.0001,9.503e-05
2022-03-24,5.813e-05,6.19e-06,-0.00013062
2022-03-25,1.617e-05,-0.00016285,2.951e-05
2022-03-26,-0.00030076,0.0001,-0.00030897
2022-03-27,0.0001,-0.00023069,-0.00011119
2022-03-28,8.604e-05,-6.406e-05,0.0001
2022-03-29,-3.025e-05,5.502e-05,0.0001
2022-03-30,-2.96e-05,0.0001,0.0001
2022-03-31,0.0001,4.928e-05,0.0001
2022-04-01,0.0001,0.0001,0.0001
2022-04-02,2.256e-05,0.0001,0.0001
2022-04-03,0.0001,0.0001,0.0001
2022-04-04,0.0001,0.0001,0.0001
2022-04-05,0.0001,0.0001,0.0001
2022-04-06,0.0001,0.0001,0.0001
2022-04-07,0.0001,0.0001,0.0001
2022-04-08,0.0001,0.0001,0.0001
2022-04-09,0.0001,0.0001,0.0001
2022-04-10,0.0001,0.0001,-1.954e-05
2022-04-11,0.0001,-3.598e-05,0.0001
2022-04-12,0.0001,5.925e-05,-0.00020802
2022-04-13,-4.979e-05,0.0001,-0.00012295
2022-04-14,0.0001,9.945e-05,6.011e-05
2022-04-15,0.0001,3.357e-05,-7.962e-05
2022-04-16,0.0001,8.138e-05,1.418e-05
2022-04-17,6.507e-05,0.0001,5.107e-05
2022-04-18,-5.359e-05,0.0001,-0.00017139
2022-04-19,-4.291e-05,0.0001,7.034e-05
2022-04-20,-2.955e-05,0.0001,-1.088e-05
2022-04-21,-2.6e-07,0.0001,-0.00014831
2022-04-22,-0.00011077,0.0001,-0.00025078
2022-04-23,0.0001,1.058e-05,-0.0001241
2022-04-24,-5.571e-05,7.53e-06,-0.00011916
2022-04-25,0.0001,-9.507e-05,7.912e-05
2022-04-26,3.481e-05,0.0001,0.0001
2022-04-27,0.0001,4.173e-05,-7e-07
2022-04-28,-7.427e-05,0.0001,-0.0001296
2022-04-29,0.0001,0.0001,0.0001
2022-04-30,6.625e-05,-6.815e-05,-0.00013118
2022-05-01,0.0001,8.961e-05,7.556e-05
2022-05-02,2.844e-05,6.477e-05,-4.916e-05
2022-05-03,0.0001,0.0001,0.0001
2022-05-04,0.0001,0.0001,8.784e-05
2022-05-05,5.653e-05,0.0001,0.0001
2022-05-06,0.0001,-0.00011392,4.57e-06
2022-05-07,8.05e-05,6.986e-05,8.675e-05
2022-05-08,3.16e-05,0.0001,0.0001
2022-05-09,0.0001,0.0001,0.0001
2022-05-10,0.0001,0.0001,0.0001
2022-05-11,0.0001,0.0001,0.0001
2022-05-12,5.857e-05,2.731e-05,-0.00064305
2022-05-13,-0.00049125,-2.668e-05,-0.00018196
2022-05-14,4.581e-05,1.241e-05,3.175e-05
2022-05-15,3.655e-05,-7.407e-05,5.566e-05
2022-05-16,2.522e-05,0.0001,0.0001
2022-05-17,-0.00012034,0.0001,-0.00015301
2022-05-18,1.298e-05,-0.00015334,6.097e-05
2022-05-19,-0.00015947,9.87e-05,-9.779e-05
2022-05-20,-0.00010743,0.0001,0.0001
2022-05-21,0.0001,9.283e-05,-0.00011023
2022-05-22,0.0001,-1.093e-05,-3.367e-05
2022-05-23,0.0001,8.98e-05,7.361e-05
2022-05-24,0.0001,0.0001,-7.92e-06
2022-05-25,9.211e-05,1.547e-05,7.881e-05
2022-05-26,0.0001,0.0001,0.0001
2022-05-27,0.0001,7.478e-05,0.0001
2022-05-28,0.0001,0.0001,-2.573e-05
2022-05-29,0.0001,6.084e-05,0.0001
2022-05-30,0.0001,0.0001,-9.447e-05
2022-05-31,0.0001,3.659e-05,0.0001
2022-06-01,0.0001,0.0001,0.0001
2022-06-02,0.0001,8.218e-05,-4.305e-05
2022-06-03,-0.00014957,1.431e-05,-7.9e-05
2022-06-04,0.0001,8.266e-05,2.361e-05
2022-06-05,3.614e-05,1.521e-05,0.0001
2022-06-06,5.579e-05,2.012e-05,-1.767e-05
2022-06-07,1.18e-05,0.0001,9.565e-05
2022-06-08,-7.631e-05,0.0001,0.0001
2022-06-09,0.0001,0.0001,0.0001
2022-06-10,0.0001,0.0001,0.0001
2022-06-11,7.236e-05,0.0001,-4.366e-05
2022-06-12,0.0001,0.0001,5.064e-05
2022-06-13,8.506e-05,0.0001,-7.714e-05
2022-06-14,0.0001,0.0001,-0.00014081
2022-06-15,0.0001,-3.143e-05,8.887e-05
2022-06-16,-0.0001,0.0001,-0.00011241
2022-06-17,7.931e-05,-8.9e-06,-0.00011989
2022-06-18,0.0001,0.0001,0.0001
2022-06-19,-0.00016071,0.0001,-3.449e-05
2022-06-20,-0.00011584,0.0001,5.24e-05
2022-06-21,4.988e-05,0.0001,0.0001
2022-06-22,-1.328e-05,0.0001,9.57e-05
2022-06-23,-5.71e-06,1.773e-05,-5.576e-05
2022-06-24,-9.26e-06,0.0001,4.71e-05
2022-06-25,0.0001,5.37e-05,8.783e-05
2022-06-26,0.0001,3.049e-05,7.86e-05
2022-06-27,6.795e-05,8.947e-05,-2.459e-05
2022-06-28,9.116e-05,-7.658e-05,-9.09e-05
2022-06-29,6.508e-05,0.0001,0.0001
2022-06-30,9.593e-05,-1.677e-05,-2.749e-05
2022-07-01,-0.00021249,4.189e-05,-7.244e-05
2022-07-02,4.1e-06,-4.552e-05,0.0001
2022-07-03,-7.07e-06,5.585e-05,6.808e-05
2022-07-04,4.263e-05,0.0001,-0.00010662
2022-07-05,-3.649e-05,2.588e-05,0.0001
2022-07-06,5.699e-05,0.0001,0.0001
2022-07-07,4.184e-05,0.0001,9.38e-05
2022-07-08,-0.00020743,0.0001,0.0001
2022-07-09,0.0001,0.0001,0.0001
2022-07-10,0.0001,0.0001,0.0001
2022-07-11,0.0001,0.0001,4.144e-05
2022-07-12,0.0001,0.0001,0.0001
2022-07-13,7.023e-05,-4.334e-05,1.6e-06
2022-07-14,3.004e-05,5.107e-05,0.0001
2022-07-15,4.145e-05,5.113e-05,3.059e-05
2022-07-16,8.893e-05,0.0001,9.035e-05
2022-07-17,0.0001,0.0001,0.0001
2022-07-18,0.0001,0.0001,0.0001
2022-07-19,0.0001,0.0001,0.0001
2022-07-20,0.0001,0.0001,0.0001
2022-07-21,0.0001,0.0001,0.0001
2022-07-22,0.0001,9.924e-05,8.25e-05
2022-07-23,0.0001,6.429e-05,0.0001
2022-07-24,0.0001,9.201e-05,0.0001
2022-07-25,0.0001,0.0001,2.443e-05
2022-07-26,0.0001,9.394e-05,0.0001
2022-07-27,5.271e-05,3.759e-05,-1.336e-05
2022-07-28,5.351e-05,0.0001,0.0001
2022-07-29,0.0001,0.0001,0.0001
2022-07-30,0.0001,0.0001,7.52e-05
2022-07-31,0.0001,0.0001,9.467e-05
2022-08-01,0.0001,0.0001,5.215e-05
2022-08-02,0.0001,0.0001,4.102e-05
2022-08-03,2.956e-05,-3.168e-05,-3.547e-05
2022-08-04,-4.027e-05,-5.024e-05,0.0001
2022-08-05,4.211e-05,-1.016e-05,0.0001
2022-08-06,0.0001,4.177e-05,0.0001
2022-08-07,0.0001,0.0001,4.166e-05
2022-08-08,6.174e-05,-8.578e-05,-1.892e-05
2022-08-09,0.0001,0.0001,0.0001
2022-08-10,0.0001,0.0001,0.0001
2022-08-11,0.0001,0.0001,0.0001
2022-08-12,0.0001,0.0001,0.0001
2022-08-13,0.0001,0.0001,0.0001
2022-08-14,0.0001,0.0001,0.0001
2022-08-15,0.0001,0.0001,0.0001
2022-08-16,0.0001,0.0001,0.0001
2022-08-17,0.0001,0.0001,0.0001
2022-08-18,0.0001,0.0001,2.591e-05
2022-08-19,0.0001,0.0001,1.981e-05
2022-08-20,7.325e-05,-0.00010208,-8.407e-05
2022-08-21,-3.307e-05,-8.71e-05,-7.817e-05
2022-08-22,-0.00012187,-2.536e-05,-1.974e-05
2022-08-23,-3.888e-05,-3.496e-05,3.134e-05
2022-08-24,1.27e-05,-2.743e-05,-8.491e-05
2022-08-25,-3.609e-05,-1.316e-05,0.0001
2022-08-26,7.881e-05,0.0001,0.0001
2022-08-27,9.776e-05,-2.791e-05,4.68e-05
2022-08-28,7.514e-05,1.835e-05,2.69e-05
2022-08-29,-2.107e-05,-0.00012872,-0.00010156
2022-08-30,2.295e-05,9.14e-06,7.029e-05
2022-08-31,7.635e-05,1.027e-05,2.156e-05
2022-09-01,6.267e-05,6.768e-05,0.0001
2022-09-02,0.0001,0.0001,2.906e-05
2022-09-03,3.025e-05,0.0001,0.0001
2022-09-04,0.0001,0.0001,0.0001
2022-09-05,5.376e-05,0.0001,0.0001
2022-09-06,0.0001,7.048e-05,6.524e-05
2022-09-07,0.0001,0.0001,-3.055e-05
2022-09-08,-6.166e-05,8.242e-05,7.268e-05
2022-09-09,4.587e-05,-0.00011025,-0.00015318
2022-09-10,-8.964e-05,-9.14e-06,0.0001
2022-09-11,4.42e-06,2.06e-05,-5.103e-05
2022-09-12,-0.00012697,-4.087e-05,-0.00010085
2022-09-13,-3.721e-05,4.252e-05,0.0001
2022-09-14,0.0001,5.483e-05,-8.62e-06
2022-09-15,3.868e-05,9.994e-05,-1.653e-05
2022-09-16,0.0001,4.37e-05,3.118e-05
2022-09-17,6.904e-05,-1.74e-06,1.48e-05
2022-09-18,3.252e-05,8.301e-05,0.0001
2022-09-19,0.0001,-2.09e-06,-7.589e-05
2022-09-20,5.022e-05,1.506e-05,9.431e-05
2022-09-21,0.0001,7.607e-05,1.516e-05
2022-09-22,-4.847e-05,-9.459e-05,1.717e-05
2022-09-23,1.496e-05,-3.749e-05,3.188e-05
2022-09-24,1.908e-05,3.276e-05,5.797e-05
2022-09-25,0.0001,2.737e-05,2.898e-05
2022-09-26,3.519e-05,9.879e-05,1.016e-05
2022-09-27,-2.284e-05,-6.784e-05,-3.419e-05
2022-09-28,3.444e-05,1.325e-05,2.074e-05
2022-09-29,-4.804e-05,-2.209e-05,4.184e-05
2022-09-30,3.601e-05,0.0001,1.95e-05
2022-10-01,9.899e-05,0.0001,0.0001
2022-10-02,0.0001,4.954e-05,0.0001
2022-10-03,8.576e-05,0.0001,0.0001
2022-10-04,1.215e-05,-5.25e-06,-0.00012187
2022-10-05,-6.701e-05,1.471e-05,6.623e-05
2022-10-06,4.654e-05,-3.424e-05,0.0001
2022-10-07,0.0001,0.0001,0.0001
2022-10-08,0.0001,0.0001,0.0001
2022-10-09,8.493e-05,5.543e-05,4.58e-06
2022-10-10,0.0001,0.0001,0.0001
2022-10-11,0.0001,0.0001,0.0001
2022-10-12,0.0001,0.0001,0.0001
2022-10-13,7.248e-05,0.0001,0.0001
2022-10-14,-2.655e-05,-4.4e-07,3.467e-05
2022-10-15,0.0001,8.506e-05,7.789e-05
2022-10-16,8.867e-05,5.522e-05,1.462e-05
2022-10-17,6.233e-05,0.0001,-6.329e-05
2022-10-18,4.257e-05,3.258e-05,3.261e-05
2022-10-19,0.0001,0.0001,0.0001
2022-10-20,0.0001,0.0001,0.0001
2022-10-21,0.0001,0.0001,0.0001
2022-10-22,4.43e-06,-5.87e-06,-5.909e-05
2022-10-23,6.36e-06,-2.399e-05,6.019e-05
2022-10-24,-1.02e-05,7.201e-05,4.289e-05
2022-10-25,2.585e-05,9.32e-06,-8.074e-05
2022-10-26,-0.0002228,-6.514e-05,-7.27e-06
2022-10-27,-4.945e-05,-7.82e-05,1.722e-05
2022-10-28,-7.5e-07,3.124e-05,1.22e-05
2022-10-29,4.921e-05,2.896e-05,3.414e-05
2022-10-30,-3.045e-05,-1.171e-05,-1.97e-06
2022-10-31,1.346e-05,4.618e-05,6.003e-05
2022-11-01,6.1e-07,-7.105e-05,3.047e-05
2022-11-02,6.306e-05,2.412e-05,5.665e-05
2022-11-03,7.337e-05,-2.029e-05,6.498e-05
2022-11-04,4.4e-05,-9.663e-05,-0.00011263
2022-11-05,-2.33e-05,-0.00017016,2.445e-05
2022-11-06,-2.33e-05,8.92e-06,5.65e-05
2022-11-07,9.657e-05,0.0001,0.0001
2022-11-08,8.265e-05,8.615e-05,8.632e-05
2022-11-09,-0.00013242,-5.53e-05,-0.00011464
2022-11-10,-0.00072479,-0.00090728,-0.0005293
2022-11-11,-0.00045079,-0.00023665,-0.00023126
2022-11-12,-6.05e-05,-6.859e-05,-0.00023166
2022-11-13,-0.00024885,-0.00044079,0.0001
2022-11-14,0.0001,0.0001,-8.397e-05
2022-11-15,9.19e-06,-0.00037155,-0.00036679
2022-11-16,-0.00049718,-0.0003861,-3.357e-05
2022-11-17,-0.00011015,-0.00021659,-0.00043963
2022-11-18,-0.00078386,-0.00011694,0.0001
2022-11-19,0.0001,0.0001,2.644e-05
2022-11-20,-0.00011447,-4.416e-05,4.894e-05
2022-11-21,0.0001,0.0001,0.0001
2022-11-22,-0.00012841,0.0001,-4.299e-05
2022-11-23,4.463e-05,-0.00031843,-0.00041738
2022-11-24,-0.00010098,-0.00033361,-4.314e-05
2022-11-25,-0.00013314,4.307e-05,-0.00016923
2022-11-26,-9.822e-05,-0.00028792,-0.00016621
2022-11-27,4.987e-05,-8.743e-05,-0.00014055
2022-11-28,-9.912e-05,0.0001,-0.0001755
2022-11-29,9.429e-05,3.629e-05,-8.526e-05
2022-11-30,1.048e-05,-6.76e-06,0.0001
2022-12-01,-0.00018601,-0.00030662,-9.57e-05
2022-12-02,0.0001,0.0001,4.769e-05
2022-12-03,-0.00011683,-0.00010381,0.0001
2022-12-04,0.0001,8.482e-05,6.685e-05
2022-12-05,-0.00010183,-0.00030041,-0.00026486
2022-12-06,0.0001,0.0001,9.862e-05
2022-12-07,9.301e-05,0.0001,0.0001
2022-12-08,-6.29e-06,-8.519e-05,-2.65e-05
2022-12-09,-0.0003213,-0.00019539,-7.354e-05
2022-12-10,-3.7e-05,-4.695e-05,-3.214e-05
2022-12-11,-0.00024822,-7.33e-05,-7.369e-05
2022-12-12,1.826e-05,7.832e-05,-5.78e-05
2022-12-13,-0.0002016,-0.00022398,-0.00038555
2022-12-14,-0.00032917,3.926e-05,-0.00023733
2022-12-15,-0.0006066,-0.00014548,-6.123e-05
2022-12-16,0.0001,-0.00019453,-7.165e-05
2022-12-17,0.0001,0.0001,9.731e-05
2022-12-18,9.656e-05,5.52e-05,5.37e-06
2022-12-19,7.116e-05,-4.437e-05,3.085e-05
2022-12-20,0.0001,0.0001,6.004e-05
2022-12-21,6.598e-05,0.0001,0.0001
2022-12-22,0.0001,7.265e-05,0.0001
2022-12-23,0.0001,0.0001,0.0001
2022-12-24,0.0001,0.0001,0.0001
2022-12-25,0.0001,0.0001,0.0001
2022-12-26,0.0001,4.361e-05,9.139e-05
2022-12-27,0.0001,8.357e-05,0.0001
2022-12-28,0.0001,0.0001,0.0001
2022-12-29,0.0001,0.0001,0.0001
2022-12-30,0.0001,0.0001,0.0001
2022-12-31,0.00014457,0.0003689,0.00035736
2023-01-01,0.00024639,0.0003643,0.00019145
2023-01-02,0.0001,0.0001,0.0001
2023-01-03,0.0001,0.0001,0.0001
2023-01-04,0.0001,0.0001,0.0001
2023-01-05,6.612e-05,3.569e-05,0.0001
2023-01-06,-3.394e-05,8.281e-05,0.0001
2023-01-07,5.82e-06,2.609e-05,0.0001
2023-01-08,0.0001,0.0001,0.0001
2023-01-09,0.0001,-0.00011396,-0.00021
2023-01-10,-0.00015672,1.103e-05,-0.00017739
2023-01-11,-0.0004199,-0.00016625,1.701e-05
2023-01-12,-0.00025655,-0.00019061,-1.809e-05
2023-01-13,-0.00035608,-0.00042722,-0.00029924
2023-01-14,-0.00045309,0.0001,0.0001
2023-01-15,0.0001,0.0001,0.0001
2023-01-16,0.0001,0.0001,0.0001
2023-01-17,0.0001,0.0001,0.0001
2023-01-18,-9.82e-05,0.0001,1.262e-05
2023-01-19,0.0001,0.0001,-1.471e-05
2023-01-20,-0.00018378,-1.235e-05,9.14e-06
2023-01-21,9.66e-06,0.0001,0.0001
2023-01-22,0.0001,0.0001,0.0001
2023-01-23,0.0001,0.0001,0.0001
2023-01-24,0.0001,0.0001,0.0001
2023-01-25,0.0001,0.0001,0.0001
2023-01-26,0.0001,0.0001,0.0001
2023-01-27,0.0001,0.0001,0.0001
2023-01-28,0.0001,0.0001,0.0001
2023-01-29,0.0001,0.0001,0.0001
2023-01-30,0.0001,0.0001,0.0001
2023-01-31,0.0001,0.0001,0.0001
2023-02-01,0.0001,0.0001,0.0001
2023-02-02,0.0001,0.0001,0.0001
2023-02-03,0.0001,0.0001,0.0001
2023-02-04,0.0001,0.0001,0.0001
2023-02-05,0.0001,0.0001,0.0001
2023-02-06,0.0001,0.0001,0.0001
2023-02-07,0.0001,0.0001,0.0001
2023-02-08,0.0001,0.0001,0.0001
2023-02-09,0.0001,0.0001,5.169e-05
2023-02-10,0.0001,0.0001,0.0001
2023-02-11,0.0001,5.648e-05,0.0001
2023-02-12,0.0001,0.0001,0.0001
2023-02-13,3.235e-05,0.0001,0.0001
2023-02-14,0.0001,0.0001,0.0001
2023-02-15,1.311e-05,5.8e-07,7.91e-06
2023-02-16,0.0001,0.0001,0.00014868
2023-02-17,0.0001,0.0001,0.0001
2023-02-18,0.0001,0.0001,0.0001
2023-02-19,0.0001,0.0001,0.0001
2023-02-20,0.0001,0.0001,0.0001
2023-02-21,0.0001,0.0001,0.0001
2023-02-22,0.0001,0.0001,0.0001
2023-02-23,0.0001,0.0001,0.0001
2023-02-24,0.0001,0.0001,0.0001
2023-02-25,0.0001,0.0001,0.0001
2023-02-26,0.0001,0.0001,0.0001
2023-02-27,0.0001,0.0001,0.0001
2023-02-28,0.0001,0.0001,0.0001
2023-03-01,0.0001,0.0001,0.0001
2023-03-02,0.0001,0.0001,0.0001
2023-03-03,0.0001,0.0001,0.0001
2023-03-04,0.0001,5.761e-05,2.137e-05
2023-03-05,0.0001,3.899e-05,0.0001
2023-03-06,3.621e-05,-8.53e-06,3.329e-05
2023-03-07,3.018e-05,3.779e-05,0.0001
2023-03-08,0.0001,5.819e-05,0.0001
2023-03-09,0.0001,0.0001,0.0001
2023-03-10,0.0001,2.191e-05,5.194e-05
2023-03-11,7.963e-05,2.727e-05,0.0001
2023-03-12,0.0001,0.0001,9.121e-05
2023-03-13,0.0001,-2.81e-05,0.0001
2023-03-14,0.00012226,0.0001,0.0001
2023-03-15,0.0001,0.0001719,0.0001
2023-03-16,0.0001,0.0001,0.0001
2023-03-17,0.0001,0.0001,0.0001
2023-03-18,0.0001,0.0001,0.0001
2023-03-19,0.0001,0.0001,0.0001
2023-03-20,0.0001,0.0001,0.0001
2023-03-21,0.0001,3.085e-05,7.882e-05
2023-03-22,-7.95e-06,6.154e-05,6.755e-05
2023-03-23,-8.95e-06,8.682e-05,0.0001
2023-03-24,0.0001,0.0001,6.691e-05
2023-03-25,0.0001,0.0001,3.954e-05
2023-03-26,2.751e-05,-4.2e-05,4.325e-05
2023-03-27,7.762e-05,9.65e-06,4.464e-05
2023-03-28,1.868e-05,8.063e-05,0.0001
2023-03-29,-5.442e-05,-1.909e-05,0.0001
2023-03-30,0.0001,0.0001,0.0001
2023-03-31,8.299e-05,3.594e-05,-2.597e-05
2023-04-01,1.2e-07,-1.623e-05,1.4e-06
2023-04-02,1.637e-05,4.341e-05,4.779e-05
2023-04-03,9.336e-05,4.414e-05,2.306e-05
2023-04-04,-5.31e-06,-8.16e-06,-1.772e-05
2023-04-05,-8.251e-05,0.0001,0.0001
2023-04-06,3.404e-05,1.126e-05,-3.96e-06
2023-04-07,7.384e-05,9.198e-05,4.025e-05
2023-04-08,5.402e-05,4.401e-05,5.449e-05
2023-04-09,8.156e-05,1.394e-05,6.249e-05
2023-04-10,2.949e-05,-5.131e-05,-2.71e-06
2023-04-11,-6.38e-06,0.0001,0.0001
2023-04-12,0.0001,0.0001,6.271e-05
2023-04-13,5.908e-05,0.0001,0.0001
2023-04-14,0.0001,0.0001,0.0001
2023-04-15,4.07e-06,0.0001,0.0001
2023-04-16,0.0001,0.0001,0.0001
2023-04-17,0.0001,0.0001,0.0001
2023-04-18,0.0001,0.0001,0.0001
2023-04-19,0.0001,0.0001,0.0001
2023-04-20,0.0001,0.0001,0.0001
2023-04-21,0.0001,0.0001,0.0001
2023-04-22,0.0001,0.0001,0.0001
2023-04-23,0.0001,0.0001,8.685e-05
2023-04-24,0.0001,0.0001,3.695e-05
2023-04-25,7.732e-05,0.0001,7.472e-05
2023-04-26,-6.6e-07,1.456e-05,5.947e-05
2023-04-27,0.0001,8.932e-05,5.14e-05
2023-04-28,5.434e-05,0.0001,8.576e-05
2023-04-29,6.136e-05,-4.155e-05,1.043e-05
2023-04-30,1.06e-06,1.77e-06,-3.648e-05
2023-05-01,8.58e-05,5.264e-05,1.07e-06
2023-05-02,0.0001,5.136e-05,4.872e-05
2023-05-03,-4.562e-05,0.0001,0.0001
2023-05-04,0.0001,0.0001,0.0001
2023-05-05,4.261e-05,0.0001,0.0001
2023-05-06,0.0001,0.0001,0.0001
2023-05-07,9.624e-05,-3.8e-06,3.148e-05
2023-05-08,8.703e-05,8.905e-05,7.05e-05
2023-05-09,0.0001,8.542e-05,8.356e-05
2023-05-10,7.871e-05,5.003e-05,-1.589e-05
2023-05-11,-1.436e-05,3.42e-05,1.364e-05
2023-05-12,3.612e-05,6.721e-05,6.428e-05
2023-05-13,3.724e-05,3.879e-05,3.553e-05
2023-05-14,7.907e-05,4.795e-05,8.298e-05
2023-05-15,7.979e-05,1.918e-05,5.153e-05
2023-05-16,3.473e-05,7.758e-05,8.434e-05
2023-05-17,0.0001,0.0001,7.675e-05
2023-05-18,5.809e-05,-9.5e-06,0.0001
2023-05-19,7.105e-05,9.379e-05,7.141e-05
2023-05-20,0.0001,0.0001,2.041e-05
2023-05-21,-1.167e-05,0.0001,0.0001
2023-05-22,0.0001,0.0001,0.0001
2023-05-23,6.784e-05,4.273e-05,2.217e-05
2023-05-24,0.0001,0.0001,0.0001
2023-05-25,0.0001,5.76e-05,5.212e-05
2023-05-26,3.485e-05,-1.91e-05,0.0001
2023-05-27,-1.856e-05,9.096e-05,8.723e-05
2023-05-28,6.006e-05,-5.538e-05,-3.221e-05
2023-05-29,3.516e-05,9.328e-05,0.0001
2023-05-30,0.0001,0.0001,0.0001
2023-05-31,0.0001,0.0001,0.0001
2023-06-01,0.0001,0.0001,0.0001
2023-06-02,0.0001,0.0001,0.0001
2023-06-03,0.0001,0.0001,0.0001
2023-06-04,0.0001,0.0001,0.0001
2023-06-05,0.0001,0.0001,0.0001
2023-06-06,0.0001,4.867e-05,0.0001
2023-06-07,9.526e-05,0.0001,0.0001
2023-06-08,5.74e-05,2.319e-05,6.353e-05
2023-06-09,6.681e-05,4.68e-06,3.707e-05
2023-06-10,8.18e-05,0.0001,0.0001
2023-06-11,0.0001,9.044e-05,0.0001
2023-06-12,0.0001,8.01e-05,6.05e-05
2023-06-13,0.0001,5.611e-05,8.05e-06
2023-06-14,3.376e-05,2.453e-05,-1.58e-05
2023-06-15,4.939e-05,0.0001,0.0001
2023-06-16,0.0001,0.0001,7.284e-05
2023-06-17,-3.008e-05,7.489e-05,0.0001
2023-06-18,0.0001,3.544e-05,4.409e-05
2023-06-19,8e-05,0.0001,9.362e-05
2023-06-20,3.54e-05,-2.504e-05,4.621e-05
2023-06-21,-8.64e-05,3.78e-06,1.5e-07
2023-06-22,0.0001,9.829e-05,0.0001
2023-06-23,0.0001,0.0001,0.0001
2023-06-24,0.0001,0.0001,0.0001
2023-06-25,0.0001,0.0001,0.0001
2023-06-26,0.0001,0.0001,0.0001
2023-06-27,0.0001,0.0001,0.0001
2023-06-28,6.62e-05,8.981e-05,5.861e-05
2023-06-29,9.221e-05,6.167e-05,0.0001
2023-06-30,0.0001,0.0001,-3.168e-05
2023-07-01,0.0001,0.0001,0.0001
2023-07-02,0.0001,0.0001,0.0001
2023-07-03,0.0001,0.0001,9.481e-05
2023-07-04,0.0001,0.0001,0.0001
2023-07-05,0.0001,0.0001,7.615e-05
2023-07-06,4.675e-05,6.954e-05,4.427e-05
2023-07-07,8.78e-05,0.0001,1.305e-05
2023-07-08,-2.498e-05,0.0001,8.567e-05
2023-07-09,5.799e-05,0.0001,0.0001
2023-07-10,0.0001,0.0001,7.674e-05
2023-07-11,1.659e-05,5.316e-05,0.0001
2023-07-12,8.964e-05,7.769e-05,4.64e-06
2023-07-13,4.083e-05,6.11e-05,-9.45e-06
2023-07-14,0.0001,0.0001,0.0001
2023-07-15,9.997e-05,1.832e-05,4.004e-05
2023-07-16,3.392e-05,0.0001,8.931e-05
2023-07-17,0.0001,6.438e-05,7.613e-05
2023-07-18,8.08e-06,-3.259e-05,6.215e-05
2023-07-19,7.668e-05,0.0001,6.233e-05
2023-07-20,6.37e-06,9.372e-05,5.461e-05
2023-07-21,1.987e-05,3.805e-05,-9.73e-06
2023-07-22,9.48e-06,9.716e-05,6.647e-05
2023-07-23,9.174e-05,2.64e-06,4.184e-05
2023-07-24,-1.27e-06,5.915e-05,5.623e-05
2023-07-25,7.692e-05,-6.11e-06,-9.7e-06
2023-07-26,3.565e-05,8.84e-05,1.48e-05
2023-07-27,1.276e-05,4.395e-05,3.725e-05
2023-07-28,4.497e-05,1.787e-05,3.948e-05
2023-07-29,0.0001,6.411e-05,7.558e-05
2023-07-30,5.174e-05,3.28e-05,6.935e-05
2023-07-31,2.494e-05,2.445e-05,1.912e-05
2023-08-01,0.0001,0.0001,0.0001
2023-08-02,0.0001,0.0001,0.0001
2023-08-03,0.0001,0.0001,0.0001
2023-08-04,0.0001,0.0001,0.0001
2023-08-05,0.0001,8.422e-05,0.0001
2023-08-06,0.0001,0.0001,0.0001
2023-08-07,0.0001,8.676e-05,0.0001
2023-08-08,0.0001,2.398e-05,-1.053e-05
2023-08-09,6.33e-06,7.799e-05,0.0001
2023-08-10,0.0001,0.0001,0.0001
2023-08-11,0.0001,0.0001,6.988e-05
2023-08-12,0.0001,0.0001,0.0001
2023-08-13,0.0001,0.0001,0.0001
2023-08-14,0.0001,0.0001,0.0001
2023-08-15,0.0001,0.0001,0.0001
2023-08-16,0.0001,0.0001,0.0001
2023-08-17,0.0001,0.0001,0.0001
2023-08-18,6.393e-05,-4.92e-06,-6.2e-07
2023-08-19,-1.898e-05,-7.12e-06,8.78e-06
2023-08-20,5.549e-05,5.412e-05,1.83e-05
2023-08-21,-4.073e-05,-2.506e-05,1.392e-05
2023-08-22,1e-05,-5.498e-05,-3.76e-06
2023-08-23,5.461e-05,5.724e-05,1.921e-05
2023-08-24,-1.954e-05,2.141e-05,8.403e-05
2023-08-25,5.872e-05,-1.352e-05,5.08e-06
2023-08-26,8.77e-06,-3.137e-05,2.24e-06
2023-08-27,6.063e-05,-2.401e-05,3.66e-05
2023-08-28,5.189e-05,9.912e-05,2.413e-05
2023-08-29,1.152e-05,-1.24e-05,7.3e-05
2023-08-30,4.032e-05,6.125e-05,0.0001
2023-08-31,1.69e-05,5.61e-05,8.82e-06
2023-09-01,2.115e-05,1.899e-05,1.638e-05
2023-09-02,5.825e-05,2.816e-05,2.341e-05
2023-09-03,0.0001,3.091e-05,3.99e-06
2023-09-04,3.093e-05,3.004e-05,8.406e-05
2023-09-05,2.449e-05,8.05e-06,1.126e-05
2023-09-06,1.267e-05,6.42e-06,6.336e-05
2023-09-07,3.892e-05,0.0001,2.06e-05
2023-09-08,3.593e-05,5.989e-05,4.996e-05
2023-09-09,4.74e-05,4.25e-06,1.661e-05
2023-09-10,3.389e-05,6.603e-05,9.439e-05
2023-09-11,7.35e-05,2.295e-05,-4.52e-06
2023-09-12,4.155e-05,5.007e-05,6.583e-05
2023-09-13,2.247e-05,-3.967e-05,3.77e-06
2023-09-14,-2.862e-05,-3.89e-06,1.107e-05
2023-09-15,-1.362e-05,1.452e-05,7.45e-05
2023-09-16,-5.021e-05,-1.001e-05,5.574e-05
2023-09-17,7.234e-05,3.727e-05,2.862e-05
2023-09-18,1.53e-06,0.0001,4.192e-05
2023-09-19,5.882e-05,5.051e-05,8.455e-05
2023-09-20,5.883e-05,3.112e-05,2.605e-05
2023-09-21,3.228e-05,5.862e-05,2.769e-05
2023-09-22,-2.319e-05,1.66e-06,2.708e-05
2023-09-23,2.088e-05,-1.691e-05,2.647e-05
2023-09-24,5.368e-05,3.652e-05,6.269e-05
2023-09-25,1.607e-05,-6.38e-06,1.864e-05
2023-09-26,-5.563e-05,1.948e-05,4.889e-05
2023-09-27,-2.91e-06,2.315e-05,-5.203e-05
2023-09-28,5.036e-05,-9.43e-06,-3.652e-05
2023-09-29,-2.847e-05,1.418e-05,2.607e-05
2023-09-30,0.0001,5.418e-05,0.0001
2023-10-01,0.0001,9.189e-05,5.051e-05
2023-10-02,3.324e-05,-4.87e-05,-3.239e-05
2023-10-03,9.645e-05,0.0001,6.702e-05
2023-10-04,0.0001,7.308e-05,9.079e-05
2023-10-05,8.474e-05,7.741e-05,1.476e-05
2023-10-06,5.881e-05,5.197e-05,4.57e-06
2023-10-07,3.193e-05,4.409e-05,-3.952e-05
2023-10-08,-8.017e-05,-1.736e-05,3.078e-05
2023-10-09,-2.543e-05,-1.491e-05,-1.275e-05
2023-10-10,9.735e-05,2.403e-05,3.746e-05
2023-10-11,8.565e-05,7.159e-05,0.0001
2023-10-12,0.0001,9.346e-05,0.0001
2023-10-13,0.0001,8.044e-05,0.0001
2023-10-14,0.0001,9.749e-05,0.0001
2023-10-15,5.329e-05,6.929e-05,8.953e-05
2023-10-16,1.139e-05,-2.151e-05,5.177e-05
2023-10-17,5.47e-05,5.961e-05,5.1e-05
2023-10-18,-1.695e-05,5.001e-05,2.251e-05
2023-10-19,4.369e-05,-2.73e-06,1.257e-05
2023-10-20,-1.658e-05,5.458e-05,8.577e-05
2023-10-21,0.0001,0.0001,2.99e-06
2023-10-22,3.98e-06,1.297e-05,5.399e-05
2023-10-23,5.084e-05,0.0001,0.0001
2023-10-24,0.0001,0.0001,0.0001
2023-10-25,0.0001,0.0001,0.0001
2023-10-26,0.0001,0.0001,0.0001
2023-10-27,0.0001,0.0001,0.0001
2023-10-28,0.0001,0.00017876,0.0001
2023-10-29,0.0001,0.0001,0.0001
2023-10-30,0.0001,0.0001,0.0001
2023-10-31,0.0001,0.0001,0.00010516
2023-11-01,0.0001,0.0001193,0.0001
2023-11-02,0.00014309,0.00018541,0.00011649
2023-11-03,0.0001,0.0001,0.0001
2023-11-04,0.0001,0.0001,0.0001
2023-11-05,0.0001,0.0001,0.0001
2023-11-06,0.00012243,0.0001,0.00026302
2023-11-07,0.0001,0.0001,0.00010434
2023-11-08,0.00011888,0.00025842,0.000157
2023-11-09,0.00013904,0.0002041,0.0004003
2023-11-10,0.00018027,0.00045315,0.0002972
2023-11-11,0.0002613,0.00023984,0.00025548
2023-11-12,0.00019689,0.00020745,0.0002686
2023-11-13,0.00031492,0.00032407,0.00037847
2023-11-14,0.00014184,0.00017047,0.00011821
2023-11-15,0.0001,0.0001,0.0001
2023-11-16,0.0001,0.00020167,0.00014161
2023-11-17,0.0001,0.0001,0.0001
2023-11-18,0.0001,0.0001,0.0001
2023-11-19,0.0001,0.0001,0.0001
2023-11-20,0.0001,0.0001,0.00015534
2023-11-21,0.0001,0.0001,0.0001
2023-11-22,0.0001,0.0001,0.0001
2023-11-23,0.0001,0.0001,0.0001
2023-11-24,0.0001,0.0001,0.0001
2023-11-25,0.0001,0.0001,0.0001
2023-11-26,0.0001,0.0001,0.0001
2023-11-27,0.0001,0.0001,0.0001
2023-11-28,0.0001,0.0001,0.0001
2023-11-29,0.0001,0.0001,0.0001
2023-11-30,0.0001,0.0001,0.0001
2023-12-01,0.0001,0.0001,0.0001
2023-12-02,0.0001,0.0001,0.0001
2023-12-03,0.0001,0.0001,0.0001
2023-12-04,0.0001,0.00039246,0.0001
2023-12-05,0.0001,0.0001,0.0001
2023-12-06,0.0001,0.0001,0.0001
2023-12-07,0.0001,0.00010721,0.00016767
2023-12-08,0.00023913,0.00044041,0.00034051
2023-12-09,0.00011864,0.00049285,0.00032929
2023-12-10,0.00033498,0.0003097,0.00039354
2023-12-11,0.00033285,0.00015948,0.0001
2023-12-12,0.00021542,0.00016545,0.0001
2023-12-13,0.00018236,0.00015492,0.00016232
2023-12-14,0.00010146,0.00012332,0.00011106
2023-12-15,0.00010466,0.00015354,0.00013415
2023-12-16,0.0001,0.00024408,0.00017406
2023-12-17,0.00017286,0.0001,0.0001
2023-12-18,0.00013303,0.0001,0.00010731
2023-12-19,0.0001,0.00017727,0.00013946
2023-12-20,0.0001,0.0001,0.00018725
2023-12-21,0.000152,0.00022504,0.00033844
2023-12-22,0.00024215,0.00030643,0.00020031
2023-12-23,0.00015263,0.0001,0.0001
2023-12-24,0.0001,0.00025197,0.0001
2023-12-25,0.0001,0.0001,0.00018708
2023-12-26,0.0003048,0.00027919,0.00032104
2023-12-27,0.00040735,0.00042225,0.0005221
2023-12-28,0.00019269,0.00038854,0.00057322
2023-12-29,0.00059775,0.00044001,0.000435
2023-12-30,0.00039208,0.00036923,0.00024277
2023-12-31,0.00026419,0.00040148,0.00044151
2024-01-01,0.00043294,0.00049955,0.00037274
2024-01-02,0.00057167,0.00049958,0.00066228
2024-01-03,0.00045739,0.00035429,0.0001
2024-01-04,0.0001,0.0001,0.0001
2024-01-05,0.0001,0.0001,0.0001
2024-01-06,0.0001,0.0001,0.0001
2024-01-07,0.0001,0.0001,0.0001
2024-01-08,0.0001,0.0001,0.0001
2024-01-09,0.0001,0.0001,0.0001
2024-01-10,0.0001,0.0001,0.0001
2024-01-11,0.0001,0.0001,0.0001
2024-01-12,0.0001,0.0001,0.0001
2024-01-13,0.0001,0.0001,0.0001
2024-01-14,0.0001,0.0001,0.0001
2024-01-15,0.0001,0.0001,0.0001
2024-01-16,0.0001,0.0001,0.0001
2024-01-17,0.0001,0.0001,0.0001
2024-01-18,0.0001,0.0001,0.0001
2024-01-19,0.0001,0.0001,0.0001
2024-01-20,0.0001,0.0001,0.0001
2024-01-21,0.0001,0.0001,0.0001
2024-01-22,0.0001,0.0001,0.0001
2024-01-23,0.0001,0.0001,0.0001
2024-01-24,0.0001,0.0001,0.0001
2024-01-25,0.0001,0.0001,0.0001
2024-01-26,0.0001,0.0001,0.0001
2024-01-27,0.0001,0.0001,0.0001
2024-01-28,6.78e-06,5.43e-06,0.0001
2024-01-29,0.0001,0.0001,0.0001
2024-01-30,8.201e-05,0.0001,0.0001
2024-01-31,1.302e-05,0.0001,0.0001
2024-02-01,5.432e-05,0.0001,0.0001
2024-02-02,7.298e-05,0.0001,0.0001
2024-02-03,8.511e-05,4.735e-05,0.0001
2024-02-04,8.642e-05,0.0001,0.0001
2024-02-05,8.355e-05,0.0001,0.0001
2024-02-06,0.0001,0.0001,0.0001
2024-02-07,5.488e-05,0.0001,0.0001
2024-02-08,0.0001,6.283e-05,3.61e-06
2024-02-09,-2.88e-05,0.0001,0.0001
2024-02-10,0.0001,0.0001,0.0001
2024-02-11,0.0001,0.0001,0.0001
2024-02-12,0.0001,0.0001,0.0001
2024-02-13,0.0001,0.0001,0.0001
2024-02-14,0.0001,0.0001,0.00011153
2024-02-15,0.0001,0.00014722,0.00010861
2024-02-16,0.0001,0.0001,0.0001
2024-02-17,0.0001,0.0001,0.0001
2024-02-18,0.00012154,0.0001,0.0001
2024-02-19,0.00017748,0.00013098,0.00019352
2024-02-20,0.0001,0.0001,0.0001
2024-02-21,0.0001,0.0001,0.0001
2024-02-22,0.0001,0.0001,0.0001
2024-02-23,0.0001,0.0001,0.0001
2024-02-24,0.0001,0.0001,0.00010658
2024-02-25,0.0001,0.0001,0.0001
2024-02-26,0.0001,0.0001,0.0001
2024-02-27,0.00026308,0.00067187,0.00030171
2024-02-28,0.00023372,0.00019212,0.0005031
2024-02-29,0.00061432,0.00072478,0.00069292
2024-03-01,0.0003927,0.00039022,0.00040755
2024-03-02,0.00013237,0.00023839,0.00059366
2024-03-03,0.0005429,0.00041238,0.00048175
2024-03-04,0.00045429,0.00067979,0.00082996
2024-03-05,0.00080029,0.00112788,0.0009208
2024-03-06,0.00028173,0.00024214,0.00047896
2024-03-07,0.00027527,0.00024008,0.00050302
2024-03-08,0.00035863,0.00040848,0.00072305
2024-03-09,0.00023097,0.0002609,0.00028422
2024-03-10,0.00033129,0.00058798,0.00065671
2024-03-11,0.00041946,0.00077869,0.00074316
2024-03-12,0.00049803,0.00051935,0.00055529
2024-03-13,0.00034133,0.0007759,0.0004918
2024-03-14,0.00028643,0.00048932,0.00049306
2024-03-15,0.00050945,0.0001,0.0001
2024-03-16,0.0001,0.0001,0.0001
2024-03-17,0.0001,0.0001,0.00019339
2024-03-18,0.00013515,0.00030244,0.0001
2024-03-19,0.0001,0.0001,0.00011542
2024-03-20,0.0001,0.0001,0.0001
2024-03-21,0.0001,0.0001,0.0001
2024-03-22,0.0001,0.0001,0.0001
2024-03-23,0.0001,0.0001,0.0001
2024-03-24,0.0001,0.0001,0.0001
2024-03-25,0.0001,0.0001,0.00025614
2024-03-26,0.00010181,0.00023139,0.00032273
2024-03-27,0.00046291,0.00032533,0.00042313
2024-03-28,0.00037678,0.00052851,0.00047308
2024-03-29,0.00043346,0.0003284,0.00037754
2024-03-30,0.00026099,0.0004336,0.00035292
2024-03-31,0.0003051,0.00044673,0.00049276
2024-04-01,0.00065297,0.00029626,0.00024903
2024-04-02,0.00024486,0.0001,0.0001
2024-04-03,0.0001,0.0001,0.0001
2024-04-04,0.0001,0.0001,0.0001
2024-04-05,0.0001,0.0001,0.0001
2024-04-06,0.0001,0.0001,0.0001
2024-04-07,0.0001,0.0001,0.0001
2024-04-08,0.0001,0.0001,0.00021323
2024-04-09,0.00020982,0.00015607,0.00016704
2024-04-10,0.00011987,0.0001,0.0001
2024-04-11,0.0001,0.0001,0.0001
2024-04-12,0.0001,0.0001,0.0001
2024-04-13,0.0001,0.0001,0.0001
2024-04-14,7.356e-05,0.0001,0.0001
2024-04-15,8.288e-05,-3.849e-05,5.41e-06
2024-04-16,8.676e-05,6.221e-05,6.552e-05
2024-04-17,3.688e-05,6.63e-06,4.406e-05
2024-04-18,7.307e-05,-4.087e-05,-5.366e-05
2024-04-19,-2.998e-05,0.0001,5.565e-05
2024-04-20,3.58e-05,9.43e-06,-6.986e-05
2024-04-21,-1.858e-05,4.833e-05,5.023e-05
2024-04-22,9.377e-05,0.0001,-7.379e-05
2024-04-23,-0.00015398,-1.744e-05,7.572e-05
2024-04-24,0.0001,0.0001,4.93e-05
2024-04-25,0.0001,-1.371e-05,2.499e-05
2024-04-26,-1.077e-05,-3.421e-05,6.161e-05
2024-04-27,0.0001,0.0001,0.0001
2024-04-28,4.02e-05,7.92e-05,7.9e-05
2024-04-29,1.802e-05,-5.782e-05,0.0001
2024-04-30,1.43e-05,6.38e-06,8.364e-05
2024-05-01,0.0001,0.0001,5.046e-05
2024-05-02,1.443e-05,0.0001,-0.0001045
2024-05-03,-9.395e-05,-5.166e-05,-8.669e-05
2024-05-04,-9.541e-05,1.769e-05,-2.317e-05
2024-05-05,3.013e-05,7.133e-05,0.0001
2024-05-06,4.545e-05,7.226e-05,8.717e-05
2024-05-07,0.0001,0.0001,0.0001
2024-05-08,0.0001,0.0001,0.0001
2024-05-09,0.0001,4.634e-05,8.999e-05
2024-05-10,2.72e-06,1.145e-05,0.0001
2024-05-11,0.0001,0.0001,0.0001
2024-05-12,0.0001,5.654e-05,0.0001
2024-05-13,-1.44e-06,9.033e-05,9.59e-06
2024-05-14,-2.451e-05,0.0001,9.399e-05
2024-05-15,6.589e-05,3.598e-05,-6.766e-05
2024-05-16,3.295e-05,6.558e-05,2.947e-05
2024-05-17,0.0001,0.0001,0.0001
2024-05-18,2.216e-05,7.849e-05,1.546e-05
2024-05-19,4.445e-05,9.105e-05,7.228e-05
2024-05-20,1.894e-05,0.0001,6.146e-05
2024-05-21,0.0001,0.0001,0.0001
2024-05-22,0.0001,0.0001,0.0001
2024-05-23,0.0001,0.00015256,0.00010356
2024-05-24,0.0001,0.0001,0.0001
2024-05-25,0.0001,0.0001,0.0001
2024-05-26,0.0001,0.0001,0.0001
2024-05-27,0.0001,0.0001,0.0001
2024-05-28,0.0001,0.0001,0.0001
2024-05-29,0.0001,0.00010687,0.0001
2024-05-30,0.0001,0.0001,0.0001
2024-05-31,0.0001,0.0001,0.0001
2024-06-01,0.0001,0.0001,0.0001
2024-06-02,0.0001,0.0001,0.0001
2024-06-03,0.0001,0.0001,0.0001
2024-06-04,0.0001,0.00016251,0.0001
2024-06-05,0.0001,0.0001104,0.0001
2024-06-06,0.0001,0.0001,0.0001
2024-06-07,0.0001,0.0001,0.00014636
2024-06-08,0.00015015,0.0001,0.0001
2024-06-09,0.0001,0.0001,0.0001
2024-06-10,0.0001,0.0001,0.0001
2024-06-11,0.0001,0.0001,0.0001
2024-06-12,2.722e-05,1.528e-05,2.555e-05
2024-06-13,0.0001,4.526e-05,4.705e-05
2024-06-14,2.162e-05,0.0001,4.866e-05
2024-06-15,8.49e-06,9.013e-05,2.833e-05
2024-06-16,1.204e-05,-1.968e-05,-2.464e-05
2024-06-17,-2.987e-05,4.1e-06,-9.86e-06
2024-06-18,2.32e-06,0.0001,6.445e-05
2024-06-19,0.0001,7.993e-05,1.73e-06
2024-06-20,8.409e-05,0.0001,0.0001
2024-06-21,7.6e-05,-1.57e-06,-3.133e-05
2024-06-22,9.131e-05,-7.713e-05,1.375e-05
2024-06-23,1.361e-05,-2.913e-05,3.299e-05
2024-06-24,1.505e-05,-6.977e-05,-0.0001414
2024-06-25,-0.0001186,-8.286e-05,-2.683e-05
2024-06-26,-0.00012635,-9.366e-05,-6.612e-05
2024-06-27,-3.526e-05,4.902e-05,8.267e-05
2024-06-28,3.226e-05,2.455e-05,-2.545e-05
2024-06-29,0.0001,-0.0001494,5.126e-05
2024-06-30,-5.87e-05,-6.335e-05,-0.00014348
2024-07-01,-1.829e-05,-0.00011856,-3.625e-05
2024-07-02,-6.61e-05,-5.81e-06,5.178e-05
2024-07-03,4.183e-05,3.338e-05,-2.314e-05
2024-07-04,5.803e-05,3.251e-05,-2.617e-05
2024-07-05,4.545e-05,0.0001,1.577e-05
2024-07-06,-1.215e-05,7.586e-05,5.275e-05
2024-07-07,-5.467e-05,0.0001,5.711e-05
2024-07-08,-2.263e-05,8.711e-05,0.0001
2024-07-09,8.992e-05,0.0001,0.0001
2024-07-10,0.0001,3.916e-05,0.0001
2024-07-11,0.0001,4.13e-05,7.84e-06
2024-07-12,0.0001,4.673e-05,-3.418e-05
2024-07-13,-1.64e-06,9.8e-07,7.82e-05
2024-07-14,5.461e-05,0.0001,2.743e-05
2024-07-15,1.34e-06,-4.93e-06,0.0001
2024-07-16,-4.633e-05,0.0001,0.0001
2024-07-17,8.038e-05,0.0001,-1.974e-05
2024-07-18,2.66e-06,5.085e-05,1.33e-05
2024-07-19,9.438e-05,0.0001,0.0001
2024-07-20,9.501e-05,4.95e-05,3.897e-05
2024-07-21,8.307e-05,6.724e-05,0.0001
2024-07-22,0.0001,0.0001,0.0001
2024-07-23,5.306e-05,0.0001,3.978e-05
2024-07-24,0.0001,0.0001,0.0001
2024-07-25,0.0001,0.0001,0.0001
2024-07-26,2.176e-05,6.204e-05,5.936e-05
2024-07-27,8.304e-05,0.0001,0.0001
2024-07-28,0.0001,0.0001,0.0001
2024-07-29,0.0001,0.0001,0.0001
2024-07-30,0.0001,-0.00011367,7.656e-05
2024-07-31,0.0001,0.0001,4.863e-05
2024-08-01,9.544e-05,7.135e-05,3.459e-05
2024-08-02,0.0001,0.0001,2.532e-05
2024-08-03,2.23e-06,-5.581e-05,7.3e-07
2024-08-04,3.485e-05,3.978e-05,5.03e-06
2024-08-05,1.975e-05,-5.92e-06,-5.066e-05
2024-08-06,7.57e-06,1.866e-05,0.0001
2024-08-07,2.722e-05,6.767e-05,0.0001
2024-08-08,4.616e-05,9.389e-05,-2.911e-05
2024-08-09,-1.92e-05,2.569e-05,-1.845e-05
2024-08-10,4.448e-05,0.0001,5.312e-05
2024-08-11,8.623e-05,3.775e-05,-2.976e-05
2024-08-12,0.0001,0.0001,2.174e-05
2024-08-13,-1.23e-06,0.0001,4.726e-05
2024-08-14,-1.85e-05,-3.16e-06,-1.699e-05
2024-08-15,1.011e-05,1.92e-05,5.472e-05
2024-08-16,3.989e-05,4.876e-05,3.934e-05
2024-08-17,6.207e-05,6.351e-05,8.377e-05
2024-08-18,7.872e-05,-3.12e-06,1.326e-05
2024-08-19,1.276e-05,-1.638e-05,4.69e-06
2024-08-20,-2.908e-05,6.912e-05,1.082e-05
2024-08-21,-3.496e-05,-2.723e-05,9.6e-07
2024-08-22,-7.61e-06,4.547e-05,6.23e-05
2024-08-23,0.0001,7.561e-05,2.511e-05
2024-08-24,-2.164e-05,8.709e-05,9.036e-05
2024-08-25,0.0001,3.955e-05,0.0001
2024-08-26,8.24e-05,3.8e-06,6.223e-05
2024-08-27,8.141e-05,7.353e-05,0.0001
2024-08-28,-7.89e-06,-5.81e-06,-3.24e-05
2024-08-29,1.018e-05,3.501e-05,6.16e-06
2024-08-30,-0.0001219,1.737e-05,1.815e-05
2024-08-31,3.389e-05,7.128e-05,4.759e-05
2024-09-01,9.478e-05,4.649e-05,-9.28e-06
2024-09-02,-2.521e-05,-4.265e-05,3.884e-05
2024-09-03,2.799e-05,2.372e-05,7.738e-05
2024-09-04,4.569e-05,3.58e-06,-2.771e-05
2024-09-05,-4.165e-05,-2.39e-06,8.48e-06
2024-09-06,-4.633e-05,-1.66e-05,1.86e-06
2024-09-07,2.842e-05,2.43e-05,3.364e-05
2024-09-08,4.68e-05,1.751e-05,3.261e-05
2024-09-09,9.883e-05,9.123e-05,-3.54e-05
2024-09-10,0.0001,1.276e-05,9.95e-06
2024-09-11,4.027e-05,1.728e-05,9.155e-05
2024-09-12,3.15e-06,6.624e-05,2.538e-05
2024-09-13,3.154e-05,-4.31e-05,1.552e-05
2024-09-14,-1.724e-05,-7.95e-06,-2.375e-05
2024-09-15,7.514e-05,2.08e-06,7.324e-05
2024-09-16,3.377e-05,2.239e-05,4.538e-05
2024-09-17,0.0001,7.666e-05,2.251e-05
2024-09-18,6.48e-06,5.549e-05,8.846e-05
2024-09-19,9.784e-05,6.603e-05,5.137e-05
2024-09-20,3.807e-05,-1.615e-05,0.0001
2024-09-21,0.0,-5.4e-06,-1.119e-05
2024-09-22,-5.58e-06,-4.374e-05,5.468e-05
2024-09-23,0.0001,-1.126e-05,4.386e-05
2024-09-24,8.154e-05,7.883e-05,2.404e-05
2024-09-25,0.0001,0.0001,0.0001
2024-09-26,0.0001,0.0001,9.007e-05
2024-09-27,7.718e-05,8.68e-05,3.78e-05
2024-09-28,4.588e-05,0.0001,6.532e-05
2024-09-29,0.0001,0.0001,0.0001
2024-09-30,0.0001,0.0001,0.0001
2024-10-01,2.677e-05,2.08e-06,5.26e-05
2024-10-02,0.0001,9.064e-05,-9.13e-06
2024-10-03,7.216e-05,0.0001,7.355e-05
2024-10-04,0.0001,8.78e-06,6.585e-05
2024-10-05,1.457e-05,3.716e-05,7.081e-05
2024-10-06,0.0001,0.0001,4.254e-05
2024-10-07,1.298e-05,1.09e-06,8.184e-05
2024-10-08,-2.285e-05,-6.39e-06,6e-07
2024-10-09,2.239e-05,8.393e-05,8.869e-05
2024-10-10,2.703e-05,5.089e-05,6.638e-05
2024-10-11,7.44e-06,4.712e-05,0.0001
2024-10-12,0.0001,0.0001,6.714e-05
2024-10-13,9.18e-05,5.896e-05,6.966e-05
2024-10-14,6.128e-05,0.0001,0.0001
2024-10-15,0.0001,0.0001,0.0001
2024-10-16,0.0001,0.0001,0.0001
2024-10-17,0.0001,0.0001,0.0001
2024-10-18,8.463e-05,0.0001,0.0001
2024-10-19,0.0001,0.0001,0.0001
2024-10-20,0.0001,0.0001,0.0001
2024-10-21,0.0001,0.0001,0.0001
2024-10-22,0.0001,0.0001,0.0001
2024-10-23,0.0001,0.0001,0.0001
2024-10-24,0.0001,0.0001,0.0001
2024-10-25,0.0001,7.097e-05,0.0001
2024-10-26,7.515e-05,0.0001,8.614e-05
2024-10-27,8.659e-05,0.0001,9.734e-05
2024-10-28,0.0001,0.0001,0.0001
2024-10-29,0.0001,0.0001,0.0001
2024-10-30,0.0001,0.0001,0.0001
2024-10-31,0.0001,0.0001,0.0001
2024-11-01,0.0001,0.0001,0.0001
2024-11-02,0.0001,0.0001,0.0001
2024-11-03,0.0001,0.0001,0.0001
2024-11-04,0.0001,0.0001,0.0001
2024-11-05,0.0001,0.0001,0.0001
2024-11-06,7.377e-05,0.0001,0.0001
2024-11-07,0.0001,0.00011201,0.0001
2024-11-08,0.0001,0.0001,0.0001
2024-11-09,0.0001,0.0001,0.0001
2024-11-10,0.0001,0.00032792,0.00018979
2024-11-11,0.00039065,0.00017995,0.0001
2024-11-12,0.00038564,0.00061844,0.00050342
2024-11-13,0.00014477,0.0001,0.00035174
2024-11-14,0.0001,0.00016549,0.00012832
2024-11-15,0.0001,0.0001,0.0001
2024-11-16,0.00019471,0.00039173,0.00025031
2024-11-17,0.00029261,0.00030785,0.00035655
2024-11-18,0.00021098,0.0005391,0.00033111
2024-11-19,0.00031835,0.00039932,0.00024229
2024-11-20,0.0001,0.00011458,0.00016424
2024-11-21,0.0001,0.00014189,0.00017392
2024-11-22,0.00015928,0.00028963,0.00023833
2024-11-23,0.0001,0.00017386,0.00025348
2024-11-24,0.00034942,0.00032388,0.00029092
2024-11-25,0.00036288,0.00035212,0.00034875
2024-11-26,0.0001,0.00012749,0.0001
2024-11-27,0.00023609,0.00023229,0.00027093
2024-11-28,0.00019422,0.00019894,0.00023188
2024-11-29,0.00030861,0.0002543,0.00035268
2024-11-30,0.00016876,0.00028189,0.00015012
2024-12-01,0.0001532,0.0003311,0.00016625
2024-12-02,0.00015058,0.00014214,0.0001
2024-12-03,0.0001,0.00025103,0.00012348
2024-12-04,0.00027771,0.00042588,0.00036313
2024-12-05,0.00031187,0.00108552,0.00064806
2024-12-06,0.00013466,0.0001,0.0001
2024-12-07,0.00015125,0.0001,0.0001
2024-12-08,0.00026121,0.00024888,0.00029123
2024-12-09,0.00017858,0.0001,0.00015788
2024-12-10,0.0001,0.0001,0.0001
2024-12-11,0.0001,0.0001,0.0001
2024-12-12,0.0001,0.0001,0.0001
2024-12-13,0.0001,0.0001,0.0001
2024-12-14,0.0001,0.0001,0.0001
2024-12-15,0.0001,0.0001,0.0001
2024-12-16,0.0001,0.0001,0.0001
2024-12-17,0.0001,0.0001,0.0001
2024-12-18,0.0001,9.332e-05,0.0001
2024-12-19,6.854e-05,-4.531e-05,-2.748e-05
2024-12-20,-4.799e-05,2.774e-05,9.101e-05
2024-12-21,-2.976e-05,-3.727e-05,-1.912e-05
2024-12-22,1.532e-05,4.56e-05,2.233e-05
2024-12-23,2.123e-05,4.35e-06,3.701e-05
2024-12-24,4.98e-05,5.237e-05,8.079e-05
2024-12-25,0.0001,0.0001,0.0001
2024-12-26,0.0001,6.989e-05,4.138e-05
2024-12-27,1.089e-05,5.263e-05,3.27e-06
2024-12-28,6.93e-06,-3.321e-05,5.77e-06
2024-12-29,3.548e-05,6e-07,3.159e-05
2024-12-30,-5.981e-05,-1.761e-05,-2.975e-05
2024-12-31,8.65e-06,-1.9e-06,0.0001
2025-01-01,0.0001,7.085e-05,6.921e-05
2025-01-02,0.0001,0.0001,0.0001
2025-01-03,0.0001,9.015e-05,0.0001
2025-01-04,3.779e-05,9.859e-05,5.258e-05
2025-01-05,0.0001,0.0001,7.478e-05
2025-01-06,0.0001,0.0001,0.0001
2025-01-07,5.254e-05,2.899e-05,0.0001
2025-01-08,8.585e-05,4.936e-05,9.631e-05
2025-01-09,6.43e-05,5.118e-05,-8.46e-06
2025-01-10,6.938e-05,9.02e-06,7.043e-05
2025-01-11,6.08e-05,6.697e-05,4.981e-05
2025-01-12,8.31e-05,6.034e-05,8.847e-05
2025-01-13,9.996e-05,7.361e-05,6.61e-06
2025-01-14,0.0001,0.0001,0.0001
2025-01-15,5.343e-05,7.032e-05,0.0001
2025-01-16,5.755e-05,0.0001,0.0001
2025-01-17,7.555e-05,0.0001,0.0001
2025-01-18,9.347e-05,0.0001,0.0001
2025-01-19,0.0001,0.0001,0.0001
2025-01-20,0.0001,0.0001,0.0001
2025-01-21,0.0001,0.0001,0.0001
2025-01-22,0.0001,0.0001,0.0001
2025-01-23,0.0001,0.0001,0.0001
2025-01-24,4.386e-05,9.463e-05,0.0001
2025-01-25,0.0001,7.472e-05,5.217e-05
2025-01-26,0.0001,0.0001,0.0001
2025-01-27,0.0001,2.53e-06,1.349e-05
2025-01-28,5.81e-06,5.241e-05,6.59e-06
2025-01-29,-2.196e-05,1.792e-05,6.486e-05
2025-01-30,7.587e-05,0.0001,0.0001
2025-01-31,1.241e-05,3.319e-05,2.658e-05
2025-02-01,-0.00014857,-0.00011979,-2.399e-05
2025-02-02,-1.242e-05,-1.722e-05,-2.013e-05
2025-02-03,6.421e-05,1.227e-05,-5.11e-05
2025-02-04,-1.274e-05,0.0001,7.932e-05
2025-02-05,1.167e-05,2.633e-05,0.0001
2025-02-06,6.568e-05,8.01e-05,6.781e-05
2025-02-07,7.196e-05,3.448e-05,8.283e-05
2025-02-08,-5.658e-05,1.686e-05,6.56e-06
2025-02-09,2.052e-05,9.27e-06,3.139e-05
2025-02-10,2.217e-05,8.57e-05,9.182e-05
2025-02-11,7.625e-05,5.578e-05,-1.778e-05
2025-02-12,1.737e-05,3.227e-05,5.23e-06
2025-02-13,9.802e-05,6.447e-05,4.455e-05
2025-02-14,8.865e-05,0.0001,0.0001
2025-02-15,3.027e-05,6.2e-07,5.122e-05
2025-02-16,5.342e-05,-1.542e-05,3.3e-06
2025-02-17,9.39e-06,3.11e-05,4.1e-07
2025-02-18,2.818e-05,1.517e-05,9.433e-05
2025-02-19,9.711e-05,0.0001,0.0001
2025-02-20,0.0001,0.0001,7.78e-05
2025-02-21,1.268e-05,8.046e-05,3.323e-05
2025-02-22,0.0005139,0.00025044,0.0001
2025-02-23,0.0001,0.0001,0.0001
2025-02-24,0.0001,0.0001,0.0001
2025-02-25,0.0001,0.0001,0.0001
2025-02-26,0.0001,0.0001,9.698e-05
2025-02-27,-0.00014527,-9.552e-05,8.877e-05
2025-02-28,0.0001,2.61e-05,-0.00014671
2025-03-01,0.0001,4.533e-05,9.17e-06
2025-03-02,7.239e-05,0.0001,6.936e-05
2025-03-03,0.0001,0.0001,0.0001
2025-03-04,-3.351e-05,2.96e-06,1.23e-05
2025-03-05,0.0001,0.0001,0.0001
2025-03-06,2.585e-05,0.0001,1.038e-05
2025-03-07,1.342e-05,8.04e-05,0.0001
2025-03-08,0.0001,6.44e-05,1.288e-05
2025-03-09,3.824e-05,4.848e-05,-3.2e-05
2025-03-10,-0.00029357,-7.275e-05,-8.207e-05
2025-03-11,8.32e-06,-1.591e-05,6.844e-05
2025-03-12,8.765e-05,7.949e-05,4.824e-05
2025-03-13,5.496e-05,8.477e-05,-1.285e-05
2025-03-14,-0.00015919,4.476e-05,0.0001
2025-03-15,0.0001,0.0001,2.487e-05
2025-03-16,9.014e-05,2.721e-05,-6.539e-05
2025-03-17,-1.937e-05,6.645e-05,-7.12e-06
2025-03-18,-1.91e-05,1.801e-05,8.4e-07
2025-03-19,-6.12e-05,7.579e-05,7.731e-05
2025-03-20,1.139e-05,7.139e-05,-9.81e-06
2025-03-21,-1.414e-05,2.088e-05,-5.34e-06
2025-03-22,4.702e-05,2.873e-05,2.95e-06
2025-03-23,-1.499e-05,1.609e-05,-3.516e-05
2025-03-24,1.997e-05,9.114e-05,2.952e-05
2025-03-25,1.676e-05,-4.48e-06,7.84e-06
2025-03-26,-1.721e-05,7.133e-05,-4.927e-05
2025-03-27,-1.904e-05,4.7e-05,-3.998e-05
2025-03-28,-5.41e-06,-7.06e-06,3.856e-05
2025-03-29,3.739e-05,-1.692e-05,6.68e-06
2025-03-30,4.207e-05,-4.333e-05,4.13e-06
2025-03-31,-3.11e-06,2.713e-05,-3.19e-06
2025-04-01,-0.00011844,2.705e-05,1.751e-05
2025-04-02,2.346e-05,-2.533e-05,-2.791e-05
2025-04-03,-2.095e-05,1.376e-05,-8.99e-06
2025-04-04,0.0001,9.307e-05,3.029e-05
2025-04-05,9.537e-05,9.739e-05,3.366e-05
2025-04-06,9.173e-05,9.894e-05,3.77e-06
2025-04-07,1.25e-06,-3.202e-05,3.657e-05
2025-04-08,9.02e-06,7.245e-05,3.545e-05
2025-04-09,2.267e-05,-2.068e-05,0.0001
2025-04-10,9.218e-05,0.0001,4.691e-05
2025-04-11,-3.007e-05,4.989e-05,0.0001
2025-04-12,6.951e-05,-9.06e-06,1.472e-05
2025-04-13,7.698e-05,1.214e-05,-3.89e-06
2025-04-14,-3.415e-05,5.162e-05,3.854e-05
2025-04-15,3.92e-06,0.0001,7.167e-05
2025-04-16,-6.198e-05,-9.053e-05,-1.926e-05
2025-04-17,-9.84e-06,8.12e-06,-1.058e-05
2025-04-18,3.447e-05,2.96e-06,-5.146e-05
2025-04-19,-1.215e-05,6.867e-05,0.0001
2025-04-20,7.048e-05,-1.807e-05,-7.66e-05
2025-04-21,1.937e-05,0.0001,9.109e-05
2025-04-22,3.961e-05,4.038e-05,-1.936e-05
2025-04-23,-2.647e-05,5.975e-05,2.238e-05
2025-04-24,-3.794e-05,1.49e-05,-6.18e-06
2025-04-25,8.908e-05,3.245e-05,4.921e-05
2025-04-26,-7.485e-05,1.459e-05,4.978e-05
2025-04-27,-6.573e-05,-1.749e-05,-3.295e-05
2025-04-28,1.103e-05,5.621e-05,5.89e-06
2025-04-29,-4.385e-05,3.872e-05,1.268e-05
2025-04-30,-2.275e-05,9.197e-05,2.9e-07
2025-05-01,-4.8e-07,5.255e-05,3.782e-05
2025-05-02,-3.523e-05,2.857e-05,-3.03e-05
2025-05-03,-0.00011068,-1.484e-05,-6.553e-05
2025-05-04,3.12e-06,4.616e-05,3.498e-05
2025-05-05,-7.123e-05,6.744e-05,2.175e-05
2025-05-06,-1.78e-05,-6.83e-06,2.767e-05
2025-05-07,1.728e-05,8.919e-05,1.529e-05
2025-05-08,6.604e-05,0.0001,0.0001
2025-05-09,0.0001,9.238e-05,5.521e-05
2025-05-10,7.638e-05,0.0001,0.0001
2025-05-11,8.081e-05,0.0001,0.0001
2025-05-12,0.0001,0.0001,7.469e-05
2025-05-13,6.072e-05,4.172e-05,1.231e-05
2025-05-14,2.701e-05,5.778e-05,-1.591e-05
2025-05-15,-3.808e-05,-2.825e-05,3.38e-05
2025-05-16,-8.4e-06,3.052e-05,1.606e-05
2025-05-17,-1.98e-06,1.723e-05,2.515e-05
2025-05-18,6.156e-05,3.858e-05,0.0001
2025-05-19,0.0001,1.146e-05,5.514e-05
2025-05-20,5.531e-05,7.096e-05,4.4e-06
2025-05-21,5.146e-05,7.956e-05,4.226e-05
2025-05-22,7.967e-05,0.0001,9.599e-05
2025-05-23,2.206e-05,5.364e-05,6.534e-05
2025-05-24,2.203e-05,3.436e-05,4.126e-05
2025-05-25,7.422e-05,0.0001,5.451e-05
2025-05-26,0.0001,0.0001,9.627e-05
2025-05-27,0.0001,3.247e-05,2.161e-05
2025-05-28,-0.00015645,-9.526e-05,3.181e-05
2025-05-29,7.753e-05,5.974e-05,-1.219e-05
2025-05-30,0.0001,9.532e-05,0.0001
2025-05-31,0.0001,0.0001,0.0001
2025-06-01,0.0001,9.391e-05,7.421e-05
2025-06-02,0.0001,6.634e-05,5.94e-06
2025-06-03,2.472e-05,-1.601e-05,5.591e-05
2025-06-04,-5.82e-06,-4.859e-05,3.102e-05
2025-06-05,3.35e-06,-2.24e-06,1.778e-05
2025-06-06,6.6e-05,4.75e-06,1.407e-05
2025-06-07,-5.637e-05,0.0001,1.688e-05
2025-06-08,3.43e-05,-1.743e-05,-2.669e-05
2025-06-09,-3.739e-05,2.264e-05,0.0001
2025-06-10,8.11e-05,8.419e-05,0.0001
2025-06-11,7.171e-05,4.509e-05,5.768e-05
2025-06-12,5.521e-05,7.557e-05,4.748e-05
2025-06-13,-1.155e-05,6.608e-05,4.363e-05
2025-06-14,5.74e-06,-1.611e-05,-2.466e-05
2025-06-15,7.299e-05,7.17e-05,0.0001
2025-06-16,4.753e-05,0.0001,4.729e-05
2025-06-17,3.074e-05,6.718e-05,3.008e-05
2025-06-18,-1.427e-05,2.43e-06,2.945e-05
2025-06-19,1.655e-05,1.318e-05,-9.7e-07
2025-06-20,7.635e-05,6.425e-05,7.09e-06
2025-06-21,3.019e-05,-2.522e-05,3.388e-05
2025-06-22,-5.39e-06,7.054e-05,6.17e-06
2025-06-23,-8.53e-06,1.988e-05,-3.379e-05
2025-06-24,3.432e-05,5.734e-05,6.19e-06
2025-06-25,-2.753e-05,4.784e-05,-2.087e-05
2025-06-26,-7.601e-05,6.85e-06,-6.6e-07
2025-06-27,-1.85e-05,1.488e-05,3.673e-05
2025-06-28,-4.711e-05,1.239e-05,6.048e-05
2025-06-29,4.098e-05,1.443e-05,8.52e-06
2025-06-30,1.024e-05,4.958e-05,-9.29e-06
2025-07-01,-3.21e-06,-2.184e-05,1.879e-05
2025-07-02,4.989e-05,6.496e-05,5.727e-05
2025-07-03,5.264e-05,5.847e-05,7.064e-05
2025-07-04,5.716e-05,2.295e-05,2.892e-05
2025-07-05,0.0001,6.637e-05,6.102e-05
2025-07-06,1.647e-05,1.14e-06,4.813e-05
2025-07-07,8.67e-05,7.141e-05,2.928e-05
2025-07-08,-5.019e-05,3.413e-05,3.93e-05
2025-07-09,3.556e-05,4.809e-05,6.67e-05
2025-07-10,8.704e-05,6.1e-05,7.94e-05
2025-07-11,0.0001,0.0001,0.0001
2025-07-12,0.0001,0.0001,0.0001
2025-07-13,7.909e-05,8.875e-05,9.26e-05
2025-07-14,6.157e-05,0.0001,0.0001
2025-07-15,0.0001,0.0001,0.0001
2025-07-16,0.0001,0.0001,0.0001
2025-07-17,0.0001,0.0001,0.0001
2025-07-18,0.0001,0.0001,0.0001
2025-07-19,0.0001,0.0001,0.0001
2025-07-20,0.0001,0.0001,0.0001
2025-07-21,0.0001,0.0001,0.0001
2025-07-22,0.0001,0.0001,0.0001
2025-07-23,0.00011431,0.0001,0.0001
2025-07-24,0.0001,0.0001,0.0001
2025-07-25,0.0001,0.0001,0.0001
2025-07-26,0.0001,0.0001,0.0001
2025-07-27,0.0001,0.0001,0.0001
2025-07-28,0.0001,0.0001,0.0001
2025-07-29,0.0001,0.0001,0.0001
2025-07-30,0.0001,0.0001,0.0001
2025-07-31,0.0001,0.0001,0.0001
2025-08-01,-1.656e-05,-6.328e-05,3.78e-05
2025-08-02,0.0001,0.0001,0.0001
2025-08-03,0.0001,0.0001,7.948e-05
2025-08-04,4.923e-05,5.76e-05,1.817e-05
2025-08-05,7.602e-05,0.0001,4.579e-05
2025-08-06,0.0001,0.0001,8.685e-05
2025-08-07,7.728e-05,9.173e-05,1.388e-05
2025-08-08,-3.108e-05,3.508e-05,8.916e-05
2025-08-09,2.37e-06,7.59e-05,-3.166e-05
2025-08-10,1.96e-06,0.0001,0.0001
2025-08-11,0.0001,0.0001,0.0001
2025-08-12,0.0001,0.0001,3.101e-05
2025-08-13,0.0001,0.0001,0.0001
2025-08-14,0.0001,0.0001,0.0001
2025-08-15,9.395e-05,0.0001,0.0001
2025-08-16,3.229e-05,5.518e-05,5.028e-05
2025-08-17,-7.25e-06,6.699e-05,6.233e-05
2025-08-18,0.0001,9.278e-05,2.41e-05
2025-08-19,5.472e-05,-9.7e-06,2.078e-05
2025-08-20,0.0001,0.0001,0.0001
2025-08-21,8.933e-05,0.0001,0.0001
2025-08-22,7.466e-05,0.0001,7.665e-05
2025-08-23,0.0001,0.0001,0.0001
2025-08-24,0.0001,0.0001,0.0001
2025-08-25,0.0001,0.0001,0.0001
2025-08-26,0.0001,0.0001,0.0001
2025-08-27,0.0001,0.0001,4.016e-05
2025-08-28,3.951e-05,8.813e-05,7.6e-05
2025-08-29,4.099e-05,3.251e-05,4.476e-05
2025-08-30,0.0001,0.0001,0.0001
2025-08-31,0.0001,3.706e-05,5.329e-05
2025-09-01,4.929e-05,0.0001,0.0001
2025-09-02,0.0001,0.0001,0.0001
2025-09-03,0.0001,0.0001,0.0001
2025-09-04,9.011e-05,5.43e-05,5.321e-05
2025-09-05,9.591e-05,0.0001,9.934e-05
2025-09-06,8.521e-05,4.635e-05,-8.97e-06
2025-09-07,4.448e-05,0.0001,7.039e-05
2025-09-08,0.0001,2.857e-05,7.948e-05
2025-09-09,2.551e-05,1.604e-05,1.388e-05
2025-09-10,3.935e-05,0.0001,7.774e-05
2025-09-11,8.19e-06,4.762e-05,0.0001
2025-09-12,9.416e-05,6.127e-05,9.896e-05
2025-09-13,-3.243e-05,3.148e-05,6.08e-05
2025-09-14,2.142e-05,-1.938e-05,5.701e-05
2025-09-15,7.622e-05,0.0001,7.98e-05
2025-09-16,0.0001,0.0001,3.464e-05
2025-09-17,8.059e-05,4.581e-05,4.605e-05
2025-09-18,0.0001,0.0001,8.669e-05
2025-09-19,6.74e-05,6.754e-05,3.193e-05
