timestamp,bybit_mark_open,bybit_mark_high,bybit_mark_low,bybit_mark_close
2020-03-25,6718.21,6955.88,6451.31,6677.77
2020-03-26,6677.77,6779.47,6519.59,6733.91
2020-03-27,6733.91,6842.78,6284.32,6360.13
2020-03-28,6360.13,6360.76,6024.71,6238.38
2020-03-29,6238.38,6266.63,5871.62,5882.8
2020-03-30,5882.8,6599.4,5859.98,6394.55
2020-03-31,6394.55,6520.34,6331.12,6411.5
2020-04-01,6411.5,6678.59,6146.66,6643.61
2020-04-02,6643.61,7198.5,6550.3,6794.15
2020-04-03,6794.15,7032.11,6601.18,6734.19
2020-04-04,6734.19,6988.9,6652.05,6856.94
2020-04-05,6856.94,6896.88,6678.68,6771.99
2020-04-06,6771.99,7350.44,6765.98,7330.21
2020-04-07,7330.21,7454.09,7079.02,7197.46
2020-04-08,7197.46,7420.38,7150.5,7360.33
2020-04-09,7360.33,7371.45,7115.82,7283.8
2020-04-10,7283.8,7294.57,6743.89,6859.82
2020-04-11,6859.82,6943.95,6762.37,6877.25
2020-04-12,6877.25,7179.31,6780.22,6902.9
2020-04-13,6902.9,6903.27,6584.09,6837.77
2020-04-14,6837.77,6973.88,6756.08,6868.21
2020-04-15,6868.21,6930.51,6608.83,6621.52
2020-04-16,6621.52,7189.4,6473.56,7100.31
2020-04-17,7100.31,7146.06,6989.34,7027.32
2020-04-18,7027.32,7292.63,7014.52,7248.38
2020-04-19,7248.38,7261.22,7056.07,7120.85
2020-04-20,7120.85,7211.84,6752.35,6830.28
2020-04-21,6830.28,6939.44,6762.73,6841.8
2020-04-22,6841.8,7152.64,6818.84,7126.16
2020-04-23,7126.16,7733.08,7026.14,7483.5
2020-04-24,7483.5,7609.8,7399.71,7504.68
2020-04-25,7504.68,7702.24,7438.37,7539.26
2020-04-26,7539.26,7700.36,7488.42,7694.41
2020-04-27,7694.41,7791.59,7625.29,7772.37
2020-04-28,7772.37,7780.02,7660.89,7739.29
2020-04-29,7739.29,8952.92,7710.61,8779.09
2020-04-30,8779.09,9455.42,8403.3,8622.36
2020-05-01,8622.36,9057.24,8617.22,8827.17
2020-05-02,8827.17,9010.82,8755.12,8972.12
2020-05-03,8972.12,9191.66,8721.88,8895.29
2020-05-04,8895.29,8950.57,8523.4,8871.69
2020-05-05,8871.69,9105.67,8769.53,9019.84
2020-05-06,9019.84,9394.0,8914.09,9144.58
2020-05-07,9144.58,10058.11,9032.71,9984.59
2020-05-08,9984.59,10033.86,9716.1,9799.85
2020-05-09,9799.85,9912.76,9521.55,9535.86
2020-05-10,9535.86,9568.94,8126.98,8722.65
2020-05-11,8722.65,9157.93,8202.22,8560.89
2020-05-12,8560.89,8974.93,8530.09,8811.23
2020-05-13,8811.23,9396.64,8793.16,9307.55
2020-05-14,9307.55,9938.88,9257.66,9792.42
2020-05-15,9792.42,9846.09,9150.95,9314.67
2020-05-16,9314.67,9587.73,9224.78,9381.17
2020-05-17,9381.17,9884.96,9325.98,9678.91
2020-05-18,9678.91,9950.72,9481.09,9734.0
2020-05-19,9734.0,9898.38,9474.34,9775.21
2020-05-20,9775.21,9840.11,9330.14,9511.44
2020-05-21,9511.44,9574.93,8816.54,9065.16
2020-05-22,9065.16,9260.57,8936.6,9169.91
2020-05-23,9169.91,9305.62,9081.84,9177.58
2020-05-24,9177.58,9298.78,8699.92,8716.0
2020-05-25,8716.0,8977.22,8647.12,8898.68
2020-05-26,8898.68,9012.46,8700.93,8839.99
2020-05-27,8839.99,9226.29,8813.9,9203.26
2020-05-28,9203.26,9622.38,9114.52,9577.58
2020-05-29,9577.58,9604.59,9335.84,9425.31
2020-05-30,9425.31,9739.11,9333.46,9697.4
2020-05-31,9697.4,9700.88,9399.59,9450.28
2020-06-01,9450.28,10355.29,9423.83,10199.11
2020-06-02,10199.11,10220.6,9287.06,9518.28
2020-06-03,9518.28,9687.77,9389.61,9666.15
2020-06-04,9666.15,9879.01,9465.23,9788.67
2020-06-05,9788.67,9854.42,9604.53,9621.2
2020-06-06,9621.2,9734.43,9538.23,9667.96
2020-06-07,9667.96,9806.49,9387.7,9746.43
2020-06-08,9746.43,9799.88,9642.52,9779.45
2020-06-09,9779.45,9873.94,9578.07,9772.06
2020-06-10,9772.06,9990.16,9694.46,9882.46
2020-06-11,9882.46,9963.72,9105.38,9280.57
2020-06-12,9280.57,9555.37,9243.29,9466.04
2020-06-13,9466.04,9493.49,9352.55,9473.92
2020-06-14,9473.92,9481.34,9246.69,9342.2
2020-06-15,9342.2,9495.52,8913.23,9424.92
2020-06-16,9424.92,9587.81,9374.05,9524.88
2020-06-17,9524.88,9563.57,9242.2,9463.61
2020-06-18,9463.61,9485.15,9280.22,9386.75
2020-06-19,9386.75,9437.46,9242.68,9311.52
2020-06-20,9311.52,9395.35,9176.93,9358.75
2020-06-21,9358.75,9419.67,9281.79,9295.64
2020-06-22,9295.64,9780.68,9278.13,9684.94
2020-06-23,9684.94,9719.67,9579.4,9624.46
2020-06-24,9624.46,9669.94,9206.46,9297.0
2020-06-25,9297.0,9339.92,9010.49,9249.71
2020-06-26,9249.71,9298.6,9046.52,9162.19
2020-06-27,9162.19,9196.12,8838.98,9011.89
2020-06-28,9011.89,9191.53,8940.25,9117.53
2020-06-29,9117.53,9235.33,9027.83,9189.93
2020-06-30,9189.93,9204.69,9066.11,9137.56
2020-07-01,9137.56,9291.21,9093.23,9231.26
2020-07-02,9231.26,9263.07,8942.38,9086.48
2020-07-03,9086.48,9125.2,9040.14,9059.05
2020-07-04,9059.05,9190.75,9044.4,9135.18
2020-07-05,9135.18,9145.46,8909.1,9073.33
2020-07-06,9073.33,9375.01,9059.38,9344.62
2020-07-07,9344.62,9379.32,9205.93,9256.63
2020-07-08,9256.63,9469.93,9232.63,9435.54
2020-07-09,9435.54,9440.78,9161.58,9233.25
2020-07-10,9233.25,9314.95,9126.64,9288.29
2020-07-11,9288.29,9299.17,9179.36,9234.2
2020-07-12,9234.2,9345.36,9159.25,9300.64
2020-07-13,9300.64,9341.59,9202.87,9242.18
2020-07-14,9242.18,9275.04,9117.2,9254.17
2020-07-15,9254.17,9273.62,9161.33,9198.4
2020-07-16,9198.4,9225.3,9048.84,9133.95
2020-07-17,9133.95,9184.9,9090.37,9155.2
2020-07-18,9155.2,9206.9,9124.96,9169.12
2020-07-19,9169.12,9230.22,9102.23,9207.96
2020-07-20,9207.96,9219.68,9132.87,9160.63
2020-07-21,9160.63,9436.38,9153.39,9388.36
2020-07-22,9388.36,9532.23,9278.06,9517.92
2020-07-23,9517.92,9661.18,9443.79,9603.57
2020-07-24,9603.57,9633.7,9466.87,9538.38
2020-07-25,9538.38,9730.52,9525.59,9700.4
2020-07-26,9700.4,10126.76,9648.24,9931.28
2020-07-27,9931.28,11384.07,9921.88,11028.89
2020-07-28,11028.89,11239.33,10569.33,10907.57
2020-07-29,10907.57,11340.06,10834.86,11101.01
2020-07-30,11101.01,11169.97,10833.6,11099.63
2020-07-31,11099.63,11443.26,10961.99,11336.26
2020-08-01,11336.26,11857.65,11221.52,11802.3
2020-08-02,11802.3,12104.72,10527.13,11070.8
2020-08-03,11070.8,11471.0,10942.77,11219.44
2020-08-04,11219.44,11414.98,11017.8,11190.46
2020-08-05,11190.46,11780.12,11098.56,11741.9
2020-08-06,11741.9,11899.62,11564.84,11762.87
2020-08-07,11762.87,11910.06,11323.69,11593.16
2020-08-08,11593.16,11807.64,11517.7,11762.09
2020-08-09,11762.09,11795.99,11525.44,11680.41
2020-08-10,11680.41,12054.29,11501.62,11891.99
2020-08-11,11891.99,11935.35,11128.91,11389.92
2020-08-12,11389.92,11617.83,11153.68,11565.04
2020-08-13,11565.04,11788.62,11273.47,11776.95
2020-08-14,11776.95,11857.68,11634.33,11760.26
2020-08-15,11760.26,11984.79,11689.08,11852.96
2020-08-16,11852.96,11936.55,11690.31,11910.31
2020-08-17,11910.31,12458.72,11773.75,12280.91
2020-08-18,12280.91,12405.67,11825.85,11945.37
2020-08-19,11945.37,12031.57,11577.48,11753.11
2020-08-20,11753.11,11880.15,11669.23,11855.2
2020-08-21,11855.2,11878.35,11494.53,11529.85
2020-08-22,11529.85,11684.68,11380.63,11664.46
2020-08-23,11664.46,11715.21,11516.15,11647.45
2020-08-24,11647.45,11824.13,11589.16,11750.6
2020-08-25,11750.6,11767.17,11121.33,11320.78
2020-08-26,11320.78,11538.97,11246.45,11461.41
2020-08-27,11461.41,11585.92,11127.02,11326.93
2020-08-28,11326.93,11542.99,11280.58,11526.89
2020-08-29,11526.89,11579.14,11421.57,11466.68
2020-08-30,11466.68,11717.01,11460.62,11712.0
2020-08-31,11712.0,11774.88,11571.66,11650.45
2020-09-01,11650.45,12059.08,11529.97,11921.86
2020-09-02,11921.86,11960.48,11165.84,11388.02
2020-09-03,11388.02,11461.55,9953.21,10138.11
2020-09-04,10138.11,10625.83,9893.43,10447.7
2020-09-05,10447.7,10566.66,9837.77,10166.91
2020-09-06,10166.91,10345.63,9997.64,10256.08
2020-09-07,10256.08,10405.24,9878.26,10372.86
2020-09-08,10372.86,10438.53,9851.16,10127.11
2020-09-09,10127.11,10340.02,9982.51,10219.2
2020-09-10,10219.2,10482.55,10213.47,10336.87
2020-09-11,10336.87,10396.4,10201.4,10387.24
2020-09-12,10387.24,10478.07,10270.93,10439.74
2020-09-13,10439.74,10580.44,10213.22,10330.05
2020-09-14,10330.05,10749.65,10245.49,10671.74
2020-09-15,10671.74,10929.25,10610.04,10785.22
2020-09-16,10785.22,11092.71,10665.3,10953.36
2020-09-17,10953.36,11044.0,10750.49,10939.55
2020-09-18,10939.55,11037.77,10814.55,10933.43
2020-09-19,10933.43,11177.91,10887.78,11080.39
2020-09-20,11080.39,11080.39,10762.09,10920.26
2020-09-21,10920.26,10987.15,10299.68,10417.27
2020-09-22,10417.27,10573.18,10360.44,10529.39
2020-09-23,10529.39,10536.96,10139.46,10241.11
2020-09-24,10241.11,10793.94,10199.59,10735.07
2020-09-25,10735.07,10758.07,10555.92,10687.12
2020-09-26,10687.12,10820.89,10647.4,10728.63
2020-09-27,10728.63,10799.82,10595.5,10774.05
2020-09-28,10774.05,10952.8,10640.27,10696.51
2020-09-29,10696.51,10864.67,10638.75,10840.47
2020-09-30,10840.47,10848.6,10667.08,10776.81
2020-10-01,10776.81,10916.55,10441.69,10619.76
2020-10-02,10619.76,10664.13,10376.51,10570.54
2020-10-03,10570.54,10601.51,10496.64,10541.73
2020-10-04,10541.73,10695.69,10519.7,10666.88
2020-10-05,10666.88,10797.82,10618.31,10791.61
2020-10-06,10791.61,10791.61,10525.66,10600.65
2020-10-07,10600.65,10681.02,10550.13,10666.0
2020-10-08,10666.0,10949.08,10533.87,10924.89
2020-10-09,10924.89,11096.84,10829.34,11050.89
2020-10-10,11050.89,11488.63,11046.11,11293.42
2020-10-11,11293.42,11444.95,11274.39,11369.46
2020-10-12,11369.46,11722.78,11189.42,11530.31
2020-10-13,11530.31,11558.56,11307.74,11419.49
2020-10-14,11419.49,11545.4,11290.23,11417.71
2020-10-15,11417.71,11608.12,11255.41,11503.99
2020-10-16,11503.99,11540.57,11200.64,11316.24
2020-10-17,11316.24,11401.2,11259.03,11358.57
2020-10-18,11358.57,11507.98,11345.92,11502.08
2020-10-19,11502.08,11824.06,11407.28,11748.8
2020-10-20,11748.8,12030.58,11677.68,11907.61
2020-10-21,11907.61,13205.16,11883.49,12780.89
2020-10-22,12780.89,13179.35,12678.59,12961.7
2020-10-23,12961.7,13031.51,12737.14,12921.34
2020-10-24,12921.34,13163.77,12880.14,13107.89
2020-10-25,13107.89,13344.35,12894.81,13026.72
2020-10-26,13026.72,13221.36,12771.8,13049.32
2020-10-27,13049.32,13779.02,13034.22,13631.65
2020-10-28,13631.65,13846.26,12889.93,13262.73
2020-10-29,13262.73,13627.62,12964.33,13447.32
2020-10-30,13447.32,13654.82,13108.89,13550.21
2020-10-31,13550.21,14076.03,13409.12,13778.63
2020-11-01,13778.63,13879.83,13605.51,13744.69
2020-11-02,13744.69,13818.31,13188.17,13534.71
2020-11-03,13534.71,14045.71,13277.16,14011.25
2020-11-04,14011.25,14235.49,13514.55,14128.1
2020-11-05,14128.1,15727.69,14083.8,15582.95
2020-11-06,15582.95,15951.7,15187.89,15576.52
2020-11-07,15576.52,15757.13,14363.91,14815.15
2020-11-08,14815.15,15648.7,14707.89,15471.49
2020-11-09,15471.49,15831.26,14817.56,15316.55
2020-11-10,15316.55,15459.89,15070.91,15287.41
2020-11-11,15287.41,15963.18,15272.28,15673.26
2020-11-12,15673.26,16328.22,15449.12,16285.12
2020-11-13,16285.12,16464.57,15946.65,16308.95
2020-11-14,16308.95,16320.18,15689.97,16055.51
2020-11-15,16055.51,16148.59,15756.37,15934.22
2020-11-16,15934.22,16867.79,15848.48,16696.97
2020-11-17,16696.97,17850.44,16542.11,17647.23
2020-11-18,17647.23,18464.34,17247.8,17760.46
2020-11-19,17760.46,18172.92,17373.08,17801.85
2020-11-20,17801.85,18844.26,17776.55,18655.76
2020-11-21,18655.76,18987.66,18349.37,18697.36
2020-11-22,18697.36,18794.24,17652.12,18414.74
2020-11-23,18414.74,18787.13,18040.85,18369.18
2020-11-24,18369.18,19412.92,18038.26,19160.0
2020-11-25,19160.0,19486.56,18510.08,18723.1
2020-11-26,18723.1,18913.97,16204.81,17148.14
2020-11-27,17148.14,17454.35,16451.54,17140.77
2020-11-28,17140.77,17875.79,16870.68,17721.16
2020-11-29,17721.16,18341.55,17522.53,18182.84
2020-11-30,18182.84,19849.32,18182.84,19693.95
2020-12-01,19693.95,19894.75,18103.2,18766.94
2020-12-02,18766.94,19340.73,18330.69,19205.06
2020-12-03,19205.06,19601.53,18873.51,19421.77
2020-12-04,19421.77,19525.41,18571.76,18651.38
2020-12-05,18651.38,19178.18,18507.48,19150.9
2020-12-06,19150.9,19419.55,18858.39,19360.32
2020-12-07,19360.32,19422.22,18905.34,19170.56
2020-12-08,19170.56,19296.92,18200.33,18323.87
2020-12-09,18323.87,18636.37,17646.69,18541.52
2020-12-10,18541.52,18553.92,17912.26,18251.5
2020-12-11,18251.5,18294.65,17591.44,18035.16
2020-12-12,18035.16,18941.26,18017.23,18805.68
2020-12-13,18805.68,19408.7,18709.76,19173.26
2020-12-14,19173.26,19349.21,19007.87,19273.24
2020-12-15,19273.24,19570.05,19053.27,19426.13
2020-12-16,19426.13,21543.11,19282.65,21337.62
2020-12-17,21337.62,23803.59,21237.33,22810.47
2020-12-18,22810.47,23285.68,22361.24,23109.61
2020-12-19,23109.61,24173.07,22761.59,23823.95
2020-12-20,23823.95,24289.96,23094.92,23470.92
2020-12-21,23470.92,24114.51,21959.25,22720.05
2020-12-22,22720.05,23831.96,22376.95,23815.55
2020-12-23,23815.55,24110.81,22616.06,23233.0
2020-12-24,23233.0,23794.72,22707.77,23729.11
2020-12-25,23729.11,24784.6,23438.0,24708.3
2020-12-26,24708.3,26852.76,24502.47,26487.54
2020-12-27,26487.54,28439.44,25858.98,26287.15
2020-12-28,26287.15,27503.42,26132.52,27078.37
2020-12-29,27078.37,27410.18,25896.53,27384.58
2020-12-30,27384.58,29003.4,27379.54,28876.48
2020-12-31,28876.48,29328.49,27907.77,28923.03
2021-01-01,28923.03,29603.21,28661.51,29333.08
2021-01-02,29333.08,33298.9,28957.13,32184.76
2021-01-03,32184.76,34762.36,32036.1,33010.37
2021-01-04,33010.37,33618.99,27996.89,31994.55
2021-01-05,31994.55,34370.79,29907.66,33940.04
2021-01-06,33940.04,36933.4,33331.33,36760.78
2021-01-07,36760.78,40398.42,36380.44,39435.56
2021-01-08,39435.56,41939.18,36622.22,40584.42
2021-01-09,40584.42,41378.61,38746.12,40092.73
2021-01-10,40092.73,41386.72,35253.16,38163.17
2021-01-11,38163.17,38279.11,30443.01,35406.86
2021-01-12,35406.86,36620.98,32558.3,34049.1
2021-01-13,34049.1,37786.91,32394.47,37366.83
2021-01-14,37366.83,40101.95,36756.9,39152.24
2021-01-15,39152.24,39772.76,34442.66,36750.9
2021-01-16,36750.9,37943.52,35377.96,35995.87
2021-01-17,35995.87,36851.37,33863.51,35847.98
2021-01-18,35847.98,37464.15,34790.86,36620.37
2021-01-19,36620.37,37950.59,35879.15,35896.32
2021-01-20,35896.32,36466.35,33406.66,35473.57
2021-01-21,35473.57,35602.36,30086.12,30849.38
2021-01-22,30849.38,33814.14,28862.95,32957.54
2021-01-23,32957.54,33454.61,31394.7,32084.69
2021-01-24,32084.69,33067.36,30923.15,32258.19
2021-01-25,32258.19,34858.48,31923.56,32269.98
2021-01-26,32269.98,32905.73,30836.23,32472.55
2021-01-27,32472.55,32550.94,29252.21,30351.55
2021-01-28,30351.55,33753.24,29850.04,33351.27
2021-01-29,33351.27,38528.09,31925.15,34242.19
2021-01-30,34242.19,34967.43,32873.51,34272.53
2021-01-31,34272.53,34338.44,32192.7,33100.02
2021-02-01,33100.02,34687.91,32306.47,33527.95
2021-02-02,33527.95,35994.42,33433.57,35478.95
2021-02-03,35478.95,37657.28,35423.45,37619.08
2021-02-04,37619.08,38710.03,36177.33,36946.89
2021-02-05,36946.89,38307.37,36597.54,38275.55
2021-02-06,38275.55,40953.76,38227.13,39192.07
2021-02-07,39192.07,39730.77,37405.19,38802.85
2021-02-08,38802.85,46719.05,38028.29,46358.64
2021-02-09,46358.64,48138.86,45042.47,46436.8
2021-02-10,46436.8,47375.38,43739.61,44810.02
2021-02-11,44810.02,48658.49,44089.01,47969.1
2021-02-12,47969.1,49053.45,46202.62,47312.55
2021-02-13,47312.55,48154.45,46267.22,47150.4
2021-02-14,47150.4,49717.94,47075.63,48583.66
2021-02-15,48583.66,49116.96,45786.46,47912.16
2021-02-16,47912.16,50611.14,47059.48,49164.7
2021-02-17,49164.7,52627.62,49058.96,52116.15
2021-02-18,52116.15,52600.83,50956.39,51557.91
2021-02-19,51557.91,56325.57,50815.22,55899.25
2021-02-20,55899.25,57599.97,53958.32,55849.09
2021-02-21,55849.09,58366.87,55602.41,57410.37
2021-02-22,57410.37,57581.81,47831.0,54103.65
2021-02-23,54103.65,54200.46,44947.05,48900.15
2021-02-24,48900.15,51350.48,47014.62,49681.67
2021-02-25,49681.67,52023.06,46700.52,47100.06
2021-02-26,47100.06,48413.41,44133.65,46302.56
2021-02-27,46302.56,48389.65,45001.26,46120.23
2021-02-28,46120.23,46628.26,43018.91,45148.19
2021-03-01,45148.19,49790.49,44962.76,49592.91
2021-03-02,49592.91,50192.47,47061.28,48448.7
2021-03-03,48448.7,52618.82,48108.75,50353.37
2021-03-04,50353.37,51777.13,47510.55,48372.7
2021-03-05,48372.7,49444.89,46334.16,48757.28
2021-03-06,48757.28,49190.73,47099.76,48871.5
2021-03-07,48871.5,51450.16,48871.5,50978.37
2021-03-08,50978.37,52384.07,49311.36,52374.73
2021-03-09,52374.73,54883.73,51851.96,54883.0
2021-03-10,54883.0,57403.69,53046.84,55869.14
2021-03-11,55869.14,58144.37,54341.18,57790.84
2021-03-12,57790.84,58122.15,55063.71,57250.25
2021-03-13,57250.25,61828.28,56097.53,61178.71
2021-03-14,61178.71,61795.5,58987.29,58988.15
2021-03-15,58988.15,60670.4,54761.38,55624.02
2021-03-16,55624.02,56917.78,53329.46,56898.05
2021-03-17,56898.05,58954.67,54162.92,58912.56
2021-03-18,58912.56,60142.76,57046.78,57651.82
2021-03-19,57651.82,59462.25,56309.45,58035.74
2021-03-20,58035.74,59888.56,57834.77,58115.29
2021-03-21,58115.29,58642.56,55514.17,57346.77
2021-03-22,57346.77,58428.81,53693.77,54076.22
2021-03-23,54076.22,55831.2,53009.9,54347.42
2021-03-24,54347.42,57196.22,51717.83,52302.73
2021-03-25,52302.73,53235.84,50476.13,51302.42
2021-03-26,51302.42,55067.29,51239.01,55026.68
2021-03-27,55026.68,56624.49,53964.9,55838.04
2021-03-28,55838.04,56552.77,54704.07,55777.64
2021-03-29,55777.64,58391.72,54924.71,57634.31
2021-03-30,57634.31,59403.54,57099.05,58747.53
2021-03-31,58747.53,59798.05,56918.74,58749.19
2021-04-01,58749.19,59574.03,57980.38,58727.13
2021-04-02,58727.13,60193.71,58496.26,58972.44
2021-04-03,58972.44,59855.95,56912.32,57060.62
2021-04-04,57060.62,58495.0,56507.71,58199.51
2021-04-05,58199.51,59273.17,56805.28,59130.03
2021-04-06,59130.03,59512.97,57425.38,57987.72
2021-04-07,57987.72,58663.12,55508.62,55953.16
2021-04-08,55953.16,58156.83,55716.57,58083.17
2021-04-09,58083.17,58902.91,57666.28,58137.8
2021-04-10,58137.8,61313.28,57905.27,59776.56
2021-04-11,59776.56,60752.04,59248.85,59999.47
2021-04-12,59999.47,61260.52,59453.73,59856.01
2021-04-13,59856.01,63810.0,59856.01,63573.48
2021-04-14,63573.48,64859.13,61419.39,62966.06
2021-04-15,62966.06,63796.22,62075.96,63151.15
2021-04-16,63151.15,63587.36,60092.01,61339.92
2021-04-17,61339.92,62531.57,59652.93,60005.32
2021-04-18,60005.32,60491.8,51262.42,56156.56
2021-04-19,56156.56,57520.43,54248.0,55633.23
2021-04-20,55633.23,57062.46,53349.34,56439.72
2021-04-21,56439.72,56763.05,53628.0,53787.76
2021-04-22,53787.76,55466.9,50511.66,51700.48
2021-04-23,51700.48,52151.61,47566.56,51113.89
2021-04-24,51113.89,51163.06,48677.76,50033.49
2021-04-25,50033.49,50551.39,46997.76,49075.16
2021-04-26,49075.16,54329.6,48769.41,53998.99
2021-04-27,53998.99,55449.78,53246.74,55016.23
2021-04-28,55016.23,56417.89,53818.91,54837.56
2021-04-29,54837.56,55199.21,52355.85,53555.1
2021-04-30,53555.1,57921.79,53063.73,57687.92
2021-05-01,57687.92,58454.46,57016.04,57800.04
2021-05-02,57800.04,57938.6,56083.04,56579.35
2021-05-03,56579.35,58970.75,56479.5,57151.02
2021-05-04,57151.02,57245.03,53090.62,53211.29
2021-05-05,53211.29,57987.77,52952.36,57436.47
2021-05-06,57436.47,58389.77,55303.36,56394.4
2021-05-07,56394.4,58649.68,55267.85,57312.73
2021-05-08,57312.73,59503.34,56941.33,58859.78
2021-05-09,58859.78,59229.56,56258.09,58241.0
2021-05-10,58241.0,59512.5,53660.27,55811.62
2021-05-11,55811.62,56860.91,54515.53,56670.25
2021-05-12,56670.25,57978.41,48612.38,49589.2
2021-05-13,49589.2,51357.56,46087.39,49674.04
2021-05-14,49674.04,51464.85,48843.23,49844.72
2021-05-15,49844.72,50677.02,46575.52,46769.57
2021-05-16,46769.57,49794.2,43884.45,46416.55
2021-05-17,46416.55,46626.45,42124.33,43533.06
2021-05-18,43533.06,45788.51,42262.55,42848.43
2021-05-19,42848.43,43599.11,29825.02,36668.8
2021-05-20,36668.8,42403.24,34916.29,40534.03
2021-05-21,40534.03,42209.89,33504.42,37261.82
2021-05-22,37261.82,38820.22,35212.75,37452.55
2021-05-23,37452.55,38274.04,31115.14,34634.32
2021-05-24,34634.32,39901.87,34396.06,38798.58
2021-05-25,38798.58,39793.6,36443.21,38326.62
2021-05-26,38326.62,40822.06,37806.76,39241.28
2021-05-27,39241.28,40404.6,37144.63,38521.47
2021-05-28,38521.47,38867.13,34715.03,35665.12
2021-05-29,35665.12,37317.01,33650.32,34600.75
2021-05-30,34600.75,36487.1,33398.79,35643.03
2021-05-31,35643.03,37489.94,34160.78,37255.07
2021-06-01,37255.07,37864.57,35708.13,36691.63
2021-06-02,36691.63,38221.92,35931.4,37569.7
2021-06-03,37569.7,39477.37,37182.57,39240.52
2021-06-04,39240.52,39283.68,35581.31,36831.96
2021-06-05,36831.96,37896.65,34822.0,35512.52
2021-06-06,35512.52,36455.99,35241.54,35796.77
2021-06-07,35796.77,36801.44,33324.11,33564.55
2021-06-08,33564.55,34052.48,31012.45,33380.63
2021-06-09,33380.63,37520.25,32392.16,37376.82
2021-06-10,37376.82,38444.58,35804.61,36673.89
2021-06-11,36673.89,37667.52,35960.21,37331.93
2021-06-12,37331.93,37459.7,34623.74,35546.24
2021-06-13,35546.24,39352.22,34771.57,39015.76
2021-06-14,39015.76,41014.25,38744.02,40516.09
2021-06-15,40516.09,41323.12,39531.75,40146.48
2021-06-16,40146.48,40493.34,38128.89,38348.61
2021-06-17,38348.61,39551.49,37387.99,38086.02
2021-06-18,38086.02,38205.88,35139.18,35823.92
2021-06-19,35823.92,36444.6,34821.47,35487.18
2021-06-20,35487.18,36118.21,33341.47,35600.59
2021-06-21,35600.59,35746.32,31266.25,31620.08
2021-06-22,31620.08,33284.72,28830.57,32508.08
2021-06-23,32508.08,34815.68,31707.46,33667.99
2021-06-24,33667.99,35270.87,32329.75,34661.97
2021-06-25,34661.97,35490.19,31285.52,31585.45
2021-06-26,31585.45,32713.59,30159.54,32287.61
2021-06-27,32287.61,34741.95,32000.24,34695.14
2021-06-28,34695.14,35289.07,33880.42,34491.8
2021-06-29,34491.8,36596.31,34234.74,35910.81
2021-06-30,35910.81,36099.75,34050.64,35041.88
2021-07-01,35041.88,35054.35,32717.69,33529.84
2021-07-02,33529.84,33972.89,32704.29,33786.4
2021-07-03,33786.4,34948.54,33329.05,34667.9
2021-07-04,34667.9,35959.27,34365.72,35285.03
2021-07-05,35285.03,35289.25,33135.04,33686.07
2021-07-06,33686.07,35097.06,33539.47,34221.48
2021-07-07,34221.48,35045.08,33787.81,33859.81
2021-07-08,33859.81,33925.54,32099.77,32878.05
2021-07-09,32878.05,34097.95,32278.28,33811.56
2021-07-10,33811.56,34258.09,33038.18,33504.02
2021-07-11,33504.02,34607.23,33313.33,34252.02
2021-07-12,34252.02,34650.04,32662.38,33096.81
2021-07-13,33096.81,33334.14,32208.75,32727.66
2021-07-14,32727.66,33098.1,31603.38,32817.88
2021-07-15,32817.88,33181.96,31150.26,31870.37
2021-07-16,31870.37,32242.99,31033.47,31383.68
2021-07-17,31383.68,31958.13,31173.16,31517.77
2021-07-18,31517.77,32428.57,31112.28,31778.24
2021-07-19,31778.24,31894.08,30438.81,30834.19
2021-07-20,30834.19,31059.4,29297.41,29786.71
2021-07-21,29786.71,32810.39,29500.12,32137.07
2021-07-22,32137.07,32574.64,31719.53,32288.28
2021-07-23,32288.28,33629.38,31995.02,33625.46
2021-07-24,33625.46,34475.12,33398.61,34251.04
2021-07-25,34251.04,35396.6,33828.52,35383.19
2021-07-26,35383.19,40548.08,35189.62,37241.89
2021-07-27,37241.89,39519.56,36398.32,39455.97
2021-07-28,39455.97,40878.08,38800.29,40019.76
2021-07-29,40019.76,40635.34,39261.07,40018.7
2021-07-30,40018.7,42283.04,38334.36,42199.35
2021-07-31,42199.35,42365.49,41037.23,41458.69
2021-08-01,41458.69,42575.39,39433.66,39844.66
2021-08-02,39844.66,40451.67,38693.28,39150.2
2021-08-03,39150.2,39774.05,37657.49,38206.68
2021-08-04,38206.68,39962.96,37510.65,39727.04
2021-08-05,39727.04,41352.54,37341.29,40862.53
2021-08-06,40862.53,43363.35,39889.19,42836.96
2021-08-07,42836.96,44694.3,42460.83,44577.21
2021-08-08,44577.21,45298.07,43280.33,43794.28
2021-08-09,43794.28,46455.99,42792.64,46261.41
2021-08-10,46261.41,46688.46,44647.43,45579.33
2021-08-11,45579.33,46737.55,45349.45,45539.96
2021-08-12,45539.96,46215.97,43784.89,44398.63
2021-08-13,44398.63,47865.48,44237.0,47799.03
2021-08-14,47799.03,48126.29,46015.71,47068.54
2021-08-15,47068.54,47369.57,45501.85,46980.95
2021-08-16,46980.95,48043.83,45663.39,45900.59
2021-08-17,45900.59,47152.52,44401.71,44675.94
2021-08-18,44675.94,46008.38,44225.68,44701.16
2021-08-19,44701.16,47033.67,43941.27,46758.51
2021-08-20,46758.51,49373.72,46640.99,49315.12
2021-08-21,49315.12,49759.48,48239.46,48824.76
2021-08-22,48824.76,49482.4,48062.58,49242.39
2021-08-23,49242.39,50485.92,49022.83,49496.01
2021-08-24,49496.01,49857.23,47602.15,47673.75
2021-08-25,47673.75,49257.67,47154.69,48975.42
2021-08-26,48975.42,49350.19,46301.53,46834.02
2021-08-27,46834.02,49143.4,46374.63,49053.82
2021-08-28,49053.82,49285.94,48362.93,48889.57
2021-08-29,48889.57,49634.14,47773.09,48762.53
2021-08-30,48762.53,48877.59,46859.0,46977.52
2021-08-31,46977.52,48253.59,46720.06,47104.93
2021-09-01,47104.93,49110.63,46538.04,48817.98
2021-09-02,48817.98,50350.98,48598.64,49250.36
2021-09-03,49250.36,51003.71,48360.05,49992.49
2021-09-04,49992.49,50539.37,49379.35,49906.7
2021-09-05,49906.7,51875.69,49467.12,51759.55
2021-09-06,51759.55,52770.12,50960.18,52663.23
2021-09-07,52663.23,52920.46,42923.1,46854.7
2021-09-08,46854.7,47340.95,44429.86,46061.67
2021-09-09,46061.67,47386.51,45541.78,46391.21
2021-09-10,46391.21,47030.74,44144.64,44851.55
2021-09-11,44851.55,45984.12,44736.55,45167.04
2021-09-12,45167.04,46434.57,44747.71,46020.71
2021-09-13,46020.71,46850.86,43403.35,44940.42
2021-09-14,44940.42,47247.07,44690.79,47107.26
2021-09-15,47107.26,48437.79,46697.71,48125.01
2021-09-16,48125.01,48481.26,47037.5,47741.57
2021-09-17,47741.57,48151.38,46766.38,47283.92
2021-09-18,47283.92,48798.15,47045.9,48296.44
2021-09-19,48296.44,48373.4,46835.02,47241.83
2021-09-20,47241.83,47346.2,42501.18,43019.75
2021-09-21,43019.75,43631.64,39610.97,40721.73
2021-09-22,40721.73,43993.28,40575.09,43550.24
2021-09-23,43550.24,44966.54,43065.88,44865.03
2021-09-24,44865.03,45132.15,40685.16,42808.2
2021-09-25,42808.2,42967.8,41664.05,42669.09
2021-09-26,42669.09,43917.8,40749.47,43161.74
2021-09-27,43161.74,44346.04,42098.15,42152.32
2021-09-28,42152.32,42761.2,40887.12,41025.25
2021-09-29,41025.25,42577.7,40758.39,41528.44
2021-09-30,41528.44,44110.79,41421.57,43815.98
2021-10-01,43815.98,48456.61,43290.67,48134.44
2021-10-02,48134.44,48333.65,47432.74,47634.27
2021-10-03,47634.27,49212.99,47104.09,48196.53
2021-10-04,48196.53,49485.68,46918.06,49220.96
2021-10-05,49220.96,51873.94,49026.28,51463.76
2021-10-06,51463.76,55747.65,50403.85,55310.85
2021-10-07,55310.85,55328.42,53381.29,53782.19
2021-10-08,53782.19,56081.03,53651.3,53946.59
2021-10-09,53946.59,55480.04,53692.12,54946.6
2021-10-10,54946.6,56497.46,54116.37,54667.56
2021-10-11,54667.56,57822.94,54443.12,57473.0
2021-10-12,57473.0,57648.95,53956.65,56006.79
2021-10-13,56006.79,57775.16,54269.01,57373.44
2021-10-14,57373.44,58516.41,56835.37,57343.53
2021-10-15,57343.53,62923.69,56873.85,61677.18
2021-10-16,61677.18,62368.93,60212.57,60875.9
2021-10-17,60875.9,61688.33,58981.18,61520.04
2021-10-18,61520.04,62681.96,59934.31,62014.32
2021-10-19,62014.32,64458.71,61370.51,64273.53
2021-10-20,64273.53,66975.81,63511.17,66001.41
2021-10-21,66001.41,66734.17,62036.91,62201.41
2021-10-22,62201.41,63761.48,60041.09,60690.83
2021-10-23,60690.83,61746.16,59675.8,61291.89
2021-10-24,61291.89,61503.69,59566.92,60850.9
2021-10-25,60850.9,63708.61,60689.95,63078.78
2021-10-26,63078.78,63295.39,59853.62,60307.98
2021-10-27,60307.98,61496.15,58031.16,58411.96
2021-10-28,58411.96,62468.17,57823.74,60581.87
2021-10-29,60581.87,62968.85,60235.82,62242.09
2021-10-30,62242.09,62365.07,60724.89,61856.75
2021-10-31,61856.75,62409.4,59973.76,61294.54
2021-11-01,61294.54,62438.33,59472.3,60902.77
2021-11-02,60902.77,64257.84,60655.99,63208.24
2021-11-03,63208.24,63539.16,60444.6,62890.9
2021-11-04,62890.9,63126.54,60712.33,61395.48
2021-11-05,61395.48,62583.09,60730.9,60943.51
2021-11-06,60943.51,61547.22,60096.67,61468.11
2021-11-07,61468.11,63266.89,61352.03,63259.24
2021-11-08,63259.24,67774.77,63259.24,67519.83
2021-11-09,67519.83,68505.85,66280.82,66943.84
2021-11-10,66943.84,69009.92,62898.52,64883.03
2021-11-11,64883.03,65599.92,64120.59,64779.22
2021-11-12,64779.22,65454.23,62303.59,64121.35
2021-11-13,64121.35,64962.63,63374.8,64379.78
2021-11-14,64379.78,65510.96,63598.5,65500.65
2021-11-15,65500.65,66334.05,63422.38,63609.24
2021-11-16,63609.24,63658.07,58611.74,60060.88
2021-11-17,60060.88,60815.15,58414.34,60341.49
2021-11-18,60341.49,60959.54,56495.99,56894.3
2021-11-19,56894.3,58320.49,55626.22,58050.69
2021-11-20,58050.69,59841.57,57375.51,59697.99
2021-11-21,59697.99,60006.35,58506.96,58601.32
2021-11-22,58601.32,59374.69,55621.87,56249.01
2021-11-23,56249.01,57852.27,55382.81,57535.91
2021-11-24,57535.91,57730.66,55884.11,57140.41
2021-11-25,57140.41,59397.51,57020.11,58933.99
2021-11-26,58933.99,59156.8,53509.46,53728.9
2021-11-27,53728.9,55295.95,53650.83,54726.66
2021-11-28,54726.66,57425.41,53291.08,57275.05
2021-11-29,57275.05,58854.23,56687.14,57769.76
2021-11-30,57769.76,59170.76,55882.43,56936.18
2021-12-01,56936.18,59063.29,56460.76,57176.96
2021-12-02,57176.96,57375.24,55785.5,56483.89
2021-12-03,56483.89,57594.93,51710.39,53619.19
2021-12-04,53619.19,53857.99,42048.18,49164.26
2021-12-05,49164.26,49686.3,47746.01,49390.68
2021-12-06,49390.68,50874.79,47166.78,50438.63
2021-12-07,50438.63,51918.47,50037.18,50589.0
2021-12-08,50589.0,51183.0,48617.92,50464.9
2021-12-09,50464.9,50791.99,47329.53,47555.7
2021-12-10,47555.7,50097.11,46881.39,47154.04
2021-12-11,47154.04,49477.02,46786.17,49366.06
2021-12-12,49366.06,50773.88,48644.3,50056.38
2021-12-13,50056.38,50188.04,45778.81,46702.94
2021-12-14,46702.94,48643.44,46293.38,48349.96
2021-12-15,48349.96,49481.94,46549.9,48865.1
2021-12-16,48865.1,49433.99,47524.15,47634.35
2021-12-17,47634.35,47997.95,45469.41,46136.07
2021-12-18,46136.07,47338.03,45511.5,46831.7
2021-12-19,46831.7,48288.3,46420.66,46679.43
2021-12-20,46679.43,47524.89,45562.32,46906.99
2021-12-21,46906.99,49311.03,46655.92,48891.84
2021-12-22,48891.84,49560.11,48431.55,48588.91
2021-12-23,48588.91,51362.64,48041.91,50824.49
2021-12-24,50824.49,51811.37,50404.28,50810.08
2021-12-25,50810.08,51138.22,50167.44,50399.33
2021-12-26,50399.33,51272.33,49427.65,50774.79
2021-12-27,50774.79,52074.97,50453.46,50700.52
2021-12-28,50700.52,50705.59,47317.8,47545.32
2021-12-29,47545.32,48134.49,46101.02,46467.82
2021-12-30,46467.82,47901.78,45947.81,47122.26
2021-12-31,47122.26,48553.86,45681.78,46216.79
2022-01-01,46216.79,47947.3,46216.79,47724.22
2022-01-02,47724.22,47985.42,46677.09,47290.07
2022-01-03,47290.07,47570.43,45708.89,46446.45
2022-01-04,46446.45,47533.47,45560.24,45831.99
2022-01-05,45831.99,47062.68,42478.98,43450.1
2022-01-06,43450.1,43786.51,42441.67,43082.75
2022-01-07,43082.75,43143.87,40611.38,41562.26
2022-01-08,41562.26,42296.94,40526.56,41679.91
2022-01-09,41679.91,42782.64,41221.46,41864.89
2022-01-10,41864.89,42237.8,39650.49,41821.64
2022-01-11,41821.64,43097.08,41271.24,42725.0
2022-01-12,42725.0,44303.69,42455.36,43902.22
2022-01-13,43902.22,44419.96,42323.45,42566.57
2022-01-14,42566.57,43443.94,41771.47,43062.82
2022-01-15,43062.82,43793.7,42565.94,43083.61
2022-01-16,43083.61,43468.85,42598.67,43074.59
2022-01-17,43074.59,43179.92,41551.07,42204.87
2022-01-18,42204.87,42672.43,41291.06,42354.04
2022-01-19,42354.04,42559.01,41156.45,41663.96
2022-01-20,41663.96,43500.45,40563.93,40681.88
2022-01-21,40681.88,41101.22,35444.68,36451.75
2022-01-22,36451.75,36815.9,34026.84,35061.87
2022-01-23,35061.87,36499.29,34625.19,36251.13
2022-01-24,36251.13,37527.16,32959.34,36670.26
2022-01-25,36670.26,37522.86,35707.42,36957.36
2022-01-26,36957.36,38892.22,36257.47,36807.4
2022-01-27,36807.4,37222.05,35518.44,37163.43
2022-01-28,37163.43,37999.22,36165.05,37716.77
2022-01-29,37716.77,38712.14,37315.37,38166.52
2022-01-30,38166.52,38345.98,37356.54,37889.63
2022-01-31,37889.63,38731.5,36638.36,38465.32
2022-02-01,38465.32,39252.66,38010.33,38697.08
2022-02-02,38697.08,38854.73,36600.89,36896.02
2022-02-03,36896.02,37351.36,36255.76,37314.2
2022-02-04,37314.2,41720.1,37033.24,41570.16
2022-02-05,41570.16,41900.27,40946.34,41388.7
2022-02-06,41388.7,42643.71,41118.22,42380.49
2022-02-07,42380.49,44497.32,41643.34,43840.02
2022-02-08,43840.02,45473.09,42683.85,44040.06
2022-02-09,44040.06,44797.99,43129.24,44374.93
2022-02-10,44374.93,45813.28,43177.97,43497.69
2022-02-11,43497.69,43914.27,41976.92,42373.78
2022-02-12,42373.78,43001.41,41744.88,42216.3
2022-02-13,42216.3,42749.78,41868.1,42055.92
2022-02-14,42055.92,42829.36,41561.05,42532.5
2022-02-15,42532.5,44747.9,42441.01,44544.75
2022-02-16,44544.75,44554.42,43322.11,43876.93
2022-02-17,43876.93,44163.09,40073.43,40511.27
2022-02-18,40511.27,40960.78,39465.82,39983.3
2022-02-19,39983.3,40438.74,39646.67,40079.17
2022-02-20,40079.17,40122.32,38007.73,38378.52
2022-02-21,38378.52,39475.67,36803.39,37010.71
2022-02-22,37010.71,38418.63,36350.69,38234.54
2022-02-23,38234.54,39227.16,37072.0,37250.16
2022-02-24,37250.16,39699.34,34332.88,38332.0
2022-02-25,38332.0,39674.4,38027.2,39216.07
2022-02-26,39216.07,40279.65,38586.16,39110.9
2022-02-27,39110.9,39840.78,36999.79,37695.97
2022-02-28,37695.97,44209.31,37444.93,43176.53
2022-03-01,43176.53,44944.42,42853.09,44417.81
2022-03-02,44417.81,45327.42,43338.77,43898.98
2022-03-03,43898.98,44086.0,41841.66,42454.87
2022-03-04,42454.87,42528.77,38558.95,39141.36
2022-03-05,39141.36,39602.33,38585.22,39392.37
2022-03-06,39392.37,39679.62,38106.16,38416.36
2022-03-07,38416.36,39530.55,37156.42,37998.12
2022-03-08,37998.12,39360.88,37874.08,38731.99
2022-03-09,38731.99,42563.91,38662.32,41941.93
2022-03-10,41941.93,42039.06,38550.97,39421.26
2022-03-11,39421.26,40234.32,38233.61,38729.59
2022-03-12,38729.59,39444.51,38667.45,38806.22
2022-03-13,38806.22,39304.33,37580.41,37773.73
2022-03-14,37773.73,39917.61,37575.72,39672.98
2022-03-15,39672.98,39866.72,38146.62,39282.21
2022-03-16,39282.21,41697.57,38853.61,41115.78
2022-03-17,41115.78,41472.66,40518.13,40917.89
2022-03-18,40917.89,42320.99,40162.29,41758.58
2022-03-19,41758.58,42394.79,41513.56,42205.71
2022-03-20,42205.71,42291.48,40916.67,41256.05
2022-03-21,41256.05,41535.23,40502.39,41003.93
2022-03-22,41003.93,43326.35,40876.12,42361.77
2022-03-23,42361.77,43000.23,41756.94,42884.08
2022-03-24,42884.08,44214.61,42616.31,43994.0
2022-03-25,43994.0,45087.56,43604.37,44312.62
2022-03-26,44312.62,44792.39,44077.88,44513.29
2022-03-27,44513.29,46933.65,44428.36,46827.53
2022-03-28,46827.53,48188.97,46660.82,47122.1
2022-03-29,47122.1,48094.54,46973.01,47431.66
2022-03-30,47431.66,47693.51,46565.03,47060.28
2022-03-31,47060.28,47600.82,45201.84,45512.13
2022-04-01,45512.13,46707.04,44226.13,46281.52
2022-04-02,46281.52,47203.9,45629.06,45810.56
2022-04-03,45810.56,47439.54,45539.5,46407.44
2022-04-04,46407.44,46889.4,45129.33,46585.19
2022-04-05,46585.19,47195.81,45384.54,45496.59
2022-04-06,45496.59,45510.04,43124.94,43174.32
2022-04-07,43174.32,43897.5,42743.54,43448.65
2022-04-08,43448.65,43973.99,42110.47,42259.86
2022-04-09,42259.86,42796.57,42128.38,42749.94
2022-04-10,42749.94,43412.23,41881.54,42154.14
2022-04-11,42154.14,42407.45,39203.92,39526.68
2022-04-12,39526.68,40681.11,39255.9,40071.79
2022-04-13,40071.79,41535.52,39593.03,41145.3
2022-04-14,41145.3,41495.05,39581.98,39941.97
2022-04-15,39941.97,40846.16,39770.98,40551.75
2022-04-16,40551.75,40688.97,40001.46,40378.22
2022-04-17,40378.22,40592.07,39552.97,39679.11
2022-04-18,39679.11,41086.08,38558.46,40799.41
2022-04-19,40799.41,41757.13,40573.11,41492.04
2022-04-20,41492.04,42186.31,40903.2,41361.74
2022-04-21,41361.74,42971.23,39781.77,40479.81
2022-04-22,40479.81,40791.06,39197.62,39710.06
2022-04-23,39710.06,39971.64,39290.24,39440.95
2022-04-24,39440.95,39939.32,38995.98,39452.44
2022-04-25,39452.44,40589.79,38209.88,40426.3
2022-04-26,40426.3,40786.63,37705.68,38113.44
2022-04-27,38113.44,39462.82,37884.61,39235.34
2022-04-28,39235.34,40370.24,38890.81,39743.44
2022-04-29,39743.44,39926.04,38176.45,38593.63
2022-04-30,38593.63,38782.27,37579.63,37630.7
2022-05-01,37630.7,38671.13,37398.02,38474.35
2022-05-02,38474.35,39161.79,38065.76,38525.23
2022-05-03,38525.23,38652.44,37522.53,37729.51
2022-05-04,37729.51,40005.25,37673.42,39688.72
2022-05-05,39688.72,39847.28,35593.28,36550.29
2022-05-06,36550.29,36662.56,35270.35,36013.52
2022-05-07,36013.52,36138.1,34809.11,35476.31
2022-05-08,35476.31,35517.33,33724.12,34037.5
2022-05-09,34037.5,34245.56,30045.12,30090.49
2022-05-10,30090.49,32647.19,29752.7,31015.33
2022-05-11,31015.33,32151.99,27800.51,29109.01
2022-05-12,29109.01,30201.04,26728.68,29027.8
2022-05-13,29027.8,31061.37,28757.39,29291.4
2022-05-14,29291.4,30328.18,28646.27,30088.88
2022-05-15,30088.88,31448.39,29492.88,31328.66
2022-05-16,31328.66,31330.95,29090.71,29873.47
2022-05-17,29873.47,30776.48,29456.19,30446.7
2022-05-18,30446.7,30705.27,28654.67,28715.23
2022-05-19,28715.23,30534.2,28695.04,30317.15
2022-05-20,30317.15,30773.41,28734.3,29204.58
2022-05-21,29204.58,29658.16,28955.86,29445.07
2022-05-22,29445.07,30484.7,29263.44,30293.39
2022-05-23,30293.39,30664.74,28879.99,29109.52
2022-05-24,29109.52,29838.88,28671.23,29655.63
2022-05-25,29655.63,30217.48,29349.38,29545.44
2022-05-26,29545.44,29886.93,28028.39,29201.7
2022-05-27,29201.7,29390.7,28290.7,28629.64
2022-05-28,28629.64,29248.64,28535.36,29031.36
2022-05-29,29031.36,29587.09,28845.87,29466.87
2022-05-30,29466.87,32217.77,29314.5,31733.43
2022-05-31,31733.43,32385.76,31234.55,31801.12
2022-06-01,31801.12,31981.7,29336.19,29803.43
2022-06-02,29803.43,30687.13,29598.8,30452.97
2022-06-03,30452.97,30693.49,29299.19,29700.48
2022-06-04,29700.48,29976.82,29488.84,29863.87
2022-06-05,29863.87,30180.3,29537.81,29918.17
2022-06-06,29918.17,31759.87,29892.87,31372.61
2022-06-07,31372.61,31580.07,29228.04,31125.64
2022-06-08,31125.64,31322.67,29856.57,30204.64
2022-06-09,30204.64,30700.14,29950.72,30108.07
2022-06-10,30108.07,30357.87,28862.03,29091.61
2022-06-11,29091.61,29435.31,28115.94,28421.98
2022-06-12,28421.98,28546.46,26566.93,26578.87
2022-06-13,26578.87,26890.27,21948.02,22486.54
2022-06-14,22486.54,23314.4,20856.5,22137.39
2022-06-15,22137.39,22786.73,20113.54,22583.95
2022-06-16,22583.95,22983.65,20237.83,20399.19
2022-06-17,20399.19,21351.33,20249.8,20466.97
2022-06-18,20466.97,20772.21,17626.9,18973.05
2022-06-19,18973.05,20806.74,17965.56,20574.38
2022-06-20,20574.38,21062.89,19641.39,20576.32
2022-06-21,20576.32,21707.29,20362.23,20723.51
2022-06-22,20723.51,20889.16,19781.15,19983.86
2022-06-23,19983.86,21223.16,19893.42,21110.32
2022-06-24,21110.32,21543.95,20743.24,21237.51
2022-06-25,21237.51,21609.47,20913.3,21492.92
2022-06-26,21492.92,21875.35,20980.22,21041.02
2022-06-27,21041.02,21527.56,20521.01,20737.14
2022-06-28,20737.14,21209.59,20207.0,20280.11
2022-06-29,20280.11,20427.12,19867.57,20121.47
2022-06-30,20121.47,20165.29,18636.65,19944.36
2022-07-01,19944.36,20890.81,18981.1,19278.38
2022-07-02,19278.38,19446.11,18988.19,19250.69
2022-07-03,19250.69,19644.97,18789.97,19316.07
2022-07-04,19316.07,20340.81,19058.47,20236.03
2022-07-05,20236.03,20744.02,19306.91,20177.81
2022-07-06,20177.81,20671.35,19768.91,20564.66
2022-07-07,20564.66,21836.8,20268.68,21622.86
2022-07-08,21622.86,22502.54,21198.48,21599.91
2022-07-09,21599.91,21965.03,21333.86,21590.39
2022-07-10,21590.39,21604.7,20664.78,20856.96
2022-07-11,20856.96,20863.55,19887.4,19963.13
2022-07-12,19963.13,20056.96,19253.47,19331.14
2022-07-13,19331.14,20346.72,18925.18,20235.69
2022-07-14,20235.69,20888.75,19629.09,20589.05
2022-07-15,20589.05,21194.76,20388.4,20831.83
2022-07-16,20831.83,21581.89,20485.93,21199.82
2022-07-17,21199.82,21661.45,20759.44,20799.11
2022-07-18,20799.11,22764.97,20773.64,22443.09
2022-07-19,22443.09,23794.45,21587.13,23398.63
2022-07-20,23398.63,24263.38,22925.44,23223.49
2022-07-21,23223.49,23423.97,22347.12,23152.59
2022-07-22,23152.59,23749.34,22505.62,22683.62
2022-07-23,22683.62,22996.75,21951.43,22450.42
2022-07-24,22450.42,23006.43,22268.79,22580.1
2022-07-25,22580.1,22663.92,21263.87,21309.88
2022-07-26,21309.88,21345.07,20730.19,21253.33
2022-07-27,21253.33,23096.81,21046.96,22955.79
2022-07-28,22955.79,24195.59,22589.2,23845.17
2022-07-29,23845.17,24426.7,23429.09,23776.18
2022-07-30,23776.18,24656.07,23511.78,23640.48
2022-07-31,23640.48,24189.05,23234.82,23297.08
2022-08-01,23297.08,23499.26,22854.77,23265.75
2022-08-02,23265.75,23445.32,22660.58,22981.12
2022-08-03,22981.12,23636.06,22690.31,22820.75
2022-08-04,22820.75,23209.4,22413.17,22620.45
2022-08-05,22620.45,23462.05,22592.99,23308.98
2022-08-06,23308.98,23342.3,22917.68,22951.5
2022-08-07,22951.5,23396.86,22852.71,23174.73
2022-08-08,23174.73,24235.71,23157.3,23812.26
2022-08-09,23812.26,23921.81,22873.81,23148.47
2022-08-10,23148.47,24217.5,22672.74,23942.7
2022-08-11,23942.7,24901.22,23850.94,23927.0
2022-08-12,23927.0,24434.21,23582.0,24381.35
2022-08-13,24381.35,24865.18,24284.14,24428.05
2022-08-14,24428.05,25019.04,24143.5,24290.57
2022-08-15,24290.57,25190.0,23765.07,24085.5
2022-08-16,24085.5,24230.89,23666.5,23839.0
2022-08-17,23839.0,24421.0,23174.3,23332.96
2022-08-18,23332.96,23577.83,23110.91,23189.5
2022-08-19,23189.5,23198.0,20780.82,20824.91
2022-08-20,20824.91,21351.5,20760.0,21127.11
2022-08-21,21127.11,21798.56,21065.0,21507.63
2022-08-22,21507.63,21521.51,20888.0,21384.74
2022-08-23,21384.74,21664.87,20891.0,21515.0
2022-08-24,21515.0,21917.01,21140.47,21356.32
2022-08-25,21356.32,21803.0,21307.0,21550.0
2022-08-26,21550.0,21857.76,20105.0,20232.19
2022-08-27,20232.19,20352.11,19805.77,20027.5
2022-08-28,20027.5,20149.0,19517.17,19550.59
2022-08-29,19550.59,20415.28,19547.5,20279.5
2022-08-30,20279.5,20563.0,19539.5,19803.5
2022-08-31,19803.5,20473.5,19791.5,20048.89
2022-09-01,20048.89,20193.71,19571.22,20124.5
2022-09-02,20124.5,20428.0,19752.33,19940.5
2022-09-03,19940.5,20041.09,19650.5,19822.0
2022-09-04,19822.0,20017.5,19585.0,19990.76
2022-09-05,19990.76,20044.0,19635.67,19785.87
2022-09-06,19785.87,20164.5,18653.37,18782.5
2022-09-07,18782.5,19447.5,18531.74,19288.6
2022-09-08,19288.6,19442.12,19016.06,19308.83
2022-09-09,19308.83,21581.08,19284.5,21350.5
2022-09-10,21350.5,21789.0,21118.24,21633.0
2022-09-11,21633.0,21852.0,21341.0,21816.0
2022-09-12,21816.0,22473.0,21555.0,22388.5
2022-09-13,22388.5,22777.17,19869.0,20164.5
2022-09-14,20164.5,20512.1,19613.12,20220.0
2022-09-15,20220.0,20318.5,19502.02,19693.27
2022-09-16,19693.27,19878.0,19330.85,19792.07
2022-09-17,19792.07,20170.5,19748.21,20106.0
2022-09-18,20106.0,20106.91,19336.0,19411.02
2022-09-19,19411.02,19670.0,18258.83,19527.5
2022-09-20,19527.5,19625.5,18721.0,18870.0
2022-09-21,18870.0,19912.55,18135.16,18446.0
2022-09-22,18446.0,19509.22,18349.1,19395.0
2022-09-23,19395.0,19486.5,18526.34,19282.0
2022-09-24,19282.0,19301.91,18802.0,18910.5
2022-09-25,18910.5,19160.5,18624.08,18800.0
2022-09-26,18800.0,19309.76,18679.5,19216.42
2022-09-27,19216.42,20367.48,18814.07,19071.0
2022-09-28,19071.0,19771.64,18463.49,19407.0
2022-09-29,19407.0,19636.0,18837.2,19582.31
2022-09-30,19582.31,20160.62,19169.66,19412.64
2022-10-01,19412.64,19473.0,19154.94,19302.5
2022-10-02,19302.5,19386.64,18915.18,19054.0
2022-10-03,19054.0,19710.28,18970.15,19618.0
2022-10-04,19618.0,20446.0,19489.66,20327.09
2022-10-05,20327.09,20351.0,19742.0,20150.15
2022-10-06,20150.15,20433.66,19853.59,19955.25
2022-10-07,19955.25,20050.05,19328.64,19519.46
2022-10-08,19519.46,19615.13,19248.04,19405.5
2022-10-09,19405.5,19542.0,19314.38,19436.5
2022-10-10,19436.5,19518.5,19020.58,19123.0
2022-10-11,19123.0,19258.2,18857.0,19053.28
2022-10-12,19053.28,19224.5,18973.46,19148.0
2022-10-13,19148.0,19497.0,18190.25,19366.5
2022-10-14,19366.5,19944.0,19070.87,19175.5
2022-10-15,19175.5,19218.31,18974.93,19062.5
2022-10-16,19062.5,19414.51,19062.5,19252.5
2022-10-17,19252.5,19664.5,19153.5,19539.99
2022-10-18,19539.99,19693.5,19086.23,19320.5
2022-10-19,19320.5,19349.8,19067.76,19121.5
2022-10-20,19121.5,19334.5,18907.02,19041.5
2022-10-21,19041.5,19243.0,18658.54,19154.13
2022-10-22,19154.13,19244.43,19105.27,19191.63
2022-10-23,19191.63,19682.69,19067.37,19559.0
2022-10-24,19559.0,19589.01,19155.5,19318.87
2022-10-25,19318.87,20397.31,19235.5,20067.0
2022-10-26,20067.0,21001.31,20041.0,20758.81
2022-10-27,20758.81,20858.0,20194.04,20287.17
2022-10-28,20287.17,20737.24,19998.41,20584.5
2022-10-29,20584.5,21064.49,20551.0,20797.18
2022-10-30,20797.18,20920.65,20510.77,20615.74
2022-10-31,20615.74,20833.03,20238.49,20480.0
2022-11-01,20480.0,20677.0,20327.84,20472.5
2022-11-02,20472.5,20789.0,20054.9,20143.0
2022-11-03,20143.0,20381.5,20034.44,20199.0
2022-11-04,20199.0,21290.0,20175.0,21133.69
2022-11-05,21133.69,21461.5,21068.95,21290.5
2022-11-06,21290.5,21351.39,20880.5,20903.5
2022-11-07,20903.5,21060.56,20379.36,20583.0
2022-11-08,20583.0,20668.5,17155.04,18537.5
2022-11-09,18537.5,18577.31,15546.05,15892.39
2022-11-10,15892.39,18172.4,15726.66,17594.5
2022-11-11,17594.5,17673.0,16355.86,17049.12
2022-11-12,17049.12,17103.5,16628.5,16800.5
2022-11-13,16800.5,16920.11,16241.17,16330.0
2022-11-14,16330.0,17183.65,15811.01,16607.5
2022-11-15,16607.5,17115.0,16521.5,16880.66
2022-11-16,16880.66,16997.0,16380.28,16644.76
2022-11-17,16644.76,16734.0,16407.0,16688.5
2022-11-18,16688.5,16990.29,16544.08,16699.73
2022-11-19,16699.73,16804.78,16554.87,16688.0
2022-11-20,16688.0,16741.83,16186.28,16273.5
2022-11-21,16273.5,16305.44,15472.67,15765.5
2022-11-22,15765.5,16287.0,15621.28,16217.37
2022-11-23,16217.37,16693.72,16155.44,16593.3
2022-11-24,16593.3,16799.51,16457.19,16594.5
2022-11-25,16594.5,16612.54,16344.77,16513.66
2022-11-26,16513.66,16685.02,16376.5,16451.24
2022-11-27,16451.24,16588.55,16403.0,16426.0
2022-11-28,16426.0,16482.66,15999.89,16205.5
2022-11-29,16205.5,16534.76,16096.5,16429.45
2022-11-30,16429.45,17239.97,16418.34,17146.5
2022-12-01,17146.5,17295.01,16865.45,16972.5
2022-12-02,16972.5,17094.0,16786.22,17084.0
2022-12-03,17084.0,17145.94,16858.48,16881.77
2022-12-04,16881.77,17187.0,16880.5,17095.5
2022-12-05,17095.5,17405.0,16867.76,16966.0
2022-12-06,16966.0,17105.0,16905.0,17085.59
2022-12-07,17085.59,17136.57,16693.9,16827.41
2022-12-08,16827.41,17281.0,16734.22,17210.35
2022-12-09,17210.35,17344.0,17064.0,17119.59
2022-12-10,17119.59,17216.5,17094.5,17121.0
2022-12-11,17121.0,17261.0,17066.0,17083.14
2022-12-12,17083.14,17228.97,16870.0,17197.58
2022-12-13,17197.58,17952.57,17077.0,17764.5
2022-12-14,17764.5,18362.57,17647.46,17789.5
2022-12-15,17789.5,17832.7,17277.05,17353.5
2022-12-16,17353.5,17516.45,16533.1,16634.0
2022-12-17,16634.0,16788.55,16576.14,16770.5
2022-12-18,16770.5,16851.5,16656.5,16729.5
2022-12-19,16729.5,16804.5,16255.17,16432.57
2022-12-20,16432.57,17046.5,16390.83,16890.0
2022-12-21,16890.0,16917.5,16725.72,16823.5
2022-12-22,16823.5,16861.42,16566.37,16830.79
2022-12-23,16830.79,16941.03,16749.86,16783.57
2022-12-24,16783.57,16859.0,16781.93,16830.32
2022-12-25,16830.32,16855.27,16725.03,16825.0
2022-12-26,16825.0,16937.96,16793.07,16914.25
2022-12-27,16914.25,16960.7,16595.07,16706.84
2022-12-28,16706.84,16777.08,16469.31,16546.5
2022-12-29,16546.5,16661.95,16490.0,16636.8
2022-12-30,16636.8,16668.45,16353.0,16621.0
2022-12-31,16621.0,16650.25,16484.5,16549.5
2023-01-01,16549.5,16630.5,16511.0,16619.83
2023-01-02,16619.83,16793.67,16552.3,16668.95
2023-01-03,16668.95,16773.5,16606.68,16670.77
2023-01-04,16670.77,16980.0,16652.0,16847.5
2023-01-05,16847.5,16873.28,16755.41,16825.76
2023-01-06,16825.76,17028.32,16683.5,16940.0
2023-01-07,16940.0,16974.0,16904.0,16938.0
2023-01-08,16938.0,17167.26,16907.0,17119.5
2023-01-09,17119.5,17384.42,17097.87,17174.0
2023-01-10,17174.0,17480.5,17140.5,17431.0
2023-01-11,17431.0,17991.0,17311.45,17931.43
2023-01-12,17931.43,19093.73,17898.05,18820.09
2023-01-13,18820.09,19984.0,18694.0,19911.99
2023-01-14,19911.99,21251.94,19871.13,20954.64
2023-01-15,20954.64,21058.46,20566.5,20877.71
2023-01-16,20877.71,21454.67,20620.67,21179.0
2023-01-17,21179.0,21569.35,20852.79,21118.0
2023-01-18,21118.0,21643.5,20400.0,20674.0
2023-01-19,20674.0,21169.5,20652.1,21058.33
2023-01-20,21058.33,22740.39,20856.74,22657.43
2023-01-21,22657.43,23328.86,22423.0,22781.5
2023-01-22,22781.5,23078.29,22302.86,22705.34
2023-01-23,22705.34,23175.21,22519.58,22913.94
2023-01-24,22913.94,23161.2,22465.68,22630.5
2023-01-25,22630.5,23825.46,22338.48,23056.72
2023-01-26,23056.72,23285.5,22855.56,23007.94
2023-01-27,23007.94,23503.45,22540.0,23066.7
2023-01-28,23066.7,23186.0,22879.91,23022.0
2023-01-29,23022.0,23962.5,22967.0,23741.72
2023-01-30,23741.72,23799.5,22507.1,22829.83
2023-01-31,22829.83,23304.89,22721.64,23128.13
2023-02-01,23128.13,23805.31,22771.77,23730.03
2023-02-02,23730.03,24257.23,23378.73,23495.0
2023-02-03,23495.0,23714.27,23215.0,23433.5
2023-02-04,23433.5,23587.5,23262.64,23325.64
2023-02-05,23325.64,23429.19,22762.5,22934.5
2023-02-06,22934.5,23156.02,22630.17,22761.65
2023-02-07,22761.65,23347.5,22749.36,23243.5
2023-02-08,23243.5,23446.8,22678.7,22961.46
2023-02-09,22961.46,23010.49,21701.0,21800.25
2023-02-10,21800.25,21939.5,21462.91,21625.52
2023-02-11,21625.52,21891.3,21602.8,21849.49
2023-02-12,21849.49,22074.9,21628.32,21776.9
2023-02-13,21776.9,21883.28,21355.74,21768.5
2023-02-14,21768.5,22308.31,21538.0,22184.51
2023-02-15,22184.51,24374.68,22033.03,24329.32
2023-02-16,24329.32,25272.1,23513.48,23517.71
2023-02-17,23517.71,25029.9,23351.68,24575.17
2023-02-18,24575.17,24873.69,24446.76,24637.12
2023-02-19,24637.12,25188.45,24197.62,24274.83
2023-02-20,24274.83,25121.48,23839.31,24850.25
2023-02-21,24850.25,25245.75,24153.24,24455.4
2023-02-22,24455.4,24476.32,23583.23,24182.31
2023-02-23,24182.31,24599.36,23604.97,23940.96
2023-02-24,23940.96,24129.9,22852.33,23185.1
2023-02-25,23185.1,23212.8,22757.53,23154.8
2023-02-26,23154.8,23677.0,23061.1,23548.3
2023-02-27,23548.3,23885.4,23111.02,23484.1
2023-02-28,23484.1,23591.0,23018.87,23124.01
2023-03-01,23124.01,23986.93,23017.91,23628.95
2023-03-02,23628.95,23787.8,23196.5,23462.5
2023-03-03,23462.5,23473.39,21990.55,22345.9
2023-03-04,22345.9,22393.58,22152.0,22336.6
2023-03-05,22336.6,22642.33,22192.1,22421.54
2023-03-06,22421.54,22587.8,22258.24,22397.65
2023-03-07,22397.65,22544.5,21928.4,22188.8
2023-03-08,22188.8,22274.2,21594.91,21703.2
2023-03-09,21703.2,21834.09,20038.6,20356.08
2023-03-10,20356.08,20359.55,19566.2,20141.5
2023-03-11,20141.5,20669.12,19767.5,20451.67
2023-03-12,20451.67,22102.54,20270.4,21981.18
2023-03-13,21981.18,24500.0,21811.0,24111.48
2023-03-14,24111.48,26427.39,23988.2,24684.7
2023-03-15,24684.7,25188.08,23901.5,24283.5
2023-03-16,24283.5,25166.12,24132.71,24989.41
2023-03-17,24989.41,27750.0,24883.7,27382.2
2023-03-18,27382.2,27704.99,26573.8,26898.2
2023-03-19,26898.2,28381.72,26818.1,27959.96
2023-03-20,27959.96,28463.69,27130.3,27703.7
2023-03-21,27703.7,28432.0,27301.34,28090.44
2023-03-22,28090.44,28849.75,26596.7,27235.25
2023-03-23,27235.25,28741.41,27105.9,28280.96
2023-03-24,28280.96,28359.01,26985.11,27441.11
2023-03-25,27441.11,27774.6,27145.5,27450.5
2023-03-26,27450.5,28184.88,27402.5,27951.7
2023-03-27,27951.7,28009.9,26516.23,27108.3
2023-03-28,27108.3,27490.51,26636.2,27245.5
2023-03-29,27245.5,28644.0,27224.6,28330.0
2023-03-30,28330.0,29176.7,27682.01,28009.86
2023-03-31,28009.86,28643.9,27503.95,28452.1
2023-04-01,28452.1,28806.7,28211.48,28435.0
2023-04-02,28435.0,28523.1,27836.78,28155.9
2023-04-03,28155.9,28487.84,27192.34,27788.7
2023-04-04,27788.7,28433.8,27648.2,28149.7
2023-04-05,28149.7,28768.02,27799.92,28155.3
2023-04-06,28155.3,28173.5,27698.08,28022.86
2023-04-07,28022.86,28094.1,27761.49,27885.65
2023-04-08,27885.65,28149.8,27849.28,27930.53
2023-04-09,27930.53,28523.7,27787.33,28311.55
2023-04-10,28311.55,29754.74,28158.47,29628.1
2023-04-11,29628.1,30545.7,29579.5,30180.33
2023-04-12,30180.33,30469.5,29636.22,29871.46
2023-04-13,29871.46,30579.19,29845.0,30366.2
2023-04-14,30366.2,31005.19,29978.4,30440.49
2023-04-15,30440.49,30582.7,30194.5,30293.92
2023-04-16,30293.92,30550.1,30123.15,30296.0
2023-04-17,30296.0,30308.3,29236.4,29421.8
2023-04-18,29421.8,30481.34,29104.07,30380.04
2023-04-19,30380.04,30411.9,28562.74,28798.78
2023-04-20,28798.78,29082.2,28007.1,28239.54
2023-04-21,28239.54,28367.9,27131.62,27253.2
2023-04-22,27253.2,27868.5,27130.5,27801.91
2023-04-23,27801.91,27802.29,27314.9,27577.97
2023-04-24,27577.97,27981.75,26963.2,27494.55
2023-04-25,27494.55,28375.8,27181.2,28277.4
2023-04-26,28277.4,30004.46,27215.6,28404.11
2023-04-27,28404.11,29882.4,28368.8,29459.09
2023-04-28,29459.09,29586.7,28885.4,29295.8
2023-04-29,29295.8,29424.7,29021.67,29213.44
2023-04-30,29213.44,29946.51,29075.0,29217.57
2023-05-01,29217.57,29323.73,27653.96,28054.24
2023-05-02,28054.24,28867.8,27873.76,28655.0
2023-05-03,28655.0,29260.4,28121.21,29016.33
2023-05-04,29016.33,29365.1,28653.2,28818.9
2023-05-05,28818.9,29670.0,28804.3,29496.74
2023-05-06,29496.74,29825.19,28360.2,28833.43
2023-05-07,28833.43,29129.3,28381.4,28412.93
2023-05-08,28412.93,28615.62,27258.06,27653.58
2023-05-09,27653.58,27807.7,27336.49,27618.3
2023-05-10,27618.3,28296.84,26764.07,27578.97
2023-05-11,27578.97,27612.21,26705.1,26956.6
2023-05-12,26956.6,27065.0,25800.82,26779.4
2023-05-13,26779.4,27024.3,26676.52,26767.1
2023-05-14,26767.1,27188.0,26587.43,26904.23
2023-05-15,26904.23,27645.1,26729.51,27148.4
2023-05-16,27148.4,27289.09,26841.8,27020.4
2023-05-17,27020.4,27489.17,26529.4,27390.72
2023-05-18,27390.72,27470.34,26357.7,26803.7
2023-05-19,26803.7,27169.9,26619.17,26869.24
2023-05-20,26869.24,27134.0,26816.7,27090.76
2023-05-21,27090.76,27259.5,26662.45,26734.2
2023-05-22,26734.2,27087.9,26529.29,26835.59
2023-05-23,26835.59,27476.8,26787.79,27210.01
2023-05-24,27210.01,27210.01,26077.53,26313.92
2023-05-25,26313.92,26613.33,25859.2,26456.97
2023-05-26,26456.97,26923.2,26312.55,26697.16
2023-05-27,26697.16,26876.97,26548.1,26840.4
2023-05-28,26840.4,28251.55,26751.8,28049.9
2023-05-29,28049.9,28432.46,27521.36,27725.22
2023-05-30,27725.22,28036.6,27547.62,27681.42
2023-05-31,27681.42,27825.2,26837.6,27199.1
2023-06-01,27199.1,27338.3,26610.71,26809.5
2023-06-02,26809.5,27294.33,26498.87,27238.23
2023-06-03,27238.23,27324.5,26911.47,27059.2
2023-06-04,27059.2,27450.39,26946.4,27107.03
2023-06-05,27107.03,27118.01,25383.84,25718.44
2023-06-06,25718.44,27343.62,25344.04,27216.9
2023-06-07,27216.9,27384.1,26116.8,26327.12
2023-06-08,26327.12,26798.7,26194.95,26485.3
2023-06-09,26485.3,26770.0,26267.39,26466.9
2023-06-10,26466.9,26522.3,25367.37,25826.1
2023-06-11,25826.1,26193.2,25627.24,25915.1
2023-06-12,25915.1,26092.5,25605.71,25895.3
2023-06-13,25895.3,26413.69,25710.12,25921.2
2023-06-14,25921.2,26087.6,24805.86,25113.9
2023-06-15,25113.9,25750.0,24783.18,25585.9
2023-06-16,25585.9,26497.6,25175.3,26326.44
2023-06-17,26326.44,26810.9,26166.86,26505.0
2023-06-18,26505.0,26686.2,26242.1,26333.6
2023-06-19,26333.6,27057.32,26251.98,26833.41
2023-06-20,26833.41,28387.9,26642.93,28285.9
2023-06-21,28285.9,30790.7,28241.78,29985.8
2023-06-22,29985.8,30497.5,29531.27,29877.15
2023-06-23,29877.15,31405.91,29802.58,30677.0
2023-06-24,30677.0,30797.9,30254.29,30528.0
2023-06-25,30528.0,31040.74,30267.57,30460.1
2023-06-26,30460.1,30649.6,29926.37,30263.32
2023-06-27,30263.32,30993.68,30219.32,30680.7
2023-06-28,30680.7,30696.31,29841.67,30057.9
2023-06-29,30057.9,30830.0,30033.1,30434.98
2023-06-30,30434.98,31282.3,29468.98,30465.5
2023-07-01,30465.5,30650.0,30312.0,30577.0
2023-07-02,30577.0,30784.22,30164.08,30603.24
2023-07-03,30603.24,31381.63,30554.1,31149.0
2023-07-04,31149.0,31319.2,30604.46,30754.1
2023-07-05,30754.1,30868.1,30183.38,30485.44
2023-07-06,30485.44,31505.55,29837.01,29876.46
2023-07-07,29876.46,30443.2,29699.15,30331.5
2023-07-08,30331.5,30376.18,30028.91,30271.3
2023-07-09,30271.3,30437.92,30054.09,30150.0
2023-07-10,30150.0,31034.8,29936.87,30399.77
2023-07-11,30399.77,30802.9,30294.31,30604.12
2023-07-12,30604.12,30960.4,30197.2,30368.88
2023-07-13,30368.88,31814.18,30241.75,31439.05
2023-07-14,31439.05,31625.45,29884.8,30295.38
2023-07-15,30295.38,30380.9,30222.6,30271.35
2023-07-16,30271.35,30428.0,30049.13,30221.4
2023-07-17,30221.4,30318.8,29640.77,30120.0
2023-07-18,30120.0,30224.6,29518.85,29851.0
2023-07-19,29851.0,30184.9,29749.81,29891.08
2023-07-20,29891.08,30405.4,29559.93,29792.9
2023-07-21,29792.9,30049.9,29712.98,29891.22
2023-07-22,29891.22,29989.1,29609.47,29776.1
2023-07-23,29776.1,30330.0,29717.0,30071.2
2023-07-24,30071.2,30084.4,28853.44,29159.47
2023-07-25,29159.47,29363.4,29033.58,29219.14
2023-07-26,29219.14,29665.0,29084.63,29337.67
2023-07-27,29337.67,29555.25,29071.69,29209.6
2023-07-28,29209.6,29533.8,29111.5,29299.81
2023-07-29,29299.81,29396.9,29244.7,29340.3
2023-07-30,29340.3,29436.1,29025.65,29273.1
2023-07-31,29273.1,29519.5,29102.64,29224.3
2023-08-01,29224.3,29727.5,28571.53,29700.0
2023-08-02,29700.0,30034.9,28912.75,29171.06
2023-08-03,29171.06,29414.44,28958.5,29177.6
2023-08-04,29177.6,29319.6,28822.16,29102.5
2023-08-05,29102.5,29140.7,28972.41,29056.61
2023-08-06,29056.61,29194.98,28983.5,29075.7
2023-08-07,29075.7,29270.1,28702.24,29200.0
2023-08-08,29200.0,30214.47,29133.57,29759.98
2023-08-09,29759.98,30121.8,29367.76,29565.8
2023-08-10,29565.8,29731.8,29337.61,29441.4
2023-08-11,29441.4,29562.6,29239.78,29413.9
2023-08-12,29413.9,29469.0,29371.2,29417.93
2023-08-13,29417.93,29463.8,29267.13,29301.3
2023-08-14,29301.3,29680.0,29102.75,29422.6
2023-08-15,29422.6,29484.0,29076.88,29194.4
2023-08-16,29194.4,29255.2,28722.33,28728.87
2023-08-17,28728.87,28781.06,24780.72,26610.1
2023-08-18,26610.1,26819.9,25620.8,26042.28
2023-08-19,26042.28,26258.7,25788.68,26088.8
2023-08-20,26088.8,26280.0,25970.18,26176.5
2023-08-21,26176.5,26233.16,25803.19,26112.97
2023-08-22,26112.97,26127.4,25380.97,26044.0
2023-08-23,26044.0,26798.2,25801.73,26422.9
2023-08-24,26422.9,26571.6,25863.41,26165.79
2023-08-25,26165.79,26296.34,25782.1,26045.9
2023-08-26,26045.9,26109.4,25976.1,26008.5
2023-08-27,26008.5,26169.5,25960.32,26086.64
2023-08-28,26086.64,26241.4,25857.22,26106.3
2023-08-29,26106.3,28113.35,25912.25,27703.5
2023-08-30,27703.5,27756.1,27030.52,27285.02
2023-08-31,27285.02,27538.58,25683.82,25924.98
2023-09-01,25924.98,26134.2,25324.02,25793.72
2023-09-02,25793.72,25974.5,25742.5,25857.7
2023-09-03,25857.7,26110.02,25795.2,25959.9
2023-09-04,25959.9,26086.84,25620.5,25811.9
2023-09-05,25811.9,25883.2,25558.74,25781.92
2023-09-06,25781.92,26020.82,25373.13,25749.5
2023-09-07,25749.5,26424.6,25604.61,26245.2
2023-09-08,26245.2,26434.5,25644.47,25896.99
2023-09-09,25896.99,25935.2,25784.8,25889.86
2023-09-10,25889.86,26018.3,25579.65,25827.87
2023-09-11,25827.87,25889.5,24897.83,25155.59
2023-09-12,25155.59,26542.25,25123.37,25824.96
2023-09-13,25824.96,26396.7,25747.16,26207.8
2023-09-14,26207.8,26838.9,26113.77,26511.27
2023-09-15,26511.27,26862.8,26209.13,26588.9
2023-09-16,26588.9,26761.9,26435.02,26550.09
2023-09-17,26550.09,26608.9,26390.6,26516.17
2023-09-18,26516.17,27399.99,26375.05,26751.34
2023-09-19,26751.34,27470.2,26656.32,27195.08
2023-09-20,27195.08,27377.2,26799.41,27110.7
2023-09-21,27110.7,27149.7,26366.12,26554.5
2023-09-22,26554.5,26731.6,26456.19,26567.46
2023-09-23,26567.46,26620.52,26498.2,26565.6
2023-09-24,26565.6,26722.8,26113.16,26234.21
2023-09-25,26234.21,26427.5,25988.4,26288.79
2023-09-26,26288.79,26382.5,26082.71,26208.22
2023-09-27,26208.22,26835.4,26095.9,26359.5
2023-09-28,26359.5,27297.5,26329.18,27010.7
2023-09-29,27010.7,27232.0,26686.06,26894.88
2023-09-30,26894.88,27082.0,26877.4,26953.5
2023-10-01,26953.5,28070.28,26942.9,27979.0
2023-10-02,27979.0,28551.71,27271.3,27484.19
2023-10-03,27484.19,27660.6,27160.01,27413.21
2023-10-04,27413.21,27822.18,27210.1,27765.1
2023-10-05,27765.1,28101.1,27343.36,27397.69
2023-10-06,27397.69,28240.4,27157.25,27912.5
2023-10-07,27912.5,28011.9,27828.87,27942.3
2023-10-08,27942.3,28077.7,27673.56,27899.0
2023-10-09,27899.0,27971.5,27254.84,27579.2
2023-10-10,27579.2,27721.6,27284.81,27378.35
2023-10-11,27378.35,27465.4,26534.19,26867.42
2023-10-12,26867.42,26932.0,26549.6,26746.4
2023-10-13,26746.4,27113.9,26673.6,26846.7
2023-10-14,26846.7,26976.0,26783.04,26842.26
2023-10-15,26842.26,27281.4,26800.0,27139.3
2023-10-16,27139.3,30149.62,27098.65,28484.4
2023-10-17,28484.4,28598.8,28065.3,28380.87
2023-10-18,28380.87,28972.32,28128.76,28309.39
2023-10-19,28309.39,28886.49,28119.39,28698.03
2023-10-20,28698.03,30193.07,28558.83,29653.04
2023-10-21,29653.04,30309.04,29453.2,29891.7
2023-10-22,29891.7,30206.5,29645.8,29978.7
2023-10-23,29978.7,34940.17,29875.0,33091.93
2023-10-24,33091.93,35272.09,32850.31,33933.44
2023-10-25,33933.44,35151.12,33698.1,34505.0
2023-10-26,34505.0,34843.41,33756.6,34166.0
2023-10-27,34166.0,34268.3,33404.4,33910.94
2023-10-28,33910.94,34503.61,33881.0,34097.4
2023-10-29,34097.4,34770.91,33942.18,34535.8
2023-10-30,34535.8,34886.13,34088.26,34500.71
2023-10-31,34500.71,34739.28,34054.0,34667.1
2023-11-01,34667.1,35664.21,34112.24,35442.4
2023-11-02,35442.4,35978.6,34319.67,34955.91
2023-11-03,34955.91,34959.6,34133.3,34720.1
2023-11-04,34720.1,35269.74,34593.7,35075.0
2023-11-05,35075.0,35398.96,34466.94,35036.21
2023-11-06,35036.21,35310.87,34750.0,35071.14
2023-11-07,35071.14,35923.91,34528.7,35424.5
2023-11-08,35424.5,36128.21,35117.2,35641.6
2023-11-09,35641.6,38025.67,35558.6,36722.93
2023-11-10,36722.93,37551.2,36363.4,37334.99
2023-11-11,37334.99,37428.96,36709.52,37160.92
2023-11-12,37160.92,37249.5,36748.8,37089.4
2023-11-13,37089.4,37442.85,36347.0,36482.53
2023-11-14,36482.53,36779.54,34780.39,35564.0
2023-11-15,35564.0,37996.28,35386.1,37893.9
2023-11-16,37893.9,37963.48,35504.54,36176.94
2023-11-17,36176.94,36816.78,35881.6,36638.2
2023-11-18,36638.2,36860.71,36206.8,36591.25
2023-11-19,36591.25,37524.98,36397.0,37382.06
2023-11-20,37382.06,37784.34,36753.73,37469.3
2023-11-21,37469.3,37673.12,35741.61,35749.05
2023-11-22,35749.05,37881.9,35636.84,37423.9
2023-11-23,37423.9,37665.55,36888.67,37294.8
2023-11-24,37294.8,38428.12,37257.36,37723.3
2023-11-25,37723.3,37895.1,37598.0,37790.29
2023-11-26,37790.29,37827.0,37163.9,37452.8
2023-11-27,37452.8,37566.76,36732.5,37253.81
2023-11-28,37253.81,38404.07,36877.99,37819.9
2023-11-29,37819.9,38436.94,37574.29,37858.6
2023-11-30,37858.6,38144.6,37492.71,37720.99
2023-12-01,37720.99,39006.23,37615.55,38683.19
2023-12-02,38683.19,39742.24,38644.28,39455.1
2023-12-03,39455.1,40259.79,39280.3,40000.0
2023-12-04,40000.0,42457.51,39998.9,42006.9
2023-12-05,42006.9,44520.96,41409.79,44100.68
2023-12-06,44100.68,44306.71,43395.86,43781.7
2023-12-07,43781.7,44079.0,42847.3,43308.0
2023-12-08,43308.0,44758.13,43118.3,44208.8
2023-12-09,44208.8,44412.62,43591.6,43740.0
2023-12-10,43740.0,44096.4,43587.0,43823.8
2023-12-11,43823.8,43849.79,40256.9,41272.1
2023-12-12,41272.1,42124.84,40690.0,41520.54
2023-12-13,41520.54,43493.57,40607.9,42896.04
2023-12-14,42896.04,43444.7,41477.4,43050.0
2023-12-15,43050.0,43111.52,41683.9,41978.63
2023-12-16,41978.63,42747.62,41641.7,42296.3
2023-12-17,42296.3,42462.92,41281.25,41390.46
2023-12-18,41390.46,42786.79,40570.22,42683.8
2023-12-19,42683.8,43519.92,41839.0,42297.91
2023-12-20,42297.91,44329.7,42225.0,43704.51
2023-12-21,43704.51,44288.76,43328.1,43902.1
2023-12-22,43902.1,44434.77,43426.0,44006.43
2023-12-23,44006.43,44026.75,43312.4,43734.59
2023-12-24,43734.59,43984.17,42609.24,43022.3
2023-12-25,43022.3,43845.05,42760.2,43607.84
2023-12-26,43607.84,43628.29,41664.8,42551.93
2023-12-27,42551.93,43700.76,42146.0,43452.52
2023-12-28,43452.52,43837.8,42314.36,42607.0
2023-12-29,42607.0,43153.53,41303.93,42095.3
2023-12-30,42095.3,42648.25,41564.3,42177.2
2023-12-31,42177.2,42934.54,42012.5,42324.8
2024-01-01,42324.8,44237.3,42227.1,44235.5
2024-01-02,44235.5,45933.24,44208.29,44987.56
2024-01-03,44987.56,45545.64,40691.07,42871.9
2024-01-04,42871.9,44755.71,42640.0,44157.9
2024-01-05,44157.9,44341.96,42488.82,44156.8
2024-01-06,44156.8,44216.04,43410.0,43974.9
2024-01-07,43974.9,44494.77,43591.1,43927.98
2024-01-08,43927.98,47269.8,43177.84,46969.92
2024-01-09,46969.92,48036.1,44900.07,46128.81
2024-01-10,46128.81,47715.43,44321.1,46653.81
2024-01-11,46653.81,48995.71,45624.0,46347.7
2024-01-12,46347.7,46544.41,41474.13,42796.46
2024-01-13,42796.46,43261.27,42449.0,42855.0
2024-01-14,42855.0,43104.82,41720.9,41733.58
2024-01-15,41733.58,43376.57,41719.29,42512.17
2024-01-16,42512.17,43571.05,42059.87,43129.0
2024-01-17,43129.0,43196.0,42211.45,42779.55
2024-01-18,42779.55,42930.7,40685.51,41327.4
2024-01-19,41327.4,42188.94,40308.65,41663.0
2024-01-20,41663.0,41862.68,41460.84,41694.13
2024-01-21,41694.13,41870.71,41501.15,41585.59
2024-01-22,41585.59,41692.29,39416.14,39559.3
2024-01-23,39559.3,40179.92,38549.8,39898.63
2024-01-24,39898.63,40558.22,39500.0,40079.48
2024-01-25,40079.48,40303.67,39539.48,39954.0
2024-01-26,39954.0,42229.8,39813.18,41805.4
2024-01-27,41805.4,42177.8,41375.9,42095.8
2024-01-28,42095.8,42827.9,41602.64,42016.1
2024-01-29,42016.1,43299.9,41789.28,43286.2
2024-01-30,43286.2,43857.1,42658.5,42920.18
2024-01-31,42920.18,43721.0,42257.19,42558.28
2024-02-01,42558.28,43281.5,41857.39,43065.18
2024-02-02,43065.18,43474.0,42530.29,43178.1
2024-02-03,43178.1,43363.5,42864.51,42993.9
2024-02-04,42993.9,43104.3,42203.81,42560.11
2024-02-05,42560.11,43561.3,42239.04,42692.5
2024-02-06,42692.5,43370.4,42559.03,43083.9
2024-02-07,43083.9,44368.2,42777.73,44319.95
2024-02-08,44319.95,45594.4,44304.58,45260.6
2024-02-09,45260.6,48191.58,45214.74,47122.42
2024-02-10,47122.42,48173.26,46844.3,47735.09
2024-02-11,47735.09,48589.06,47555.7,48319.82
2024-02-12,48319.82,50408.21,47725.3,49951.35
2024-02-13,49951.35,50399.95,48318.0,49711.2
2024-02-14,49711.2,52055.1,49241.8,51821.32
2024-02-15,51821.32,52849.32,51325.1,51904.1
2024-02-16,51904.1,52599.22,51609.5,52150.42
2024-02-17,52150.42,52197.64,50661.51,51691.08
2024-02-18,51691.08,52430.47,51189.2,52170.72
2024-02-19,52170.72,52540.27,51705.5,51811.69
2024-02-20,51811.69,53084.6,50767.17,52287.1
2024-02-21,52287.1,52399.06,50643.26,51875.2
2024-02-22,51875.2,52093.84,50941.7,51303.2
2024-02-23,51303.2,51569.0,50539.0,50764.2
2024-02-24,50764.2,51727.79,50600.0,51587.2
2024-02-25,51587.2,51998.18,51300.1,51741.15
2024-02-26,51741.15,54965.79,50925.9,54514.9
2024-02-27,54514.9,57662.54,54488.8,57077.9
2024-02-28,57077.9,64240.77,56734.68,62475.07
2024-02-29,62475.07,63762.89,60475.1,61183.72
2024-03-01,61183.72,63172.1,60830.0,62417.6
2024-03-02,62417.6,62481.06,61620.0,62053.26
2024-03-03,62053.26,63319.94,61365.4,63179.1
2024-03-04,63179.1,68645.74,62403.1,68355.61
2024-03-05,68355.61,69186.79,59193.45,63744.78
2024-03-06,63744.78,67750.8,62817.06,66113.57
2024-03-07,66113.57,68065.0,65576.5,66858.7
2024-03-08,66858.7,70236.98,66154.32,68162.62
2024-03-09,68162.62,68589.31,67897.5,68370.46
2024-03-10,68370.46,70007.09,68146.1,68999.94
2024-03-11,68999.94,72861.65,67107.71,72154.9
2024-03-12,72154.9,73100.31,68721.68,71516.08
2024-03-13,71516.08,73735.17,71382.8,73125.71
2024-03-14,73125.71,73863.08,68655.9,71466.09
2024-03-15,71466.09,72516.83,65647.86,69511.6
2024-03-16,69511.6,70078.15,64782.96,65331.2
2024-03-17,65331.2,68956.08,64559.9,68431.28
2024-03-18,68431.28,69023.52,66558.7,67639.49
2024-03-19,67639.49,68156.11,61555.84,61966.03
2024-03-20,61966.03,68128.91,60778.7,67850.5
2024-03-21,67850.5,68249.8,64542.0,65536.39
2024-03-22,65536.39,66666.6,62293.9,63814.76
2024-03-23,63814.76,66043.3,63016.0,63996.3
2024-03-24,63996.3,67677.2,63794.6,67242.62
2024-03-25,67242.62,71193.38,66396.6,69913.7
2024-03-26,69913.7,71623.58,69347.6,70045.72
2024-03-27,70045.72,71846.42,68436.89,69548.5
2024-03-28,69548.5,71596.37,68955.1,70850.88
2024-03-29,70850.88,70988.07,69046.2,69896.92
2024-03-30,69896.92,70389.36,69582.0,69630.17
2024-03-31,69630.17,71472.44,69608.13,71377.9
2024-04-01,71377.9,71394.6,68083.06,69712.67
2024-04-02,69712.67,69736.76,64582.6,65465.36
2024-04-03,65465.36,66943.76,64488.7,65971.5
2024-04-04,65971.5,69298.9,65085.45,68481.33
2024-04-05,68481.33,68751.2,65977.6,67814.0
2024-04-06,67814.0,69686.83,67457.9,68894.6
2024-04-07,68894.6,70344.51,68811.97,69358.43
2024-04-08,69358.43,72814.2,69058.81,71672.77
2024-04-09,71672.77,71810.96,68231.46,69187.0
2024-04-10,69187.0,71213.36,67532.7,70655.8
2024-04-11,70655.8,71300.0,69580.1,70038.5
2024-04-12,70038.5,71266.46,65152.87,67122.91
2024-04-13,67122.91,67935.8,60238.0,63905.33
2024-04-14,63905.33,65815.6,62127.81,65623.64
2024-04-15,65623.64,66813.9,62231.06,63413.7
2024-04-16,63413.7,64315.6,61562.57,63772.3
2024-04-17,63772.3,64479.8,59672.27,61245.0
2024-04-18,61245.0,64094.9,60759.82,63445.1
2024-04-19,63445.1,65419.9,59555.29,63775.92
2024-04-20,63775.92,65400.7,63052.63,64902.66
2024-04-21,64902.66,65681.32,64207.9,64916.65
2024-04-22,64916.65,67198.1,64470.78,66770.3
2024-04-23,66770.3,67145.7,65774.8,66397.8
2024-04-24,66397.8,67063.1,63586.52,64261.0
2024-04-25,64261.0,65246.6,62761.19,64466.81
2024-04-26,64466.81,64791.8,63295.9,63746.2
2024-04-27,63746.2,63900.79,62379.69,63416.71
2024-04-28,63416.71,64336.8,62752.09,63092.8
2024-04-29,63092.8,64190.6,61764.59,63827.2
2024-04-30,63827.2,64698.53,59166.61,60655.9
2024-05-01,60655.9,60822.94,56556.73,58309.19
2024-05-02,58309.19,59580.9,56939.65,59030.4
2024-05-03,59030.4,63321.2,58784.96,62848.37
2024-05-04,62848.37,64507.8,62522.69,63860.99
2024-05-05,63860.99,64615.9,62866.2,63997.8
2024-05-06,63997.8,65501.7,62682.19,63150.73
2024-05-07,63150.73,64385.5,62245.0,62314.6
2024-05-08,62314.6,63019.0,60864.28,61165.33
2024-05-09,61165.33,63403.1,60596.3,63035.5
2024-05-10,63035.5,63445.6,60184.85,60789.1
2024-05-11,60789.1,61508.56,60466.77,60810.2
2024-05-12,60810.2,61851.0,60587.7,61454.48
2024-05-13,61454.48,63429.7,60716.05,62911.7
2024-05-14,62911.7,63096.08,61109.12,61548.54
2024-05-15,61548.54,66420.5,61314.7,66185.4
2024-05-16,66185.4,66740.0,64592.19,65226.0
2024-05-17,65226.0,67409.34,65076.63,66977.3
2024-05-18,66977.3,67345.6,66544.74,66882.2
2024-05-19,66882.2,67712.59,65845.96,66237.03
2024-05-20,66237.03,71535.06,66035.1,71436.9
2024-05-21,71436.9,72003.26,69183.03,70166.26
2024-05-22,70166.26,70694.65,68947.86,69210.1
2024-05-23,69210.1,70123.23,66360.0,68005.0
2024-05-24,68005.0,69251.06,66623.47,68578.85
2024-05-25,68578.85,69608.9,68524.4,69305.12
2024-05-26,69305.12,69554.97,68198.96,68524.12
2024-05-27,68524.12,70734.89,68278.65,69450.0
2024-05-28,69450.0,69610.2,67287.59,68437.03
2024-05-29,68437.03,68968.09,67157.1,67676.0
2024-05-30,67676.0,69556.8,67145.1,68369.38
2024-05-31,68369.38,69065.31,66683.89,67555.57
2024-06-01,67555.57,67911.54,67457.9,67792.8
2024-06-02,67792.8,68479.15,67283.56,67776.3
2024-06-03,67776.3,70317.98,67621.5,68837.0
2024-06-04,68837.0,71088.95,68604.9,70559.3
2024-06-05,70559.3,71806.92,70423.1,71140.6
2024-06-06,71140.6,71688.98,70144.1,70835.8
2024-06-07,70835.8,72024.19,68507.02,69389.9
2024-06-08,69389.9,69606.14,69204.1,69326.0
2024-06-09,69326.0,69855.55,69157.1,69645.15
2024-06-10,69645.15,70182.76,69188.8,69516.0
2024-06-11,69516.0,69566.39,66048.03,67279.27
2024-06-12,67279.27,69998.8,66869.08,68240.9
2024-06-13,68240.9,68376.3,66243.85,66742.5
2024-06-14,66742.5,67343.47,65040.9,66021.2
2024-06-15,66021.2,66435.9,65827.3,66185.62
2024-06-16,66185.62,66950.44,66008.0,66643.03
2024-06-17,66643.03,67281.3,65096.52,66459.77
2024-06-18,66459.77,66552.7,64042.45,65150.31
2024-06-19,65150.31,65701.4,64653.4,64943.76
2024-06-20,64943.76,66459.51,64533.6,64853.9
2024-06-21,64853.9,65058.6,63368.0,64108.3
2024-06-22,64108.3,64497.79,63906.7,64228.97
2024-06-23,64228.97,64484.1,63145.31,63179.9
2024-06-24,63179.9,63329.8,58446.85,60260.35
2024-06-25,60260.35,62373.3,60221.36,61764.4
2024-06-26,61764.4,62454.1,60672.96,60838.5
2024-06-27,60838.5,62380.0,60585.79,61659.5
2024-06-28,61659.5,62207.8,60029.9,60407.56
2024-06-29,60407.56,61196.7,60378.1,60943.32
2024-06-30,60943.32,63035.1,60674.17,62749.6
2024-07-01,62749.6,63842.3,62488.45,62861.89
2024-07-02,62861.89,63258.4,61787.8,62092.6
2024-07-03,62092.6,62250.0,59390.9,60184.9
2024-07-04,60184.9,60465.18,56733.81,57034.0
2024-07-05,57034.0,57518.1,53504.3,56602.8
2024-07-06,56602.8,58442.3,56002.38,58204.1
2024-07-07,58204.1,58412.16,55710.0,55840.0
2024-07-08,55840.0,58197.91,54265.4,56696.6
2024-07-09,56696.6,58271.0,56275.94,58027.03
2024-07-10,58027.03,59431.7,57148.3,57713.94
2024-07-11,57713.94,59470.0,57036.1,57315.22
2024-07-12,57315.22,58505.5,56518.0,57861.78
2024-07-13,57861.78,59848.4,57718.57,59187.7
2024-07-14,59187.7,61387.1,59181.33,60755.8
2024-07-15,60755.8,64888.6,60609.6,64713.1
2024-07-16,64713.1,65346.71,62369.06,65014.39
2024-07-17,65014.39,66097.8,63828.96,64053.95
2024-07-18,64053.95,65094.0,63211.6,63966.8
2024-07-19,63966.8,67366.24,63281.0,66631.8
2024-07-20,66631.8,67564.0,66207.6,67107.72
2024-07-21,67107.72,68349.2,65758.0,68151.5
2024-07-22,68151.5,68463.9,66555.69,67496.82
2024-07-23,67496.82,67719.5,65425.4,65923.6
2024-07-24,65923.6,67102.78,65105.59,65377.7
2024-07-25,65377.7,66152.71,63438.75,65770.63
2024-07-26,65770.63,68202.8,65695.0,67881.4
2024-07-27,67881.4,69396.9,66632.76,67895.5
2024-07-28,67895.5,68327.56,67041.26,68240.8
2024-07-29,68240.8,70027.7,66413.86,66758.36
2024-07-30,66758.36,66958.9,65289.01,66170.0
2024-07-31,66170.0,66827.3,64505.16,64616.0
2024-08-01,64616.0,65631.93,62262.72,65341.1
2024-08-02,65341.1,65581.81,61203.42,61464.4
2024-08-03,61464.4,62156.1,59827.74,60682.1
2024-08-04,60682.1,61084.0,57202.0,58134.73
2024-08-05,58134.73,58278.3,49004.31,53964.2
2024-08-06,53964.2,57015.6,53922.41,55993.29
2024-08-07,55993.29,57690.0,54537.61,55109.5
2024-08-08,55109.5,62720.0,54706.4,61670.3
2024-08-09,61670.3,61731.6,59499.6,60814.7
2024-08-10,60814.7,61458.0,60225.93,60895.77
2024-08-11,60895.77,61825.84,58280.6,58703.5
2024-08-12,58703.5,60667.02,57633.66,59318.45
2024-08-13,59318.45,61570.35,58404.89,60560.15
2024-08-14,60560.15,61736.65,58412.49,58650.6
2024-08-15,58650.6,59830.2,56094.8,57516.8
2024-08-16,57516.8,59800.0,57079.47,58850.0
2024-08-17,58850.0,59686.6,58771.7,59475.1
2024-08-18,59475.1,60249.24,58400.0,58406.4
2024-08-19,58406.4,59580.4,57795.79,59405.1
2024-08-20,59405.1,61386.83,58553.87,58978.29
2024-08-21,58978.29,61794.7,58763.14,61120.6
2024-08-22,61120.6,61381.0,59716.06,60357.28
2024-08-23,60357.28,64950.77,60318.36,64010.19
2024-08-24,64010.19,64459.1,63530.31,64130.92
2024-08-25,64130.92,64972.1,63753.29,64191.6
2024-08-26,64191.6,64448.87,62786.75,62812.0
2024-08-27,62812.0,63193.8,57977.92,59364.29
2024-08-28,59364.29,60199.9,57818.06,59011.2
2024-08-29,59011.2,61148.5,58680.13,59319.1
2024-08-30,59319.1,59905.1,57701.57,59100.9
2024-08-31,59100.9,59428.1,58715.34,58951.2
2024-09-01,58951.2,59053.35,57171.56,57270.3
2024-09-02,57270.3,59409.3,57091.41,59116.7
2024-09-03,59116.7,59799.9,57392.6,57457.03
2024-09-04,57457.03,58497.0,55569.77,57938.6
2024-09-05,57938.6,58301.16,55628.7,56151.54
2024-09-06,56151.54,56987.1,52538.45,53936.39
2024-09-07,53936.39,54824.3,53733.0,54140.0
2024-09-08,54140.0,55297.1,53609.9,54851.35
2024-09-09,54851.35,58053.85,54563.57,57016.45
2024-09-10,57016.45,58028.8,56363.19,57620.3
2024-09-11,57620.3,57961.6,55533.28,57312.8
2024-09-12,57312.8,58545.9,57298.5,58104.8
2024-09-13,58104.8,60604.0,57600.42,60469.64
2024-09-14,60469.64,60584.2,59396.12,59968.57
2024-09-15,59968.57,60366.5,58658.1,59102.96
2024-09-16,59102.96,59181.9,57476.28,58185.0
2024-09-17,58185.0,61307.9,57581.98,60277.04
2024-09-18,60277.04,61776.9,59154.54,61741.6
2024-09-19,61741.6,63830.56,61525.26,62922.8
2024-09-20,62922.8,64112.1,62315.32,63173.8
2024-09-21,63173.8,63535.6,62726.48,63312.71
2024-09-22,63312.71,63999.9,62351.1,63550.0
2024-09-23,63550.0,64741.2,62553.9,63310.3
2024-09-24,63310.3,64688.16,62690.85,64248.5
2024-09-25,64248.5,64818.57,62929.15,63131.7
2024-09-26,63131.7,65797.9,62650.0,65149.44
2024-09-27,65149.44,66423.5,64789.0,65745.3
2024-09-28,65745.3,66253.1,65403.5,65826.18
2024-09-29,65826.18,66060.9,65406.82,65574.75
2024-09-30,65574.75,65601.6,62811.38,63277.21
2024-10-01,63277.21,64096.6,60146.0,60800.56
2024-10-02,60800.56,62364.3,59964.17,60618.08
2024-10-03,60618.08,61460.0,59840.3,60725.9
2024-10-04,60725.9,62462.9,60438.52,62063.7
2024-10-05,62063.7,62356.1,61658.75,62038.31
2024-10-06,62038.31,62947.6,61791.3,62793.0
2024-10-07,62793.0,64447.8,62085.86,62191.1
2024-10-08,62191.1,63179.7,61836.0,62120.7
2024-10-09,62120.7,62525.0,60290.8,60607.6
2024-10-10,60607.6,61287.9,58910.69,60295.6
2024-10-11,60295.6,63417.0,60064.4,62500.64
2024-10-12,62500.64,63451.0,62459.76,63179.64
2024-10-13,63179.64,63267.2,62016.78,62838.6
2024-10-14,62838.6,66498.5,62429.74,66080.1
2024-10-15,66080.1,67955.15,64782.5,67062.86
2024-10-16,67062.86,68416.12,66735.22,67597.0
2024-10-17,67597.0,67921.0,66653.69,67393.38
2024-10-18,67393.38,69005.29,67159.97,68402.4
2024-10-19,68402.4,68680.4,67998.77,68369.5
2024-10-20,68369.5,69407.33,68077.67,69033.8
2024-10-21,69033.8,69539.79,66860.7,67369.74
2024-10-22,67369.74,67837.45,66573.16,67409.5
2024-10-23,67409.5,67441.4,65253.15,66659.1
2024-10-24,66659.1,68847.1,66509.3,68171.3
2024-10-25,68171.3,68754.9,65549.25,66680.58
2024-10-26,66680.58,67431.8,66422.87,67071.08
2024-10-27,67071.08,68305.9,66910.32,68003.5
2024-10-28,68003.5,70293.61,67582.02,69947.5
2024-10-29,69947.5,73647.41,69742.54,72757.5
2024-10-30,72757.5,73003.08,71455.1,72384.28
2024-10-31,72384.28,72728.34,69720.8,70332.3
2024-11-01,70332.3,71645.3,68824.48,69495.5
2024-11-02,69495.5,69918.23,69011.02,69363.6
2024-11-03,69363.6,69380.8,67472.25,68748.92
2024-11-04,68748.92,69493.5,66831.69,67838.72
2024-11-05,67838.72,70532.1,67466.69,69345.7
2024-11-06,69345.7,76411.09,69264.79,75599.9
2024-11-07,75599.9,76872.97,74475.81,75866.67
2024-11-08,75866.67,77215.92,75610.9,76514.2
2024-11-09,76514.2,76924.44,75707.5,76701.7
2024-11-10,76701.7,81545.9,76514.52,80428.5
2024-11-11,80428.5,89727.29,80276.5,88758.23
2024-11-12,88758.23,90027.0,85182.9,87968.0
2024-11-13,87968.0,93391.86,86123.6,90410.6
2024-11-14,90410.6,91811.22,86671.29,87349.15
2024-11-15,87349.15,91924.64,87084.25,91125.2
2024-11-16,91125.2,91845.35,90120.12,90625.4
2024-11-17,90625.4,91566.23,88750.7,89900.0
2024-11-18,89900.0,92730.33,89429.7,90528.63
2024-11-19,90528.63,93961.87,90433.06,92337.81
2024-11-20,92337.81,94863.75,91511.1,94315.3
2024-11-21,94315.3,99081.7,94042.2,98382.9
2024-11-22,98382.9,99674.27,97203.42,98947.0
2024-11-23,98947.0,98965.0,97187.8,97740.2
2024-11-24,97740.2,98635.69,95807.67,98023.47
2024-11-25,98023.47,98966.83,92665.9,93004.1
2024-11-26,93004.1,95053.57,90856.0,92025.6
2024-11-27,92025.6,97267.33,91857.7,95908.7
2024-11-28,95908.7,96640.9,94704.25,95702.8
2024-11-29,95702.8,98716.18,95426.6,97526.7
2024-11-30,97526.7,97533.2,96151.1,96478.28
2024-12-01,96478.28,97913.75,95750.0,97263.76
2024-12-02,97263.76,98250.47,94457.64,95886.6
2024-12-03,95886.6,96372.7,93620.0,95917.95
2024-12-04,95917.95,99092.81,94638.1,98671.8
2024-12-05,98671.8,104383.85,91242.99,96977.9
2024-12-06,96977.9,101982.65,96373.43,99789.9
2024-12-07,99789.9,100506.9,98908.2,99913.0
2024-12-08,99913.0,101449.33,98741.3,101186.8
2024-12-09,101186.8,101296.1,94156.85,97327.52
2024-12-10,97327.52,98282.84,94217.26,96552.8
2024-12-11,96552.8,101893.93,95614.63,101125.18
2024-12-12,101125.18,102572.5,99313.24,99982.5
2024-12-13,99982.5,101894.3,99188.37,101415.8
2024-12-14,101415.8,102679.73,100594.5,101419.9
2024-12-15,101419.9,105249.57,101244.29,104510.43
2024-12-16,104510.43,107823.1,103346.66,106081.44
2024-12-17,106081.44,108366.69,105304.22,106089.64
2024-12-18,106089.64,106470.0,99959.9,100148.6
2024-12-19,100148.6,102736.29,95648.24,97402.66
2024-12-20,97402.66,98205.7,92253.93,97758.33
2024-12-21,97758.33,99483.03,96351.17,97249.7
2024-12-22,97249.7,97413.6,94207.57,95146.57
2024-12-23,95146.57,96500.0,92482.82,94837.0
2024-12-24,94837.0,99433.9,93515.56,98634.18
2024-12-25,98634.18,99537.1,97604.83,99405.2
2024-12-26,99405.2,99949.9,95159.72,95744.09
2024-12-27,95744.09,97484.8,93452.21,94254.94
2024-12-28,94254.94,95694.17,94081.1,95258.82
2024-12-29,95258.82,95300.4,92963.09,93699.0
2024-12-30,93699.0,94989.7,91474.71,92739.3
2024-12-31,92739.3,96224.5,92003.17,93534.78
2025-01-01,93534.78,95136.7,92876.6,94564.6
2025-01-02,94564.6,97811.2,94361.85,96960.5
2025-01-03,96960.5,98949.7,96071.01,98140.0
2025-01-04,98140.0,98742.3,97486.2,98177.2
2025-01-05,98177.2,98816.8,97238.98,98340.5
2025-01-06,98340.5,102462.8,97874.0,102185.9
2025-01-07,102185.9,102693.6,96129.21,96908.1
2025-01-08,96908.1,97224.3,92491.27,95022.2
2025-01-09,95022.2,95355.0,91173.65,92509.26
2025-01-10,92509.26,95813.97,92184.0,94684.43
2025-01-11,94684.43,94990.12,93800.0,94569.4
2025-01-12,94569.4,95439.8,93674.7,94512.13
2025-01-13,94512.13,95915.0,89219.23,94509.96
2025-01-14,94509.96,97351.68,94336.16,96523.3
2025-01-15,96523.3,100647.5,96455.48,100465.1
2025-01-16,100465.1,100856.3,97319.78,99945.8
2025-01-17,99945.8,105806.5,99906.12,104048.8
2025-01-18,104048.8,104963.0,102248.38,104522.37
2025-01-19,104522.37,106446.68,99643.35,101310.7
2025-01-20,101310.7,109757.45,99528.46,102258.7
2025-01-21,102258.7,107244.99,100132.28,106133.3
2025-01-22,106133.3,106380.0,103318.31,103670.4
2025-01-23,103670.4,106851.7,101208.03,103862.4
2025-01-24,103862.4,107112.3,102701.51,104806.33
2025-01-25,104806.33,105261.8,104050.51,104714.26
2025-01-26,104714.26,105477.7,102460.46,102561.27
2025-01-27,102561.27,103219.63,97727.08,102027.08
2025-01-28,102027.08,103767.9,100213.73,101282.71
2025-01-29,101282.71,104753.3,101269.26,103700.0
2025-01-30,103700.0,106397.2,103250.0,104684.6
2025-01-31,104684.6,105990.0,101477.26,102371.0
2025-02-01,102371.0,102727.5,100220.0,100580.81
2025-02-02,100580.81,101412.03,96103.07,97656.26
2025-02-03,97656.26,102424.4,91196.0,101294.8
2025-02-04,101294.8,101655.6,96101.33,97706.0
2025-02-05,97706.0,99123.0,96102.72,96568.6
2025-02-06,96568.6,99098.9,95641.83,96505.55
2025-02-07,96505.55,100116.8,95573.87,96443.55
2025-02-08,96443.55,96840.0,95641.12,96406.7
2025-02-09,96406.7,97275.3,94658.2,96428.6
2025-02-10,96428.6,98339.4,95209.3,97384.1
2025-02-11,97384.1,98459.0,94824.18,95748.6
2025-02-12,95748.6,98087.9,94025.33,97833.97
2025-02-13,97833.97,98047.29,95171.84,96570.7
2025-02-14,96570.7,98806.0,96234.9,97450.67
2025-02-15,97450.67,97933.0,97177.99,97533.9
2025-02-16,97533.9,97672.6,96000.0,96060.0
2025-02-17,96060.0,96988.2,95161.86,95735.95
2025-02-18,95735.95,96723.1,93337.99,95622.15
2025-02-19,95622.15,96871.3,95018.5,96616.5
2025-02-20,96616.5,98676.6,96392.19,98251.37
2025-02-21,98251.37,99454.2,94885.3,96198.4
2025-02-22,96198.4,96989.81,95814.8,96553.49
2025-02-23,96553.49,96641.53,95251.66,96259.74
2025-02-24,96259.74,96523.49,91280.52,91487.69
2025-02-25,91487.69,92516.8,86057.0,88665.4
2025-02-26,88665.4,89393.67,82105.07,84208.05
2025-02-27,84208.05,87043.4,82680.93,84686.0
2025-02-28,84686.0,85111.69,78236.73,84311.92
2025-03-01,84311.92,86539.35,83778.97,86029.95
2025-03-02,86029.95,95021.6,85011.91,94260.66
2025-03-03,94260.66,94410.8,85073.69,86165.3
2025-03-04,86165.3,88938.0,81462.02,87260.77
2025-03-05,87260.77,90972.1,86363.02,90567.9
2025-03-06,90567.9,92767.3,87805.95,89899.6
2025-03-07,89899.6,91243.2,84632.63,86759.95
2025-03-08,86759.95,86880.6,85203.72,86187.63
2025-03-09,86187.63,86485.0,79935.09,80686.4
2025-03-10,80686.4,83999.3,77410.72,78564.69
2025-03-11,78564.69,83617.25,76566.23,82889.2
2025-03-12,82889.2,84436.41,80550.76,83649.9
2025-03-13,83649.9,84311.04,79888.1,81072.3
2025-03-14,81072.3,85296.8,80769.9,83952.43
2025-03-15,83952.43,84635.8,83611.91,84308.4
2025-03-16,84308.4,85088.7,81950.0,82528.97
2025-03-17,82528.97,84715.5,82412.4,83956.37
2025-03-18,83956.37,83975.1,81101.88,82675.7
2025-03-19,82675.7,86964.6,82507.11,86794.17
2025-03-20,86794.17,87399.0,83607.5,84168.9
2025-03-21,84168.9,84802.89,83136.4,84054.6
2025-03-22,84054.6,84500.0,83619.88,83806.0
2025-03-23,83806.0,86084.2,83763.59,86040.68
2025-03-24,86040.68,88740.0,85488.5,87459.9
2025-03-25,87459.9,88500.0,86272.05,87362.4
2025-03-26,87362.4,88255.4,85803.9,86860.3
2025-03-27,86860.3,87719.1,85774.01,87181.8
2025-03-28,87181.8,87479.3,83553.8,84375.0
2025-03-29,84375.0,84573.8,81604.7,82608.92
2025-03-30,82608.92,83496.8,81519.48,82344.9
2025-03-31,82344.9,83892.04,81224.68,82504.3
2025-04-01,82504.3,85537.1,82380.8,85130.6
2025-04-02,85130.6,88493.6,82284.1,82468.79
2025-04-03,82468.79,83891.2,81171.28,83161.8
2025-04-04,83161.8,84699.5,81609.2,83862.1
2025-04-05,83862.1,84243.9,82344.29,83495.36
2025-04-06,83495.36,83753.2,77111.89,78376.1
2025-04-07,78376.1,81186.02,74469.01,79144.1
2025-04-08,79144.1,80833.6,76208.0,76287.0
2025-04-09,76287.0,83558.4,74567.1,82593.9
2025-04-10,82593.9,82721.1,78438.65,79561.28
2025-04-11,79561.28,84262.5,78933.7,83382.7
2025-04-12,83382.7,85879.3,82756.19,85238.4
2025-04-13,85238.4,86073.5,82989.18,83716.8
2025-04-14,83716.8,85771.1,83638.23,84547.4
2025-04-15,84547.4,86434.13,83563.88,83603.85
2025-04-16,83603.85,85467.13,83058.17,83992.45
2025-04-17,83992.45,85440.59,83689.5,84910.08
2025-04-18,84910.08,85104.7,84258.86,84421.08
2025-04-19,84421.08,85620.1,84324.1,85048.5
2025-04-20,85048.5,85289.22,83889.3,85148.91
2025-04-21,85148.91,88432.11,85110.45,87471.1
2025-04-22,87471.1,93931.91,87020.98,93402.36
2025-04-23,93402.36,94632.74,91911.9,93635.2
2025-04-24,93635.2,93985.8,91631.5,93945.4
2025-04-25,93945.4,95712.1,92802.49,94596.0
2025-04-26,94596.0,95156.83,93839.8,94578.87
2025-04-27,94578.87,95286.89,93565.6,93700.0
2025-04-28,93700.0,95557.56,92755.21,94969.7
2025-04-29,94969.7,95426.0,93690.56,94200.0
2025-04-30,94200.0,95184.8,92869.23,94118.0
2025-05-01,94118.0,97388.51,94076.4,96435.92
2025-05-02,96435.92,97853.3,96310.51,96833.5
2025-05-03,96833.5,96865.0,95710.3,95815.5
2025-05-04,95815.5,96257.0,94107.6,94224.0
2025-05-05,94224.0,95147.55,93468.0,94698.8
2025-05-06,94698.8,96880.6,93335.6,96799.03
2025-05-07,96799.03,97689.9,95737.02,96988.1
2025-05-08,96988.1,104172.78,96836.96,103240.89
2025-05-09,103240.89,104327.4,102291.74,102931.1
2025-05-10,102931.1,104974.5,102780.5,104782.3
2025-05-11,104782.3,104938.52,103307.51,104079.9
2025-05-12,104079.9,105813.94,100690.43,102746.0
2025-05-13,102746.0,104949.81,101388.34,104070.6
2025-05-14,104070.6,104317.3,102550.0,103445.0
2025-05-15,103445.0,104152.4,101359.1,103723.7
2025-05-16,103723.7,104512.4,103057.35,103411.67
2025-05-17,103411.67,103669.4,102559.86,103081.5
2025-05-18,103081.5,106650.0,103050.66,106434.2
2025-05-19,106434.2,107113.0,102009.6,105538.0
2025-05-20,105538.0,107266.76,104127.32,106808.1
2025-05-21,106808.1,110761.8,106020.92,109608.7
2025-05-22,109608.7,111950.0,109189.6,111648.69
2025-05-23,111648.69,111751.8,106755.0,107275.9
2025-05-24,107275.9,109441.8,106832.3,107720.63
2025-05-25,107720.63,109299.9,106569.98,108976.2
2025-05-26,108976.2,110404.6,108640.8,109387.05
2025-05-27,109387.05,110694.8,107465.76,108865.17
2025-05-28,108865.17,109209.5,106733.42,107741.87
2025-05-29,107741.87,108851.84,105300.0,105550.07
2025-05-30,105550.07,106276.36,103585.64,103976.6
2025-05-31,103976.6,104898.5,103043.92,104566.1
2025-06-01,104566.1,105843.5,103705.72,105614.4
2025-06-02,105614.4,105900.7,103627.2,105827.3
2025-06-03,105827.3,106752.1,104817.9,105324.6
2025-06-04,105324.6,105946.1,104138.0,104630.0
2025-06-05,104630.0,105867.99,100353.1,101455.62
2025-06-06,101455.62,105293.94,101056.4,104231.64
2025-06-07,104231.64,105862.22,103811.11,105499.9
2025-06-08,105499.9,106440.96,104931.4,105676.27
2025-06-09,105676.27,110577.46,105271.16,110219.9
2025-06-10,110219.9,110350.0,108296.77,110228.19
2025-06-11,110228.19,110370.0,108013.13,108611.1
2025-06-12,108611.1,108781.3,105608.7,105608.7
2025-06-13,105608.7,106131.4,102656.1,106023.17
2025-06-14,106023.17,106166.0,104257.03,105356.6
2025-06-15,105356.6,106089.09,104436.86,105547.7
2025-06-16,105547.7,108918.3,104929.02,106742.0
2025-06-17,106742.0,107716.9,103310.84,104512.7
2025-06-18,104512.7,105498.7,103448.68,104849.07
2025-06-19,104849.07,105191.9,103864.0,104608.33
2025-06-20,104608.33,106487.9,102292.35,103244.0
2025-06-21,103244.0,103949.0,100826.56,102067.76
2025-06-22,102067.76,103347.71,98147.3,100911.76
2025-06-23,100911.76,106011.9,99581.1,105293.86
2025-06-24,105293.86,106228.56,104578.84,106048.5
2025-06-25,106048.5,108076.9,105756.93,107268.39
2025-06-26,107268.39,108229.32,106499.69,106905.4
2025-06-27,106905.4,107683.55,106329.4,106993.7
2025-06-28,106993.7,107509.38,106762.42,107241.1
2025-06-29,107241.1,108478.7,107118.31,108317.96
2025-06-30,108317.96,108745.1,106679.58,107084.12
2025-07-01,107084.12,107489.0,105206.15,105634.8
2025-07-02,105634.8,109716.0,105060.0,108803.1
2025-07-03,108803.1,110485.1,108499.8,109539.9
2025-07-04,109539.9,109725.2,107230.4,107947.4
2025-07-05,107947.4,108406.0,107704.64,108144.44
2025-07-06,108144.44,109684.9,107767.1,109161.03
2025-07-07,109161.03,109677.5,107452.14,108202.08
2025-07-08,108202.08,109182.4,107388.2,108881.9
2025-07-09,108881.9,111998.9,108275.64,111209.7
2025-07-10,111209.7,117070.9,110470.5,115990.1
2025-07-11,115990.1,118857.32,115200.0,117508.71
2025-07-12,117508.71,118170.24,116868.1,117370.5
2025-07-13,117370.5,119446.7,117173.3,119051.84
2025-07-14,119051.84,123215.21,118859.2,119841.7
2025-07-15,119841.7,119946.6,115756.27,117750.96
2025-07-16,117750.96,120057.2,117032.5,118633.45
2025-07-17,118633.45,121032.44,117455.72,119210.01
2025-07-18,119210.01,120884.9,116828.9,117930.2
2025-07-19,117930.2,118503.41,117285.47,117840.69
2025-07-20,117840.69,118899.85,116485.53,117290.3
2025-07-21,117290.3,119689.9,116550.0,117392.15
2025-07-22,117392.15,120321.0,116133.2,120043.6
2025-07-23,120043.6,120194.46,117307.17,118747.2
2025-07-24,118747.2,119478.52,117073.62,118328.0
2025-07-25,118328.0,118440.3,114710.97,117616.3
2025-07-26,117616.3,118310.8,117147.77,117898.8
2025-07-27,117898.8,119782.7,117811.0,119427.4
2025-07-28,119427.4,119819.77,117409.11,118068.11
2025-07-29,118068.11,119284.7,116932.1,117931.43
2025-07-30,117931.43,118769.0,115743.52,117786.74
2025-07-31,117786.74,118897.01,115425.0,115683.01
2025-08-01,115683.01,116000.56,112692.8,113252.43
2025-08-02,113252.43,114016.04,111960.23,112518.1
2025-08-03,112518.1,114730.3,111896.7,114151.78
2025-08-04,114151.78,115682.7,114065.51,115010.21
2025-08-05,115010.21,115084.2,112608.4,114086.38
2025-08-06,114086.38,115673.79,113309.48,114947.71
2025-08-07,114947.71,117561.15,114218.0,117400.27
2025-08-08,117400.27,117582.14,115854.98,116625.1
2025-08-09,116625.1,117875.0,116288.2,116406.2
2025-08-10,116406.2,119293.25,116400.1,119271.9
2025-08-11,119271.9,122318.15,118110.58,118679.2
2025-08-12,118679.2,120287.72,118154.65,120097.05
2025-08-13,120097.05,123720.47,118913.21,123348.0
2025-08-14,123348.0,124535.61,117134.1,118258.98
2025-08-15,118258.98,119208.0,116742.81,117289.9
2025-08-16,117289.9,117857.2,117089.52,117327.7
2025-08-17,117327.7,118553.7,117115.5,117355.7
2025-08-18,117355.7,117509.6,114599.41,116167.9
2025-08-19,116167.9,116681.9,112674.64,112832.76
2025-08-20,112832.76,114571.13,112308.76,114217.4
2025-08-21,114217.4,114780.4,111957.82,112462.7
2025-08-22,112462.7,117367.2,111631.37,116901.14
2025-08-23,116901.14,116998.0,114525.33,115404.8
2025-08-24,115404.8,115658.06,110619.05,113474.8
2025-08-25,113474.8,113649.8,109224.0,110070.95
2025-08-26,110070.95,112342.4,108669.0,111723.1
2025-08-27,111723.1,112588.0,110313.1,111191.93
2025-08-28,111191.93,113433.0,110800.85,112517.79
2025-08-29,112517.79,112598.8,107446.54,108355.3
2025-08-30,108355.3,108902.3,107314.55,108780.7
2025-08-31,108780.7,109447.61,108016.64,108199.9
2025-09-01,108199.9,109873.85,107210.2,109191.8
2025-09-02,109191.8,111729.8,108350.0,111217.7
2025-09-03,111217.7,112556.9,110502.24,111661.8
2025-09-04,111661.8,112140.1,109288.0,110690.19
2025-09-05,110690.19,113352.8,110163.42,110623.1
2025-09-06,110623.1,111258.63,109939.31,110140.11
2025-09-07,110140.11,111558.0,110125.61,111090.17
2025-09-08,111090.17,112871.4,110563.91,112014.14
2025-09-09,112014.14,113238.1,110707.64,111500.0
2025-09-10,111500.0,114248.3,110876.04,113902.68
2025-09-11,113902.68,115446.1,113384.7,115442.9
2025-09-12,115442.9,116600.0,114711.0,115972.0
2025-09-13,115972.0,116225.99,115094.42,115853.74
2025-09-14,115853.74,116117.2,115073.15,115217.23
2025-09-15,115217.23,116737.11,114325.88,115315.92
2025-09-16,115315.92,116911.7,114712.5,116748.9
2025-09-17,116748.9,117239.5,114714.7,116400.2
2025-09-18,116400.2,117884.0,116059.7,117027.84
