timestamp,bybit_index_open,bybit_index_high,bybit_index_low,bybit_index_close
2020-03-25,6670.01,6956.84,6450.96,6677.77
2020-03-26,6677.77,6778.91,6515.05,6736.25
2020-03-27,6736.25,6843.5,6276.2,6360.41
2020-03-28,6360.41,6360.44,6024.01,6237.11
2020-03-29,6237.11,6266.05,5870.08,5881.23
2020-03-30,5881.23,6599.61,5859.4,6394.21
2020-03-31,6394.21,6519.85,6329.0,6410.63
2020-04-01,6410.63,6678.93,6150.04,6643.03
2020-04-02,6643.03,7221.98,6552.72,6794.2
2020-04-03,6794.2,7044.26,6604.17,6734.19
2020-04-04,6734.19,6990.23,6650.39,6856.94
2020-04-05,6856.94,6896.26,6677.55,6771.99
2020-04-06,6771.99,7352.78,6765.21,7330.09
2020-04-07,7330.09,7456.9,7077.1,7197.46
2020-04-08,7197.46,7420.3,7150.09,7360.33
2020-04-09,7360.33,7371.74,7114.4,7283.52
2020-04-10,7283.52,7294.5,6743.02,6859.82
2020-04-11,6859.82,6943.76,6761.57,6877.27
2020-04-12,6877.27,7178.84,6779.83,6903.66
2020-04-13,6903.66,6903.66,6580.84,6837.72
2020-04-14,6837.72,6976.93,6757.78,6868.21
2020-04-15,6868.21,6932.43,6609.03,6621.47
2020-04-16,6621.47,7190.16,6474.77,7101.64
2020-04-17,7101.64,7146.17,6988.85,7027.81
2020-04-18,7027.81,7293.67,7014.51,7248.95
2020-04-19,7248.95,7263.88,7055.99,7120.51
2020-04-20,7120.51,7213.2,6751.14,6828.76
2020-04-21,6828.76,6939.6,6762.51,6841.57
2020-04-22,6841.57,7155.26,6818.21,7125.8
2020-04-23,7125.8,7743.53,7025.22,7482.46
2020-04-24,7482.46,7609.81,7397.87,7504.68
2020-04-25,7504.68,7702.25,7436.62,7539.61
2020-04-26,7539.61,7700.19,7485.8,7694.4
2020-04-27,7694.4,7791.96,7623.72,7774.61
2020-04-28,7774.61,7779.43,7660.04,7739.31
2020-04-29,7739.31,8953.32,7709.93,8779.09
2020-04-30,8779.09,9456.22,8401.42,8620.83
2020-05-01,8620.83,9057.88,8615.81,8827.23
2020-05-02,8827.23,9010.02,8753.05,8972.12
2020-05-03,8972.12,9192.12,8719.95,8895.29
2020-05-04,8895.29,8950.35,8522.88,8871.69
2020-05-05,8871.69,9106.9,8767.36,9020.29
2020-05-06,9020.29,9394.17,8911.43,9143.28
2020-05-07,9143.28,10066.89,9028.1,9984.59
2020-05-08,9984.59,10032.95,9715.14,9799.85
2020-05-09,9799.85,9911.98,9520.96,9539.46
2020-05-10,9539.46,9568.4,8124.32,8722.89
2020-05-11,8722.89,9160.11,8200.24,8560.65
2020-05-12,8560.65,8974.48,8527.76,8810.68
2020-05-13,8810.68,9397.59,8792.27,9307.49
2020-05-14,9307.49,9940.91,9256.58,9792.52
2020-05-15,9792.52,9845.6,9137.62,9315.15
2020-05-16,9315.15,9587.74,9221.58,9381.17
2020-05-17,9381.17,9886.54,9323.2,9678.96
2020-05-18,9678.96,9949.95,9477.19,9733.76
2020-05-19,9733.76,9897.82,9473.89,9775.61
2020-05-20,9775.61,9840.09,9328.53,9511.44
2020-05-21,9511.44,9576.31,8815.24,9068.31
2020-05-22,9068.31,9259.82,8935.21,9169.92
2020-05-23,9169.92,9305.08,9081.08,9177.68
2020-05-24,9177.68,9297.99,8699.52,8718.54
2020-05-25,8718.54,8976.88,8644.47,8898.68
2020-05-26,8898.68,9011.99,8699.91,8840.13
2020-05-27,8840.13,9226.75,8812.79,9203.25
2020-05-28,9203.25,9622.34,9112.87,9574.95
2020-05-29,9574.95,9603.68,9331.18,9425.32
2020-05-30,9425.32,9739.4,9331.74,9697.65
2020-05-31,9697.65,9699.91,9398.22,9449.99
2020-06-01,9449.99,10357.78,9421.97,10198.73
2020-06-02,10198.73,10219.79,9281.43,9518.28
2020-06-03,9518.28,9688.22,9388.79,9666.15
2020-06-04,9666.15,9880.01,9462.07,9788.67
2020-06-05,9788.67,9854.06,9600.91,9621.2
2020-06-06,9621.2,9735.06,9536.65,9667.96
2020-06-07,9667.96,9806.3,9382.13,9745.98
2020-06-08,9745.98,9799.88,9637.25,9779.46
2020-06-09,9779.46,9873.25,9573.59,9772.07
2020-06-10,9772.07,9989.69,9689.49,9882.46
2020-06-11,9882.46,9963.47,9101.01,9280.43
2020-06-12,9280.43,9556.74,9241.06,9466.04
2020-06-13,9466.04,9494.12,9351.07,9474.23
2020-06-14,9474.23,9480.4,9246.2,9342.24
2020-06-15,9342.24,9495.17,8913.01,9424.92
2020-06-16,9424.92,9589.02,9373.13,9524.93
2020-06-17,9524.93,9563.84,9240.33,9463.61
2020-06-18,9463.61,9484.61,9279.89,9386.7
2020-06-19,9386.7,9437.15,9241.01,9311.52
2020-06-20,9311.52,9395.2,9173.39,9358.75
2020-06-21,9358.75,9419.88,9281.72,9295.64
2020-06-22,9295.64,9782.31,9277.11,9684.94
2020-06-23,9684.94,9718.79,9578.59,9624.46
2020-06-24,9624.46,9669.89,9205.88,9296.94
2020-06-25,9296.94,9339.65,9009.68,9249.4
2020-06-26,9249.4,9297.84,9046.09,9162.19
2020-06-27,9162.19,9195.97,8837.07,9011.85
2020-06-28,9011.85,9190.67,8938.86,9117.21
2020-06-29,9117.21,9235.67,9027.13,9191.26
2020-06-30,9191.26,9204.5,9065.28,9137.52
2020-07-01,9137.52,9290.37,9091.55,9231.26
2020-07-02,9231.26,9262.42,8941.52,9086.7
2020-07-03,9086.7,9124.8,9039.32,9059.05
2020-07-04,9059.05,9190.05,9043.93,9135.17
2020-07-05,9135.17,9144.7,8902.96,9073.29
2020-07-06,9073.29,9374.97,9058.41,9344.62
2020-07-07,9344.62,9378.82,9204.93,9256.63
2020-07-08,9256.63,9469.91,9231.75,9435.54
2020-07-09,9435.54,9439.84,9160.41,9233.25
2020-07-10,9233.25,9314.99,9126.28,9288.29
2020-07-11,9288.29,9298.29,9179.19,9234.2
2020-07-12,9234.2,9345.12,9158.7,9301.38
2020-07-13,9301.38,9341.56,9202.19,9242.18
2020-07-14,9242.18,9274.7,9115.84,9254.17
2020-07-15,9254.17,9272.8,9160.23,9198.48
2020-07-16,9198.48,9224.62,9048.08,9133.95
2020-07-17,9133.95,9184.5,9090.11,9155.2
2020-07-18,9155.2,9206.7,9124.67,9169.12
2020-07-19,9169.12,9230.16,9100.64,9208.1
2020-07-20,9208.1,9218.84,9132.19,9160.65
2020-07-21,9160.65,9437.45,9152.49,9388.36
2020-07-22,9388.36,9532.14,9277.32,9518.03
2020-07-23,9518.03,9661.76,9443.3,9603.41
2020-07-24,9603.41,9633.35,9466.25,9537.86
2020-07-25,9537.86,9730.25,9524.82,9700.43
2020-07-26,9700.43,10132.4,9649.31,9931.28
2020-07-27,9931.28,11386.63,9920.9,11030.88
2020-07-28,11030.88,11238.78,10568.57,10907.57
2020-07-29,10907.57,11339.95,10833.5,11100.95
2020-07-30,11100.95,11169.88,10831.55,11099.63
2020-07-31,11099.63,11442.25,10961.13,11335.8
2020-08-01,11335.8,11857.39,11219.93,11803.93
2020-08-02,11803.93,12105.8,10510.9,11070.81
2020-08-03,11070.81,11470.0,10937.9,11219.98
2020-08-04,11219.98,11413.96,11016.91,11190.38
2020-08-05,11190.38,11779.8,11093.85,11741.91
2020-08-06,11741.91,11898.96,11564.34,11762.87
2020-08-07,11762.87,11909.6,11322.33,11593.31
2020-08-08,11593.31,11807.95,11515.91,11762.05
2020-08-09,11762.05,11794.94,11524.55,11680.41
2020-08-10,11680.41,12054.25,11469.12,11892.0
2020-08-11,11892.0,11934.87,11127.61,11389.97
2020-08-12,11389.97,11617.74,11150.0,11565.04
2020-08-13,11565.04,11788.88,11272.51,11776.95
2020-08-14,11776.95,11849.99,11634.12,11760.12
2020-08-15,11760.12,11979.32,11684.25,11852.4
2020-08-16,11852.4,11933.64,11687.86,11910.31
2020-08-17,11910.31,12449.98,11769.87,12280.91
2020-08-18,12280.91,12384.43,11820.53,11945.38
2020-08-19,11945.38,12019.07,11571.44,11753.35
2020-08-20,11753.35,11879.4,11668.65,11855.17
2020-08-21,11855.17,11877.22,11494.49,11529.87
2020-08-22,11529.87,11684.68,11379.3,11664.19
2020-08-23,11664.19,11714.66,11515.57,11647.81
2020-08-24,11647.81,11823.48,11587.95,11750.6
2020-08-25,11750.6,11766.29,11116.87,11320.8
2020-08-26,11320.8,11537.93,11245.66,11461.41
2020-08-27,11461.41,11585.89,11126.08,11329.71
2020-08-28,11329.71,11541.86,11279.38,11526.89
2020-08-29,11526.89,11579.19,11419.98,11466.7
2020-08-30,11466.7,11717.51,11459.45,11712.0
2020-08-31,11712.0,11775.72,11570.51,11650.44
2020-09-01,11650.44,12050.63,11527.59,11921.78
2020-09-02,11921.78,11951.61,11160.17,11388.01
2020-09-03,11388.01,11460.72,9945.66,10137.51
2020-09-04,10137.51,10626.26,9888.95,10447.7
2020-09-05,10447.7,10566.04,9835.4,10166.91
2020-09-06,10166.91,10345.48,9997.29,10256.4
2020-09-07,10256.4,10407.46,9875.83,10372.71
2020-09-08,10372.71,10437.6,9850.8,10126.89
2020-09-09,10126.89,10342.62,9981.37,10219.2
2020-09-10,10219.2,10483.18,10206.46,10336.87
2020-09-11,10336.87,10397.03,10200.61,10387.24
2020-09-12,10387.24,10477.84,10270.43,10440.54
2020-09-13,10440.54,10579.91,10212.26,10330.09
2020-09-14,10330.09,10748.72,10242.85,10671.74
2020-09-15,10671.74,10930.03,10608.42,10785.22
2020-09-16,10785.22,11092.57,10665.42,10953.78
2020-09-17,10953.78,11043.9,10747.52,10939.64
2020-09-18,10939.64,11038.2,10813.33,10933.49
2020-09-19,10933.49,11179.21,10889.28,11080.39
2020-09-20,11080.39,11080.39,10758.95,10920.26
2020-09-21,10920.26,10987.97,10297.1,10417.27
2020-09-22,10417.27,10572.8,10356.55,10529.4
2020-09-23,10529.4,10536.65,10138.26,10241.35
2020-09-24,10241.35,10794.87,10197.78,10734.97
2020-09-25,10734.97,10760.18,10556.84,10687.12
2020-09-26,10687.12,10820.63,10645.79,10728.63
2020-09-27,10728.63,10798.92,10594.6,10774.05
2020-09-28,10774.05,10953.25,10637.48,10696.51
2020-09-29,10696.51,10864.77,10637.15,10840.47
2020-09-30,10840.47,10847.64,10666.2,10776.81
2020-10-01,10776.81,10919.98,10448.71,10619.56
2020-10-02,10619.56,10664.97,10375.04,10570.54
2020-10-03,10570.54,10601.76,10496.21,10541.73
2020-10-04,10541.73,10696.9,10518.7,10666.88
2020-10-05,10666.88,10798.11,10618.04,10791.6
2020-10-06,10791.6,10799.74,10526.4,10600.68
2020-10-07,10600.68,10680.38,10548.76,10666.0
2020-10-08,10666.0,10948.19,10532.91,10924.89
2020-10-09,10924.89,11099.98,10829.16,11050.89
2020-10-10,11050.89,11489.49,11050.78,11293.28
2020-10-11,11293.28,11444.78,11273.35,11369.46
2020-10-12,11369.46,11722.03,11173.4,11529.95
2020-10-13,11529.95,11556.78,11305.5,11419.49
2020-10-14,11419.49,11545.88,11288.37,11417.77
2020-10-15,11417.77,11613.63,11253.29,11503.9
2020-10-16,11503.9,11539.67,11199.82,11316.22
2020-10-17,11316.22,11402.3,11257.42,11358.51
2020-10-18,11358.51,11508.33,11344.79,11502.57
2020-10-19,11502.57,11827.34,11407.86,11748.8
2020-10-20,11748.8,12038.27,11677.21,11907.61
2020-10-21,11907.61,13206.91,11885.49,12780.89
2020-10-22,12780.89,13177.89,12675.93,12962.81
2020-10-23,12962.81,13022.25,12720.01,12921.34
2020-10-24,12921.34,13163.26,12868.48,13107.89
2020-10-25,13107.89,13343.57,12887.71,13026.72
2020-10-26,13026.72,13225.54,12762.53,13049.22
2020-10-27,13049.22,13778.89,13020.87,13631.02
2020-10-28,13631.02,13845.67,12888.04,13262.41
2020-10-29,13262.41,13626.57,12924.04,13447.32
2020-10-30,13447.32,13654.52,13100.43,13550.21
2020-10-31,13550.21,14075.77,13408.23,13778.75
2020-11-01,13778.75,13878.55,13598.76,13744.69
2020-11-02,13744.69,13817.06,13184.04,13534.71
2020-11-03,13534.71,14046.07,13276.57,14011.25
2020-11-04,14011.25,14237.07,13514.31,14128.05
2020-11-05,14128.05,15729.26,14082.52,15582.97
2020-11-06,15582.97,15945.8,15172.0,15576.51
2020-11-07,15576.51,15743.1,14351.72,14815.15
2020-11-08,14815.15,15646.43,14705.19,15471.1
2020-11-09,15471.1,15831.71,14808.86,15316.56
2020-11-10,15316.56,15458.32,15070.39,15287.1
2020-11-11,15287.1,15956.75,15265.61,15673.59
2020-11-12,15673.59,16328.14,15432.94,16285.12
2020-11-13,16285.12,16463.36,15940.71,16308.62
2020-11-14,16308.62,16314.55,15670.81,16056.58
2020-11-15,16056.58,16147.09,15755.34,15935.76
2020-11-16,15935.76,16867.2,15845.88,16703.49
2020-11-17,16703.49,17845.58,16534.72,17647.23
2020-11-18,17647.23,18456.48,17222.37,17760.46
2020-11-19,17760.46,18172.76,17335.97,17801.85
2020-11-20,17801.85,18809.14,17740.34,18655.9
2020-11-21,18655.9,18964.51,18324.45,18697.36
2020-11-22,18697.36,18747.34,17622.98,18414.67
2020-11-23,18414.67,18759.58,18006.18,18369.18
2020-11-24,18369.18,19411.04,18029.69,19160.0
2020-11-25,19160.0,19484.24,18508.1,18721.04
2020-11-26,18721.04,18911.02,16201.35,17148.96
2020-11-27,17148.96,17453.53,16448.33,17140.77
2020-11-28,17140.77,17874.95,16869.19,17719.94
2020-11-29,17719.94,18342.18,17521.15,18182.61
2020-11-30,18182.61,19850.71,18182.34,19695.03
2020-12-01,19695.03,19888.04,18080.06,18766.88
2020-12-02,18766.88,19341.14,18329.84,19205.06
2020-12-03,19205.06,19599.61,18867.59,19422.43
2020-12-04,19422.43,19524.03,18568.56,18651.39
2020-12-05,18651.39,19176.43,18504.55,19150.9
2020-12-06,19150.9,19419.9,18856.79,19360.88
2020-12-07,19360.88,19421.15,18902.88,19170.56
2020-12-08,19170.56,19296.46,18199.43,18323.88
2020-12-09,18323.88,18636.64,17651.84,18541.23
2020-12-10,18541.23,18554.13,17911.38,18254.51
2020-12-11,18254.51,18292.83,17582.18,18034.5
2020-12-12,18034.5,18942.5,18022.5,18805.68
2020-12-13,18805.68,19411.06,18712.58,19173.25
2020-12-14,19173.25,19349.07,19001.82,19273.24
2020-12-15,19273.24,19569.61,19050.92,19426.13
2020-12-16,19426.13,21554.66,19279.88,21337.62
2020-12-17,21337.62,23797.16,21234.3,22803.15
2020-12-18,22803.15,23280.65,22360.05,23109.61
2020-12-19,23109.61,24168.63,22751.46,23823.95
2020-12-20,23823.95,24291.64,23079.38,23470.92
2020-12-21,23470.92,24106.74,21934.93,22720.39
2020-12-22,22720.39,23836.88,22374.0,23815.56
2020-12-23,23815.56,24110.84,22613.76,23232.65
2020-12-24,23232.65,23796.45,22704.59,23729.11
2020-12-25,23729.11,24784.09,23435.93,24709.37
2020-12-26,24709.37,26863.8,24500.24,26489.17
2020-12-27,26489.17,28416.08,25828.29,26286.47
2020-12-28,26286.47,27497.42,26105.36,27078.0
2020-12-29,27078.0,27410.22,25884.83,27384.58
2020-12-30,27384.58,28995.21,27359.91,28873.79
2020-12-31,28873.79,29300.44,27890.95,28923.34
2021-01-01,28923.34,29602.01,28641.07,29330.09
2021-01-02,29330.09,33291.71,28949.46,32184.77
2021-01-03,32184.77,34764.84,31970.56,33010.37
2021-01-04,33010.37,33584.71,27878.29,31991.64
2021-01-05,31991.64,34370.28,29902.94,33946.02
2021-01-06,33946.02,36939.84,33314.7,36760.96
2021-01-07,36760.96,40341.37,36300.89,39435.56
2021-01-08,39435.56,41935.13,36528.1,40582.9
2021-01-09,40582.9,41364.9,38729.9,40087.92
2021-01-10,40087.92,41331.09,35210.05,38160.14
2021-01-11,38160.14,38260.64,30424.87,35404.84
2021-01-12,35404.84,36627.3,32549.59,34053.23
2021-01-13,34053.23,37796.02,32383.22,37367.08
2021-01-14,37367.08,40104.09,36740.32,39148.09
2021-01-15,39148.09,39741.44,34408.42,36747.95
2021-01-16,36747.95,37943.88,35354.89,35999.55
2021-01-17,35999.55,36850.22,33856.19,35833.13
2021-01-18,35833.13,37469.79,34788.75,36630.85
2021-01-19,36630.85,37857.29,35862.21,35889.19
2021-01-20,35889.19,36409.01,33395.48,35468.51
2021-01-21,35468.51,35599.17,30084.55,30849.41
2021-01-22,30849.41,33813.34,28857.57,32955.71
2021-01-23,32955.71,33455.92,31392.14,32076.89
2021-01-24,32076.89,33073.27,30919.29,32260.47
2021-01-25,32260.47,34860.12,31916.45,32258.4
2021-01-26,32258.4,32909.63,30835.47,32470.17
2021-01-27,32470.17,32547.73,29242.94,30362.77
2021-01-28,30362.77,33755.18,29841.9,33351.58
2021-01-29,33351.58,38538.21,31922.17,34252.46
2021-01-30,34252.46,34930.27,32838.35,34268.98
2021-01-31,34268.98,34338.29,32173.41,33100.01
2021-02-01,33100.01,34692.23,32296.2,33526.17
2021-02-02,33526.17,35975.97,33429.64,35475.38
2021-02-03,35475.38,37657.96,35373.98,37619.95
2021-02-04,37619.95,38698.36,36173.6,36939.78
2021-02-05,36939.78,38312.58,36578.99,38299.18
2021-02-06,38299.18,40952.02,38217.8,39192.07
2021-02-07,39192.07,39693.91,37351.92,38801.08
2021-02-08,38801.08,46743.58,37998.98,46369.65
2021-02-09,46369.65,48127.13,44982.66,46426.57
2021-02-10,46426.57,47307.91,43729.99,44810.02
2021-02-11,44810.02,48637.94,44000.76,47974.15
2021-02-12,47974.15,48973.52,46176.08,47303.18
2021-02-13,47303.18,48112.21,46227.38,47150.52
2021-02-14,47150.52,49699.04,47025.38,48579.15
2021-02-15,48579.15,49006.9,45699.09,47912.16
2021-02-16,47912.16,50597.91,47023.56,49146.96
2021-02-17,49146.96,52613.61,48960.15,52116.2
2021-02-18,52116.2,52528.33,50901.68,51558.09
2021-02-19,51558.09,56311.22,50747.21,55905.59
2021-02-20,55905.59,57587.95,53928.12,55845.14
2021-02-21,55845.14,58326.12,55481.73,57409.91
2021-02-22,57409.91,57508.81,47683.01,54092.15
2021-02-23,54092.15,54180.35,44940.99,48899.56
2021-02-24,48899.56,51352.8,47004.22,49682.22
2021-02-25,49682.22,52021.82,46692.14,47084.1
2021-02-26,47084.1,48409.81,44122.52,46296.41
2021-02-27,46296.41,48388.76,45000.66,46111.19
2021-02-28,46111.19,46632.5,43001.86,45135.22
2021-03-01,45135.22,49790.15,44954.03,49588.06
2021-03-02,49588.06,50187.9,47058.28,48440.48
2021-03-03,48440.48,52630.94,48103.55,50355.38
2021-03-04,50355.38,51767.23,47501.97,48373.66
2021-03-05,48373.66,49443.26,46308.14,48751.58
2021-03-06,48751.58,49197.68,47095.81,48878.78
2021-03-07,48878.78,51450.13,48878.78,50971.9
2021-03-08,50971.9,52384.19,49270.0,52376.51
2021-03-09,52376.51,54887.83,51814.22,54882.71
2021-03-10,54882.71,57374.9,53023.58,55858.04
2021-03-11,55858.04,58138.26,54277.52,57782.11
2021-03-12,57782.11,58075.8,55035.07,57227.94
2021-03-13,57227.94,61814.06,56091.61,61185.27
2021-03-14,61185.27,61702.67,58981.42,58984.39
2021-03-15,58984.39,60629.86,54653.84,55609.34
2021-03-16,55609.34,56924.67,53277.29,56899.81
2021-03-17,56899.81,58972.78,54134.97,58907.09
2021-03-18,58907.09,60126.78,57024.11,57641.63
2021-03-19,57641.63,59459.65,56284.98,58029.91
2021-03-20,58029.91,59882.96,57821.8,58098.21
2021-03-21,58098.21,58593.08,55449.79,57347.81
2021-03-22,57347.81,58430.6,53666.64,54086.57
2021-03-23,54086.57,55829.54,52997.66,54346.03
2021-03-24,54346.03,57191.93,51712.94,52303.73
2021-03-25,52303.73,53241.81,50460.03,51305.03
2021-03-26,51305.03,55067.5,51232.63,55026.67
2021-03-27,55026.67,56629.83,53961.54,55820.8
2021-03-28,55820.8,56550.53,54698.33,55777.65
2021-03-29,55777.65,58389.44,54923.05,57634.66
2021-03-30,57634.66,59361.78,57077.29,58744.32
2021-03-31,58744.32,59790.64,56827.78,58748.4
2021-04-01,58748.4,59490.51,57936.85,58728.09
2021-04-02,58728.09,60170.83,58462.48,58965.05
2021-04-03,58965.05,59791.52,56900.09,57060.62
2021-04-04,57060.62,58492.02,56441.28,58204.19
2021-04-05,58204.19,59266.53,56799.96,59130.08
2021-04-06,59130.08,59494.91,57413.51,57991.3
2021-04-07,57991.3,58655.01,55474.79,55953.23
2021-04-08,55953.23,58152.92,55703.15,58081.29
2021-04-09,58081.29,58899.76,57663.79,58139.86
2021-04-10,58139.86,61316.23,57900.0,59772.9
2021-04-11,59772.9,60698.22,59233.95,60005.08
2021-04-12,60005.08,61263.48,59413.15,59856.01
2021-04-13,59856.01,63756.84,59808.43,63573.48
2021-04-14,63573.48,64847.75,61336.53,62963.41
2021-04-15,62963.41,63779.91,62036.9,63156.48
2021-04-16,63156.48,63513.47,60002.95,61340.01
2021-04-17,61340.01,62500.09,59586.71,60005.12
2021-04-18,60005.12,60367.85,51028.58,56149.91
2021-04-19,56149.91,57520.62,54246.64,55633.23
2021-04-20,55633.23,57060.2,53339.87,56427.72
2021-04-21,56427.72,56757.84,53625.14,53787.76
2021-04-22,53787.76,55472.61,50497.08,51694.38
2021-04-23,51694.38,52130.55,47533.31,51119.08
2021-04-24,51119.08,51159.48,48673.13,50042.78
2021-04-25,50042.78,50553.6,46988.3,49073.69
2021-04-26,49073.69,54337.02,48759.29,53998.99
2021-04-27,53998.99,55448.31,53242.09,55015.35
2021-04-28,55015.35,56417.72,53815.33,54840.77
2021-04-29,54840.77,55194.13,52336.9,53555.09
2021-04-30,53555.09,57922.6,53038.8,57687.93
2021-05-01,57687.93,58453.07,57015.11,57800.04
2021-05-02,57800.04,57910.59,56051.21,56579.34
2021-05-03,56579.34,58975.07,56444.71,57162.87
2021-05-04,57162.87,57196.29,53080.11,53207.78
2021-05-05,53207.78,57989.76,52912.02,57436.47
2021-05-06,57436.47,58360.02,55258.71,56394.41
2021-05-07,56394.41,58644.65,55243.83,57312.73
2021-05-08,57312.73,59490.81,56904.03,58864.39
2021-05-09,58864.39,59219.45,56239.66,58241.0
2021-05-10,58241.0,59502.99,53593.12,55811.62
2021-05-11,55811.62,56853.22,54459.06,56670.23
2021-05-12,56670.23,57980.57,48601.11,49519.13
2021-05-13,49519.13,51353.35,45983.52,49673.48
2021-05-14,49673.48,51468.23,48832.91,49844.16
2021-05-15,49844.16,50669.78,46557.21,46767.11
2021-05-16,46767.11,49790.59,43869.67,46416.6
2021-05-17,46416.6,46615.12,42109.43,43538.05
2021-05-18,43538.05,45787.18,42261.08,42855.67
2021-05-19,42855.67,43580.13,29667.55,36668.85
2021-05-20,36668.85,42410.29,34912.4,40523.83
2021-05-21,40523.83,42210.09,33500.92,37263.33
2021-05-22,37263.33,38829.15,35209.15,37449.01
2021-05-23,37449.01,38270.73,31110.87,34681.81
2021-05-24,34681.81,39913.41,34388.27,38806.36
2021-05-25,38806.36,39790.5,36434.06,38324.82
2021-05-26,38324.82,40838.83,37803.23,39240.24
2021-05-27,39240.24,40411.32,37142.11,38522.72
2021-05-28,38522.72,38871.46,34699.27,35666.05
2021-05-29,35666.05,37315.82,33643.77,34600.75
2021-05-30,34600.75,36487.75,33391.55,35643.04
2021-05-31,35643.04,37498.16,34158.04,37255.12
2021-06-01,37255.12,37890.98,35695.12,36691.72
2021-06-02,36691.72,38221.63,35924.98,37569.7
2021-06-03,37569.7,39474.75,37177.24,39241.05
2021-06-04,39241.05,39279.96,35565.61,36831.29
2021-06-05,36831.29,37908.23,34818.22,35512.52
2021-06-06,35512.52,36465.72,35226.54,35796.78
2021-06-07,35796.78,36802.8,33312.13,33559.64
2021-06-08,33559.64,34061.44,31001.92,33380.64
2021-06-09,33380.64,37525.01,32402.1,37384.93
2021-06-10,37384.93,38450.58,35796.05,36675.92
2021-06-11,36675.92,37675.44,35947.78,37331.93
2021-06-12,37331.93,37457.17,34616.56,35546.24
2021-06-13,35546.24,39361.07,34766.64,39016.35
2021-06-14,39016.35,41015.61,38738.13,40514.72
2021-06-15,40514.72,41321.3,39525.59,40146.48
2021-06-16,40146.48,40492.71,38116.13,38348.62
2021-06-17,38348.62,39550.49,37371.29,38088.06
2021-06-18,38088.06,38202.31,35133.66,35819.41
2021-06-19,35819.41,36444.56,34811.63,35484.63
2021-06-20,35484.63,36125.81,33338.99,35600.12
2021-06-21,35600.12,35744.39,31260.85,31614.81
2021-06-22,31614.81,33290.68,28823.2,32508.98
2021-06-23,32508.98,34819.92,31711.05,33675.47
2021-06-24,33675.47,35286.99,32310.35,34661.97
2021-06-25,34661.97,35498.85,31281.03,31585.46
2021-06-26,31585.46,32720.07,30155.75,32282.75
2021-06-27,32282.75,34742.6,31996.73,34695.22
2021-06-28,34695.22,35292.85,33877.75,34492.21
2021-06-29,34492.21,36599.83,34230.19,35912.65
2021-06-30,35912.65,36096.41,34042.3,35041.86
2021-07-01,35041.86,35051.55,32713.79,33516.37
2021-07-02,33516.37,33975.38,32699.82,33786.41
2021-07-03,33786.41,34946.39,33320.97,34667.65
2021-07-04,34667.65,35959.52,34362.93,35286.47
2021-07-05,35286.47,35291.96,33132.31,33686.4
2021-07-06,33686.4,35103.26,33529.92,34221.98
2021-07-07,34221.98,35051.9,33779.61,33859.86
2021-07-08,33859.86,33922.94,32089.87,32875.74
2021-07-09,32875.74,34100.93,32271.13,33815.67
2021-07-10,33815.67,34261.34,33034.85,33504.03
2021-07-11,33504.03,34614.76,33311.16,34259.12
2021-07-12,34259.12,34669.51,32660.19,33092.33
2021-07-13,33092.33,33332.97,32205.21,32727.66
2021-07-14,32727.66,33108.15,31591.19,32817.88
2021-07-15,32817.88,33183.23,31146.55,31880.2
2021-07-16,31880.2,32243.6,31027.37,31384.73
2021-07-17,31384.73,31955.87,31167.57,31517.74
2021-07-18,31517.74,32434.05,31107.43,31778.34
2021-07-19,31778.34,31897.87,30424.75,30836.65
2021-07-20,30836.65,31058.67,29287.65,29787.62
2021-07-21,29787.62,32815.36,29492.63,32141.48
2021-07-22,32141.48,32585.82,31722.82,32288.28
2021-07-23,32288.28,33635.92,31991.73,33629.56
2021-07-24,33629.56,34492.51,33402.88,34253.18
2021-07-25,34253.18,35397.62,33850.09,35380.53
2021-07-26,35380.53,40547.0,35212.0,37237.95
2021-07-27,37237.95,39529.58,36387.48,39455.63
2021-07-28,39455.63,40887.92,38779.05,40019.8
2021-07-29,40019.8,40636.81,39248.39,40018.71
2021-07-30,40018.71,42299.09,38323.19,42197.03
2021-07-31,42197.03,42399.85,41033.85,41457.24
2021-08-01,41457.24,42577.42,39419.1,39848.02
2021-08-02,39848.02,40466.5,38691.06,39148.59
2021-08-03,39148.59,39775.14,37643.18,38206.74
2021-08-04,38206.74,39963.96,37506.77,39725.85
2021-08-05,39725.85,41350.1,37331.76,40862.53
2021-08-06,40862.53,43375.25,39869.67,42835.14
2021-08-07,42835.14,44700.59,42447.82,44577.56
2021-08-08,44577.56,45310.67,43267.49,43794.29
2021-08-09,43794.29,46453.0,42781.12,46260.51
2021-08-10,46260.51,46699.03,44623.18,45582.72
2021-08-11,45582.72,46737.93,45346.3,45515.9
2021-08-12,45515.9,46214.26,43774.68,44397.92
2021-08-13,44397.92,47886.42,44223.71,47799.44
2021-08-14,47799.44,48143.0,46000.0,47068.48
2021-08-15,47068.48,47372.65,45495.7,46980.39
2021-08-16,46980.39,48041.11,45660.66,45900.51
2021-08-17,45900.51,47158.4,44395.47,44690.84
2021-08-18,44690.84,46005.74,44212.42,44709.06
2021-08-19,44709.06,47033.95,43938.18,46762.19
2021-08-20,46762.19,49385.1,46636.32,49325.37
2021-08-21,49325.37,49762.01,48229.23,48824.63
2021-08-22,48824.63,49489.96,48048.38,49242.39
2021-08-23,49242.39,50498.83,49029.17,49491.66
2021-08-24,49491.66,49859.9,47599.74,47677.91
2021-08-25,47677.91,49257.58,47128.78,48975.39
2021-08-26,48975.39,49347.77,46274.25,46834.02
2021-08-27,46834.02,49141.38,46349.98,49058.51
2021-08-28,49058.51,49282.79,48344.88,48889.56
2021-08-29,48889.56,49629.97,47760.89,48762.31
2021-08-30,48762.31,48872.98,46855.47,46978.03
2021-08-31,46978.03,48245.88,46699.92,47105.1
2021-09-01,47105.1,49116.36,46511.15,48816.52
2021-09-02,48816.52,50357.66,48591.24,49252.76
2021-09-03,49252.76,50999.97,48321.82,49992.39
2021-09-04,49992.39,50534.55,49372.57,49908.6
2021-09-05,49908.6,51875.68,49452.03,51761.05
2021-09-06,51761.05,52778.8,50983.1,52663.31
2021-09-07,52663.31,52919.6,42892.95,46858.36
2021-09-08,46858.36,47338.9,44422.76,46053.53
2021-09-09,46053.53,47383.54,45529.49,46392.29
2021-09-10,46392.29,47032.87,44138.49,44850.55
2021-09-11,44850.55,45979.96,44730.57,45168.92
2021-09-12,45168.92,46453.81,44742.51,46022.56
2021-09-13,46022.56,46854.74,43384.98,44942.38
2021-09-14,44942.38,47247.8,44653.74,47106.85
2021-09-15,47106.85,48447.06,46686.23,48123.44
2021-09-16,48123.44,48496.67,47034.65,47741.57
2021-09-17,47741.57,48149.6,46756.86,47292.86
2021-09-18,47292.86,48816.23,47040.98,48292.14
2021-09-19,48292.14,48368.74,46832.9,47241.82
2021-09-20,47241.82,47342.72,42494.25,43017.32
2021-09-21,43017.32,43636.79,39599.48,40726.98
2021-09-22,40726.98,44000.57,40569.95,43547.77
2021-09-23,43547.77,44976.82,43072.57,44864.74
2021-09-24,44864.74,45160.55,40678.51,42808.44
2021-09-25,42808.44,42964.77,41652.79,42669.09
2021-09-26,42669.09,43921.84,40746.97,43161.74
2021-09-27,43161.74,44346.88,42098.03,42147.4
2021-09-28,42147.4,42762.19,40886.19,41021.83
2021-09-29,41021.83,42584.75,40753.21,41528.43
2021-09-30,41528.43,44117.73,41417.0,43819.39
2021-10-01,43819.39,48460.29,43283.74,48139.8
2021-10-02,48139.8,48332.4,47431.74,47635.96
2021-10-03,47635.96,49227.92,47091.03,48195.2
2021-10-04,48195.2,49494.3,46917.41,49220.96
2021-10-05,49220.96,51880.13,49031.32,51471.58
2021-10-06,51471.58,55749.67,50399.85,55313.24
2021-10-07,55313.24,55328.86,53365.96,53780.97
2021-10-08,53780.97,56072.5,53616.61,53946.6
2021-10-09,53946.6,55480.3,53665.19,54946.68
2021-10-10,54946.68,56505.1,54098.9,54667.1
2021-10-11,54667.1,57826.97,54428.42,57472.3
2021-10-12,57472.3,57657.82,53908.24,56003.98
2021-10-13,56003.98,57776.07,54251.35,57366.66
2021-10-14,57366.66,58527.23,56812.82,57343.43
2021-10-15,57343.43,62921.71,56864.4,61681.15
2021-10-16,61681.15,62361.33,60157.42,60875.51
2021-10-17,60875.51,61703.06,58959.18,61520.02
2021-10-18,61520.02,62697.76,59886.81,62014.94
2021-10-19,62014.94,64468.97,61345.12,64275.16
2021-10-20,64275.16,66973.6,63499.85,66002.76
2021-10-21,66002.76,66645.54,62023.47,62201.58
2021-10-22,62201.58,63726.07,60010.19,60690.83
2021-10-23,60690.83,61742.94,59622.31,61291.81
2021-10-24,61291.81,61492.16,59511.56,60850.9
2021-10-25,60850.9,63703.47,60646.34,63078.8
2021-10-26,63078.8,63284.95,59828.9,60321.98
2021-10-27,60321.98,61486.82,57997.74,58409.86
2021-10-28,58409.86,62499.64,57741.24,60580.71
2021-10-29,60580.71,62962.96,60177.31,62248.45
2021-10-30,62248.45,62359.59,60711.28,61856.9
2021-10-31,61856.9,62395.71,59949.3,61294.54
2021-11-01,61294.54,62436.28,59422.32,60907.37
2021-11-02,60907.37,64249.16,60634.6,63208.19
2021-11-03,63208.19,63500.59,60363.49,62892.58
2021-11-04,62892.58,63086.16,60676.93,61394.3
2021-11-05,61394.3,62581.54,60721.16,60944.92
2021-11-06,60944.92,61543.13,60050.38,61468.12
2021-11-07,61468.12,63270.21,61325.92,63261.61
2021-11-08,63261.61,67777.0,63260.83,67515.4
2021-11-09,67515.4,68508.18,66232.67,66943.84
2021-11-10,66943.84,69000.42,62845.8,64882.39
2021-11-11,64882.39,65590.58,64103.7,64776.6
2021-11-12,64776.6,65450.6,62280.22,64121.01
2021-11-13,64121.01,64979.69,63364.42,64379.78
2021-11-14,64379.78,65514.56,63576.03,65501.06
2021-11-15,65501.06,66342.02,63399.59,63607.34
2021-11-16,63607.34,63613.81,58574.94,60062.54
2021-11-17,60062.54,60809.04,58387.54,60341.43
2021-11-18,60341.43,60955.74,56479.2,56889.55
2021-11-19,56889.55,58318.33,55607.93,58052.92
2021-11-20,58052.92,59843.99,57359.83,59698.54
2021-11-21,59698.54,60014.21,58498.0,58601.87
2021-11-22,58601.87,59437.64,55606.92,56248.76
2021-11-23,56248.76,57850.2,55329.34,57539.23
2021-11-24,57539.23,57730.2,55868.83,57141.73
2021-11-25,57141.73,59385.22,57000.75,58949.81
2021-11-26,58949.81,59150.4,53499.81,53723.18
2021-11-27,53723.18,55272.9,53609.99,54716.69
2021-11-28,54716.69,57429.42,53270.31,57275.04
2021-11-29,57275.04,58851.32,56670.9,57769.75
2021-11-30,57769.75,59173.67,55879.23,56942.39
2021-12-01,56942.39,59048.0,56450.01,57176.81
2021-12-02,57176.81,57371.05,55778.69,56483.87
2021-12-03,56483.87,57596.24,51649.7,53613.46
2021-12-04,53613.46,53853.31,41891.58,49158.79
2021-12-05,49158.79,49697.54,47741.89,49390.56
2021-12-06,49390.56,50874.88,47127.95,50439.45
2021-12-07,50439.45,51925.23,50037.47,50589.0
2021-12-08,50589.0,51185.69,48605.57,50465.14
2021-12-09,50465.14,50797.03,47327.06,47549.78
2021-12-10,47549.78,50112.31,46870.37,47153.38
2021-12-11,47153.38,49479.47,46758.62,49383.22
2021-12-12,49383.22,50771.95,48639.19,50056.76
2021-12-13,50056.76,50184.38,45728.83,46702.93
2021-12-14,46702.93,48651.68,46291.28,48344.48
2021-12-15,48344.48,49487.96,46543.88,48865.11
2021-12-16,48865.11,49431.88,47521.99,47635.09
2021-12-17,47635.09,47995.67,45463.56,46136.06
2021-12-18,46136.06,47344.91,45499.71,46831.97
2021-12-19,46831.97,48302.25,46410.49,46679.46
2021-12-20,46679.46,47530.35,45561.34,46906.98
2021-12-21,46906.98,49313.22,46649.56,48890.23
2021-12-22,48890.23,49563.78,48428.5,48589.23
2021-12-23,48589.23,51364.65,48009.75,50827.16
2021-12-24,50827.16,51809.67,50403.15,50813.2
2021-12-25,50813.2,51139.62,50145.78,50399.42
2021-12-26,50399.42,51279.85,49417.25,50774.83
2021-12-27,50774.83,52083.05,50449.19,50700.24
2021-12-28,50700.24,50700.53,47312.95,47544.51
2021-12-29,47544.51,48131.78,46099.84,46467.8
2021-12-30,46467.8,47899.36,45929.13,47122.29
2021-12-31,47122.29,48549.68,45677.44,46216.8
2022-01-01,46216.8,47947.67,46211.49,47724.22
2022-01-02,47724.22,47990.24,46664.93,47289.87
2022-01-03,47289.87,47570.14,45696.46,46446.53
2022-01-04,46446.53,47545.23,45541.82,45831.99
2022-01-05,45831.99,47063.4,42478.15,43450.1
2022-01-06,43450.1,43782.86,42431.95,43083.34
2022-01-07,43083.34,43139.84,40606.31,41562.26
2022-01-08,41562.26,42300.05,40519.77,41679.9
2022-01-09,41679.9,42781.31,41211.24,41864.89
2022-01-10,41864.89,42237.7,39649.11,41819.75
2022-01-11,41819.75,43095.12,41269.79,42724.99
2022-01-12,42724.99,44321.27,42453.87,43902.22
2022-01-13,43902.22,44427.14,42320.13,42566.57
2022-01-14,42566.57,43449.16,41735.47,43062.82
2022-01-15,43062.82,43798.54,42558.98,43083.61
2022-01-16,43083.61,43467.64,42594.49,43074.59
2022-01-17,43074.59,43175.68,41550.03,42204.87
2022-01-18,42204.87,42675.75,41285.53,42354.04
2022-01-19,42354.04,42558.75,41140.55,41663.96
2022-01-20,41663.96,43496.9,40562.46,40681.81
2022-01-21,40681.81,41097.48,35441.2,36451.75
2022-01-22,36451.75,36826.54,34010.65,35061.87
2022-01-23,35061.87,36499.63,34607.26,36249.6
2022-01-24,36249.6,37540.1,32937.11,36670.32
2022-01-25,36670.32,37537.66,35707.78,36957.36
2022-01-26,36957.36,38902.35,36258.85,36807.42
2022-01-27,36807.42,37227.71,35513.23,37163.43
2022-01-28,37163.43,37999.57,36166.27,37716.77
2022-01-29,37716.77,38719.65,37306.26,38166.52
2022-01-30,38166.52,38356.28,37355.3,37887.66
2022-01-31,37887.66,38734.37,36636.77,38465.32
2022-02-01,38465.32,39266.36,38004.52,38695.11
2022-02-02,38695.11,38855.78,36594.11,36895.82
2022-02-03,36895.82,37360.39,36251.77,37314.21
2022-02-04,37314.21,41725.3,37030.31,41570.72
2022-02-05,41570.72,41912.08,40943.32,41388.7
2022-02-06,41388.7,42654.41,41117.39,42380.49
2022-02-07,42380.49,44500.94,41648.26,43840.02
2022-02-08,43840.02,45477.9,42680.22,44040.06
2022-02-09,44040.06,44796.49,43127.83,44374.93
2022-02-10,44374.93,45820.62,43174.56,43494.98
2022-02-11,43494.98,43918.02,41965.38,42373.78
2022-02-12,42373.78,43006.4,41730.44,42216.3
2022-02-13,42216.3,42754.66,41869.79,42056.67
2022-02-14,42056.67,42832.39,41555.12,42532.61
2022-02-15,42532.61,44747.85,42429.35,44545.33
2022-02-16,44545.33,44550.09,43320.54,43876.93
2022-02-17,43876.93,44159.88,40072.15,40514.19
2022-02-18,40514.19,40957.16,39453.69,39983.24
2022-02-19,39983.24,40440.85,39642.37,40079.17
2022-02-20,40079.17,40120.81,38002.04,38380.15
2022-02-21,38380.15,39482.49,36800.68,37009.98
2022-02-22,37009.98,38418.88,36350.17,38234.16
2022-02-23,38234.16,39243.57,37060.83,37250.16
2022-02-24,37250.16,39706.13,34330.77,38331.89
2022-02-25,38331.89,39678.72,38024.27,39216.08
2022-02-26,39216.08,40286.12,38581.76,39111.19
2022-02-27,39111.19,39851.52,36999.5,37698.13
2022-02-28,37698.13,44216.5,37452.4,43170.95
2022-03-01,43170.95,44945.32,42843.77,44418.24
2022-03-02,44418.24,45343.8,43337.55,43898.98
2022-03-03,43898.98,44084.95,41836.08,42454.87
2022-03-04,42454.87,42524.57,38557.97,39141.36
2022-03-05,39141.36,39603.74,38576.0,39393.05
2022-03-06,39393.05,39685.5,38092.17,38416.36
2022-03-07,38416.36,39544.78,37156.36,37991.33
2022-03-08,37991.33,39360.17,37869.78,38731.99
2022-03-09,38731.99,42579.18,38658.56,41939.22
2022-03-10,41939.22,42035.16,38549.73,39421.26
2022-03-11,39421.26,40234.78,38227.4,38729.59
2022-03-12,38729.59,39450.99,38662.27,38805.39
2022-03-13,38805.39,39307.48,37578.32,37773.73
2022-03-14,37773.73,39924.02,37560.23,39672.98
2022-03-15,39672.98,39887.74,38118.6,39282.2
2022-03-16,39282.2,41708.77,38840.08,41115.79
2022-03-17,41115.79,41473.05,40508.84,40917.89
2022-03-18,40917.89,42319.1,40150.4,41758.58
2022-03-19,41758.58,42393.38,41510.06,42205.38
2022-03-20,42205.38,42290.97,40911.71,41259.14
2022-03-21,41259.14,41535.04,40495.55,41002.12
2022-03-22,41002.12,43331.04,40877.22,42361.77
2022-03-23,42361.77,43008.5,41755.03,42884.56
2022-03-24,42884.56,44220.49,42604.81,43993.22
2022-03-25,43993.22,45089.38,43582.78,44312.61
2022-03-26,44312.61,44790.48,44072.88,44513.29
2022-03-27,44513.29,46937.15,44430.19,46827.53
2022-03-28,46827.53,48189.79,46663.7,47122.1
2022-03-29,47122.1,48092.36,46962.77,47431.66
2022-03-30,47431.66,47690.03,46498.94,47060.28
2022-03-31,47060.28,47599.32,45201.05,45512.13
2022-04-01,45512.13,46709.9,44217.0,46281.52
2022-04-02,46281.52,47205.84,45624.01,45810.56
2022-04-03,45810.56,47439.08,45535.72,46407.44
2022-04-04,46407.44,46889.21,45120.74,46585.18
2022-04-05,46585.18,47194.77,45367.91,45496.5
2022-04-06,45496.5,45505.68,43124.87,43169.89
2022-04-07,43169.89,43897.97,42733.71,43444.41
2022-04-08,43444.41,43970.1,42107.65,42259.85
2022-04-09,42259.85,42799.51,42125.81,42750.59
2022-04-10,42750.59,43410.12,41877.2,42155.26
2022-04-11,42155.26,42409.13,39200.5,39526.68
2022-04-12,39526.68,40692.41,39256.57,40072.03
2022-04-13,40072.03,41548.75,39589.81,41145.3
2022-04-14,41145.3,41491.95,39562.5,39941.97
2022-04-15,39941.97,40859.57,39769.27,40551.88
2022-04-16,40551.88,40700.83,40000.31,40378.22
2022-04-17,40378.22,40591.51,39552.14,39679.11
2022-04-18,39679.11,41093.51,38538.97,40799.4
2022-04-19,40799.4,41759.75,40572.02,41492.02
2022-04-20,41492.02,42192.75,40895.82,41357.25
2022-04-21,41357.25,42973.5,39781.07,40479.82
2022-04-22,40479.82,40793.1,39184.15,39709.2
2022-04-23,39709.2,39975.76,39289.75,39440.95
2022-04-24,39440.95,39939.99,38985.38,39452.47
2022-04-25,39452.47,40601.44,38203.61,40428.02
2022-04-26,40428.02,40792.46,37702.81,38113.45
2022-04-27,38113.45,39465.34,37882.32,39235.34
2022-04-28,39235.34,40368.15,38886.49,39743.44
2022-04-29,39743.44,39923.52,38175.16,38594.09
2022-04-30,38594.09,38788.16,37577.72,37630.71
2022-05-01,37630.71,38672.73,37390.79,38468.38
2022-05-02,38468.38,39162.53,38058.43,38525.22
2022-05-03,38525.22,38648.86,37519.85,37729.51
2022-05-04,37729.51,40013.26,37669.69,39688.72
2022-05-05,39688.72,39845.93,35562.22,36550.31
2022-05-06,36550.31,36670.79,35263.18,36013.53
2022-05-07,36013.53,36144.62,34794.51,35476.32
2022-05-08,35476.32,35513.86,33718.06,34039.43
2022-05-09,34039.43,34243.32,30035.39,30085.28
2022-05-10,30085.28,32648.02,29749.24,31015.33
2022-05-11,31015.33,32158.39,27799.05,29104.81
2022-05-12,29104.81,30221.72,26720.56,29027.8
2022-05-13,29027.8,31069.67,28757.68,29291.4
2022-05-14,29291.4,30333.01,28638.38,30088.88
2022-05-15,30088.88,31455.47,29485.57,31328.28
2022-05-16,31328.28,31328.28,29091.24,29873.47
2022-05-17,29873.47,30782.03,29450.83,30446.7
2022-05-18,30446.7,30709.63,28654.07,28715.71
2022-05-19,28715.71,30539.46,28692.99,30318.38
2022-05-20,30318.38,30774.51,28731.67,29204.59
2022-05-21,29204.59,29655.88,28951.03,29445.07
2022-05-22,29445.07,30486.47,29262.99,30293.39
2022-05-23,30293.39,30664.64,28873.5,29111.4
2022-05-24,29111.4,29846.16,28671.28,29655.63
2022-05-25,29655.63,30220.56,29345.6,29545.44
2022-05-26,29545.44,29886.41,28026.63,29202.14
2022-05-27,29202.14,29388.66,28286.7,28629.64
2022-05-28,28629.64,29257.25,28533.13,29031.36
2022-05-29,29031.36,29586.78,28842.87,29466.87
2022-05-30,29466.87,32220.42,29311.9,31733.43
2022-05-31,31733.43,32383.99,31232.66,31801.13
2022-06-01,31801.13,31978.77,29327.33,29805.38
2022-06-02,29805.38,30688.2,29596.14,30452.96
2022-06-03,30452.96,30695.66,29289.96,29700.48
2022-06-04,29700.48,29980.57,29487.05,29863.87
2022-06-05,29863.87,30178.93,29535.46,29918.17
2022-06-06,29918.17,31759.98,29892.27,31372.6
2022-06-07,31372.6,31584.11,29220.4,31125.64
2022-06-08,31125.64,31320.33,29852.56,30204.64
2022-06-09,30204.64,30697.69,29946.2,30108.07
2022-06-10,30108.07,30362.96,28857.83,29091.61
2022-06-11,29091.61,29437.12,28111.04,28421.82
2022-06-12,28421.82,28543.88,26566.65,26580.45
2022-06-13,26580.45,26888.34,21937.69,22486.31
2022-06-14,22486.31,23347.41,20848.35,22137.4
2022-06-15,22137.4,22795.12,20111.53,22583.94
2022-06-16,22583.94,22988.54,20234.06,20399.19
2022-06-17,20399.19,21358.06,20247.17,20466.97
2022-06-18,20466.97,20770.28,17621.92,18972.06
2022-06-19,18972.06,20815.22,17964.18,20574.38
2022-06-20,20574.38,21072.23,19639.88,20576.32
2022-06-21,20576.32,21715.05,20358.35,20723.51
2022-06-22,20723.51,20891.13,19774.85,19983.86
2022-06-23,19983.86,21229.2,19892.77,21110.32
2022-06-24,21110.32,21549.05,20742.76,21238.34
2022-06-25,21238.34,21610.0,20913.28,21492.92
2022-06-26,21492.92,21877.48,20969.91,21041.02
2022-06-27,21041.02,21534.68,20515.56,20738.42
2022-06-28,20738.42,21211.55,20204.99,20280.11
2022-06-29,20280.11,20429.61,19863.45,20122.96
2022-06-30,20122.96,20166.25,18631.42,19942.45
2022-07-01,19942.45,20903.43,18977.3,19278.38
2022-07-02,19278.38,19448.83,18984.96,19250.69
2022-07-03,19250.69,19644.72,18789.14,19316.09
2022-07-04,19316.09,20352.03,19057.19,20236.16
2022-07-05,20236.16,20743.79,19305.4,20177.81
2022-07-06,20177.81,20672.81,19767.17,20564.66
2022-07-07,20564.66,21837.0,20262.04,21624.1
2022-07-08,21624.1,22513.12,21190.59,21599.69
2022-07-09,21599.69,21969.25,21328.76,21591.14
2022-07-10,21591.14,21603.35,20658.01,20856.1
2022-07-11,20856.1,20862.49,19881.88,19963.17
2022-07-12,19963.17,20056.52,19249.47,19330.07
2022-07-13,19330.07,20346.81,18918.48,20236.12
2022-07-14,20236.12,20895.1,19624.12,20589.04
2022-07-15,20589.04,21197.05,20387.7,20830.13
2022-07-16,20830.13,21585.57,20483.64,21199.85
2022-07-17,21199.85,21668.24,20757.96,20799.21
2022-07-18,20799.21,22769.53,20769.49,22440.28
2022-07-19,22440.28,23796.75,21586.72,23396.87
2022-07-20,23396.87,24265.32,22914.88,23222.64
2022-07-21,23222.64,23434.04,22344.93,23151.56
2022-07-22,23151.56,23752.65,22504.4,22683.62
2022-07-23,22683.62,22996.66,21948.69,22451.63
2022-07-24,22451.63,23006.95,22264.58,22580.3
2022-07-25,22580.3,22663.67,21260.76,21310.77
2022-07-26,21310.77,21343.92,20720.52,21253.05
2022-07-27,21253.05,23101.32,21046.04,22954.11
2022-07-28,22954.11,24195.23,22587.4,23845.09
2022-07-29,23845.09,24439.21,23427.82,23776.34
2022-07-30,23776.34,24660.77,23510.62,23640.49
2022-07-31,23640.49,24190.32,23233.41,23297.03
2022-08-01,23297.03,23500.94,22852.27,23265.9
2022-08-02,23265.9,23450.74,22656.44,22981.02
2022-08-03,22981.02,23639.38,22688.6,22820.74
2022-08-04,22820.74,23212.3,22404.61,22620.46
2022-08-05,22620.46,23463.74,22591.14,23308.99
2022-08-06,23308.99,23340.36,22916.78,22951.5
2022-08-07,22951.5,23397.62,22850.05,23174.83
2022-08-08,23174.83,24238.14,23154.58,23811.97
2022-08-09,23811.97,23921.72,22872.97,23148.47
2022-08-10,23148.47,24230.42,22667.32,23952.08
2022-08-11,23952.08,24938.13,23853.38,23933.38
2022-08-12,23933.38,24456.2,23585.32,24402.41
2022-08-13,24402.41,24888.52,24295.44,24443.03
2022-08-14,24443.03,25058.28,24146.99,24305.64
2022-08-15,24305.64,25209.93,23772.81,24094.71
2022-08-16,24094.71,24247.66,23672.17,23854.55
2022-08-17,23854.55,24443.49,23179.69,23340.77
2022-08-18,23340.77,23584.42,23110.12,23191.98
2022-08-19,23191.98,23207.16,20784.16,20835.19
2022-08-20,20835.19,21366.93,20762.91,21138.85
2022-08-21,21138.85,21826.28,21069.52,21517.87
2022-08-22,21517.87,21540.29,20888.57,21398.08
2022-08-23,21398.08,21682.44,20891.1,21527.83
2022-08-24,21527.83,21936.43,21146.75,21366.86
2022-08-25,21366.86,21818.22,21309.72,21560.89
2022-08-26,21560.89,21874.88,20113.52,20241.61
2022-08-27,20241.61,20384.12,19800.45,20036.34
2022-08-28,20036.34,20161.24,19521.51,19556.81
2022-08-29,19556.81,20432.03,19552.38,20287.65
2022-08-30,20287.65,20575.69,19540.28,19811.34
2022-08-31,19811.34,20489.22,19798.4,20048.78
2022-09-01,20048.78,20207.71,19566.14,20131.87
2022-09-02,20131.87,20440.83,19755.75,19951.22
2022-09-03,19951.22,20055.24,19652.94,19832.07
2022-09-04,19832.07,20028.6,19583.32,20002.31
2022-09-05,20002.31,20056.88,19634.14,19795.21
2022-09-06,19795.21,20179.89,18650.65,18790.73
2022-09-07,18790.73,19462.51,18513.58,19293.87
2022-09-08,19293.87,19455.33,19012.99,19319.63
2022-09-09,19319.63,21598.43,19292.1,21361.11
2022-09-10,21361.11,21806.83,21112.2,21647.2
2022-09-11,21647.2,21860.19,21350.15,21827.7
2022-09-12,21827.7,22486.56,21539.56,22395.82
2022-09-13,22395.82,22797.78,19871.67,20173.5
2022-09-14,20173.5,20538.14,19618.15,20225.88
2022-09-15,20225.88,20329.36,19499.72,19701.71
2022-09-16,19701.71,19889.85,19326.9,19802.61
2022-09-17,19802.61,20185.09,19749.59,20113.34
2022-09-18,20113.34,20116.99,19335.57,19417.53
2022-09-19,19417.53,19682.96,18250.08,19536.85
2022-09-20,19536.85,19634.27,18717.18,18874.78
2022-09-21,18874.78,19953.38,18134.47,18459.16
2022-09-22,18459.16,19543.21,18357.47,19401.39
2022-09-23,19401.39,19499.73,18532.62,19289.74
2022-09-24,19289.74,19313.44,18806.67,18920.42
2022-09-25,18920.42,19179.5,18630.84,18808.2
2022-09-26,18808.2,19317.63,18681.68,19226.96
2022-09-27,19226.96,20383.59,18817.1,19079.41
2022-09-28,19079.41,19784.69,18471.98,19413.44
2022-09-29,19413.44,19644.33,18844.25,19591.19
2022-09-30,19591.19,20184.4,19157.6,19422.88
2022-10-01,19422.88,19483.79,19159.95,19310.92
2022-10-02,19310.92,19395.81,18921.06,19056.96
2022-10-03,19056.96,19718.41,18960.59,19627.58
2022-10-04,19627.58,20470.81,19493.09,20338.85
2022-10-05,20338.85,20363.99,19731.59,20157.33
2022-10-06,20157.33,20455.43,19854.6,19961.81
2022-10-07,19961.81,20064.32,19322.08,19530.26
2022-10-08,19530.26,19626.52,19239.67,19416.96
2022-10-09,19416.96,19556.08,19319.03,19439.47
2022-10-10,19439.47,19524.79,19022.06,19132.92
2022-10-11,19132.92,19267.53,18860.02,19060.07
2022-10-12,19060.07,19236.48,18969.73,19155.1
2022-10-13,19155.1,19506.12,18190.94,19376.24
2022-10-14,19376.24,19951.49,19073.46,19175.87
2022-10-15,19175.87,19227.22,18977.03,19069.45
2022-10-16,19069.45,19425.73,19064.27,19262.77
2022-10-17,19262.77,19676.41,19154.91,19548.41
2022-10-18,19548.41,19705.78,19092.0,19328.34
2022-10-19,19328.34,19359.67,19068.17,19123.46
2022-10-20,19123.46,19345.75,18900.84,19042.18
2022-10-21,19042.18,19249.89,18654.6,19163.79
2022-10-22,19163.79,19256.47,19112.95,19204.83
2022-10-23,19204.83,19694.68,19070.9,19570.24
2022-10-24,19570.24,19600.56,19157.48,19329.72
2022-10-25,19329.72,20414.94,19237.36,20079.61
2022-10-26,20079.61,21018.38,20050.2,20769.84
2022-10-27,20769.84,20872.02,20199.8,20295.15
2022-10-28,20295.15,20748.88,20002.16,20591.88
2022-10-29,20591.88,21080.96,20554.56,20810.43
2022-10-30,20810.43,20931.21,20515.16,20627.43
2022-10-31,20627.43,20842.38,20238.08,20490.89
2022-11-01,20490.89,20695.98,20331.72,20482.44
2022-11-02,20482.44,20799.83,20055.43,20150.8
2022-11-03,20150.8,20393.08,20033.2,20207.2
2022-11-04,20207.2,21301.82,20181.13,21145.82
2022-11-05,21145.82,21479.1,21080.49,21298.99
2022-11-06,21298.99,21365.09,20888.07,20905.69
2022-11-07,20905.69,21068.47,20386.03,20590.83
2022-11-08,20590.83,20695.62,17172.79,18545.87
2022-11-09,18545.87,18587.57,15586.69,15919.23
2022-11-10,15919.23,18194.1,15755.17,17602.44
2022-11-11,17602.44,17693.01,16363.14,17063.96
2022-11-12,17063.96,17117.38,16632.17,16812.93
2022-11-13,16812.93,16953.55,16237.04,16332.1
2022-11-14,16332.1,17189.18,15817.85,16619.11
2022-11-15,16619.11,17129.91,16528.01,16899.89
2022-11-16,16899.89,17013.76,16380.12,16660.49
2022-11-17,16660.49,16750.2,16412.73,16693.29
2022-11-18,16693.29,17002.28,16548.41,16700.44
2022-11-19,16700.44,16821.69,16554.31,16701.41
2022-11-20,16701.41,16752.83,16181.56,16280.87
2022-11-21,16280.87,16310.62,15476.26,15781.19
2022-11-22,15781.19,16311.1,15618.76,16227.12
2022-11-23,16227.12,16704.98,16161.15,16603.21
2022-11-24,16603.21,16811.4,16460.28,16599.07
2022-11-25,16599.07,16651.71,16344.43,16522.12
2022-11-26,16522.12,16701.18,16385.33,16457.62
2022-11-27,16457.62,16599.49,16401.59,16429.0
2022-11-28,16429.0,16486.22,15996.62,16213.23
2022-11-29,16213.23,16547.48,16100.4,16442.81
2022-11-30,16442.81,17245.31,16428.56,17164.77
2022-12-01,17164.77,17317.01,16856.93,16977.85
2022-12-02,16977.85,17104.88,16788.19,17092.7
2022-12-03,17092.7,17185.99,16860.38,16885.14
2022-12-04,16885.14,17202.27,16879.08,17106.27
2022-12-05,17106.27,17423.22,16867.61,16966.03
2022-12-06,16966.03,17106.65,16908.14,17089.24
2022-12-07,17089.24,17140.46,16680.1,16837.05
2022-12-08,16837.05,17298.58,16734.52,17224.19
2022-12-09,17224.19,17358.95,17059.72,17128.89
2022-12-10,17128.89,17227.44,17094.48,17127.16
2022-12-11,17127.16,17270.51,17071.91,17084.85
2022-12-12,17084.85,17240.84,16872.24,17209.11
2022-12-13,17209.11,17989.4,17080.41,17775.94
2022-12-14,17775.94,18381.82,17662.13,17804.28
2022-12-15,17804.28,17853.45,17278.88,17356.53
2022-12-16,17356.53,17529.74,16528.87,16632.11
2022-12-17,16632.11,16795.98,16580.17,16777.56
2022-12-18,16777.56,16858.67,16663.42,16738.62
2022-12-19,16738.62,16815.32,16257.57,16438.25
2022-12-20,16438.25,17059.17,16397.45,16895.61
2022-12-21,16895.61,16924.67,16726.69,16825.47
2022-12-22,16825.47,16868.26,16560.89,16821.36
2022-12-23,16821.36,16953.23,16733.11,16778.66
2022-12-24,16778.66,16863.04,16776.83,16836.08
2022-12-25,16836.08,16857.51,16721.49,16831.91
2022-12-26,16831.91,16943.88,16791.37,16919.84
2022-12-27,16919.84,16972.13,16593.24,16706.15
2022-12-28,16706.15,16784.74,16465.74,16547.53
2022-12-29,16547.53,16663.36,16489.79,16634.34
2022-12-30,16634.34,16675.98,16334.01,16607.37
2022-12-31,16607.37,16644.09,16470.33,16541.73
2023-01-01,16541.73,16627.86,16499.75,16616.76
2023-01-02,16616.76,16798.69,16549.2,16672.95
2023-01-03,16672.95,16778.1,16605.4,16675.55
2023-01-04,16675.55,16991.71,16652.76,16851.45
2023-01-05,16851.45,16879.12,16754.47,16832.07
2023-01-06,16832.07,17039.07,16679.45,16950.6
2023-01-07,16950.6,16981.66,16908.13,16943.61
2023-01-08,16943.61,17173.31,16911.05,17128.92
2023-01-09,17128.92,17398.16,17105.08,17178.3
2023-01-10,17178.3,17497.42,17146.68,17440.56
2023-01-11,17440.56,17999.69,17315.84,17943.15
2023-01-12,17943.15,19114.0,17907.34,18846.57
2023-01-13,18846.57,19999.92,18714.86,19930.57
2023-01-14,19930.57,21260.78,19888.53,20952.81
2023-01-15,20952.81,21050.61,20554.2,20871.85
2023-01-16,20871.85,21465.28,20614.73,21186.75
2023-01-17,21186.75,21634.38,20842.51,21131.82
2023-01-18,21131.82,21649.19,20409.57,20674.3
2023-01-19,20674.3,21189.57,20659.97,21071.79
2023-01-20,21071.79,22755.09,20862.62,22666.65
2023-01-21,22666.65,23369.18,22424.16,22781.17
2023-01-22,22781.17,23077.19,22295.0,22706.31
2023-01-23,22706.31,23177.63,22502.35,22917.24
2023-01-24,22917.24,23161.7,22462.78,22631.8
2023-01-25,22631.8,23815.6,22311.46,23061.51
2023-01-26,23061.51,23281.6,22853.64,23009.51
2023-01-27,23009.51,23499.79,22536.26,23074.03
2023-01-28,23074.03,23186.5,22879.11,23021.65
2023-01-29,23021.65,23960.3,22968.05,23742.29
2023-01-30,23742.29,23799.73,22500.02,22827.26
2023-01-31,22827.26,23317.72,22715.63,23126.49
2023-02-01,23126.49,23811.89,22761.7,23731.13
2023-02-02,23731.13,24253.41,23363.7,23489.43
2023-02-03,23489.43,23714.67,23205.48,23431.74
2023-02-04,23431.74,23586.6,23254.29,23326.74
2023-02-05,23326.74,23432.94,22744.06,22931.74
2023-02-06,22931.74,23155.94,22628.65,22762.18
2023-02-07,22762.18,23349.96,22746.05,23242.18
2023-02-08,23242.18,23451.4,22667.67,22961.85
2023-02-09,22961.85,23010.82,21690.9,21796.32
2023-02-10,21796.32,21937.63,21453.64,21625.31
2023-02-11,21625.31,21905.71,21600.12,21862.42
2023-02-12,21862.42,22089.67,21630.33,21783.49
2023-02-13,21783.49,21893.98,21351.42,21774.64
2023-02-14,21774.64,22316.75,21533.52,22198.91
2023-02-15,22198.91,24379.62,22047.52,24323.75
2023-02-16,24323.75,25249.71,23506.49,23514.57
2023-02-17,23514.57,25019.79,23343.33,24570.9
2023-02-18,24570.9,24875.27,24431.18,24632.02
2023-02-19,24632.02,25191.18,24194.29,24274.11
2023-02-20,24274.11,25115.33,23840.79,24842.45
2023-02-21,24842.45,25250.31,24148.67,24451.62
2023-02-22,24451.62,24475.72,23575.48,24182.8
2023-02-23,24182.8,24598.89,23608.15,23940.71
2023-02-24,23940.71,24131.76,22842.23,23184.4
2023-02-25,23184.4,23218.69,22726.05,23156.34
2023-02-26,23156.34,23686.85,23060.91,23555.14
2023-02-27,23555.14,23897.37,23108.3,23490.83
2023-02-28,23490.83,23599.74,23023.19,23141.79
2023-03-01,23141.79,23999.69,23021.33,23629.76
2023-03-02,23629.76,23796.17,23197.84,23465.71
2023-03-03,23465.71,23476.68,21974.07,22354.76
2023-03-04,22354.76,22409.42,22157.76,22346.09
2023-03-05,22346.09,22659.66,22189.6,22430.85
2023-03-06,22430.85,22601.72,22258.34,22409.32
2023-03-07,22409.32,22557.47,21927.61,22198.71
2023-03-08,22198.71,22285.94,21581.13,21704.53
2023-03-09,21704.53,21833.59,20043.65,20362.7
2023-03-10,20362.7,20367.34,19551.48,20150.69
2023-03-11,20150.69,20683.71,19767.03,20456.15
2023-03-12,20456.15,22132.38,20270.93,21996.85
2023-03-13,21996.85,24498.63,21814.4,24113.62
2023-03-14,24113.62,26387.56,23978.17,24673.36
2023-03-15,24673.36,25193.07,23897.84,24283.57
2023-03-16,24283.57,25166.69,24123.09,25000.44
2023-03-17,25000.44,27756.69,24890.73,27392.75
2023-03-18,27392.75,27722.76,26578.98,26907.28
2023-03-19,26907.28,28388.74,26827.93,27970.45
2023-03-20,27970.45,28470.82,27126.53,27719.59
2023-03-21,27719.59,28438.25,27303.26,28106.45
2023-03-22,28106.45,28867.36,26603.97,27250.17
2023-03-23,27250.17,28750.58,27109.76,28294.71
2023-03-24,28294.71,28373.82,26997.7,27453.89
2023-03-25,27453.89,27785.24,27156.35,27463.44
2023-03-26,27463.44,28196.09,27416.98,27968.7
2023-03-27,27968.7,28023.34,26510.49,27125.33
2023-03-28,27125.33,27514.42,26631.16,27261.74
2023-03-29,27261.74,28647.34,27240.94,28348.68
2023-03-30,28348.68,29182.24,27689.36,28028.4
2023-03-31,28028.4,28655.5,27512.1,28465.79
2023-04-01,28465.79,28818.13,28222.56,28453.09
2023-04-02,28453.09,28529.18,27857.13,28171.38
2023-04-03,28171.38,28507.77,27214.21,27801.03
2023-04-04,27801.03,28442.3,27666.13,28165.6
2023-04-05,28165.6,28773.83,27808.32,28170.31
2023-04-06,28170.31,28181.34,27709.14,28033.69
2023-04-07,28033.69,28100.54,27769.06,27906.34
2023-04-08,27906.34,28154.26,27859.51,27938.81
2023-04-09,27938.81,28529.44,27799.34,28323.06
2023-04-10,28323.06,29766.13,28169.56,29636.59
2023-04-11,29636.59,30551.11,29590.73,30200.32
2023-04-12,30200.32,30483.15,29643.9,29888.09
2023-04-13,29888.09,30590.49,29855.03,30374.41
2023-04-14,30374.41,31007.95,29971.11,30466.29
2023-04-15,30466.29,30595.86,30203.32,30295.2
2023-04-16,30295.2,30549.06,30120.46,30305.29
2023-04-17,30305.29,30315.75,29239.83,29429.81
2023-04-18,29429.81,30485.28,29100.78,30380.03
2023-04-19,30380.03,30411.15,28561.68,28798.65
2023-04-20,28798.65,29086.72,28007.72,28243.2
2023-04-21,28243.2,28373.26,27129.13,27262.1
2023-04-22,27262.1,27880.43,27140.83,27815.74
2023-04-23,27815.74,27816.18,27318.76,27590.1
2023-04-24,27590.1,27998.6,26954.93,27510.16
2023-04-25,27510.16,28390.03,27191.11,28299.62
2023-04-26,28299.62,30029.26,27233.77,28414.99
2023-04-27,28414.99,29890.86,28379.7,29473.03
2023-04-28,29473.03,29596.69,28890.82,29311.74
2023-04-29,29311.74,29446.07,29031.0,29229.89
2023-04-30,29229.89,29965.63,29085.45,29233.38
2023-05-01,29233.38,29336.83,27665.89,28069.23
2023-05-02,28069.23,28880.18,27872.45,28668.66
2023-05-03,28668.66,29266.1,28114.53,29026.86
2023-05-04,29026.86,29377.35,28668.2,28837.92
2023-05-05,28837.92,29676.62,28805.21,29506.37
2023-05-06,29506.37,29822.56,28324.65,28847.97
2023-05-07,28847.97,29138.01,28394.92,28430.07
2023-05-08,28430.07,28629.84,27265.69,27668.21
2023-05-09,27668.21,27817.35,27352.98,27628.66
2023-05-10,27628.66,28321.54,26777.77,27598.09
2023-05-11,27598.09,27627.5,26704.08,26969.09
2023-05-12,26969.09,27089.58,25814.67,26794.58
2023-05-13,26794.58,27044.24,26691.71,26774.16
2023-05-14,26774.16,27199.78,26564.82,26917.21
2023-05-15,26917.21,27662.62,26727.53,27162.06
2023-05-16,27162.06,27297.51,26852.9,27033.49
2023-05-17,27033.49,27504.46,26544.29,27405.09
2023-05-18,27405.09,27484.42,26362.97,26821.1
2023-05-19,26821.1,27181.07,26630.48,26881.59
2023-05-20,26881.59,27148.76,26826.59,27103.01
2023-05-21,27103.01,27278.63,26665.38,26747.22
2023-05-22,26747.22,27099.5,26538.68,26848.8
2023-05-23,26848.8,27494.36,26798.61,27220.5
2023-05-24,27220.5,27220.5,26081.14,26328.83
2023-05-25,26328.83,26630.86,25873.13,26473.82
2023-05-26,26473.82,26932.89,26328.38,26706.12
2023-05-27,26706.12,26890.77,26552.37,26854.56
2023-05-28,26854.56,28259.52,26765.17,28065.76
2023-05-29,28065.76,28448.15,27525.76,27736.55
2023-05-30,27736.55,28039.22,27554.53,27694.97
2023-05-31,27694.97,27835.27,26840.88,27210.45
2023-06-01,27210.45,27348.01,26612.32,26816.63
2023-06-02,26816.63,27297.87,26505.57,27242.41
2023-06-03,27242.41,27329.79,26916.18,27069.57
2023-06-04,27069.57,27456.64,26951.44,27117.36
2023-06-05,27117.36,27128.72,25392.92,25727.83
2023-06-06,25727.83,27356.26,25351.45,27230.73
2023-06-07,27230.73,27391.87,26126.9,26340.37
2023-06-08,26340.37,26812.26,26211.78,26499.18
2023-06-09,26499.18,26782.02,26272.44,26478.5
2023-06-10,26478.5,26532.76,25357.94,25840.79
2023-06-11,25840.79,26202.95,25635.27,25925.73
2023-06-12,25925.73,26105.0,25608.32,25905.48
2023-06-13,25905.48,26432.22,25717.91,25934.85
2023-06-14,25934.85,26095.83,24820.27,25128.82
2023-06-15,25128.82,25757.65,24797.77,25597.83
2023-06-16,25597.83,26511.99,25176.77,26345.12
2023-06-17,26345.12,26825.89,26181.92,26517.14
2023-06-18,26517.14,26699.36,26256.44,26340.88
2023-06-19,26340.88,27070.11,26257.17,26844.67
2023-06-20,26844.67,28402.72,26652.94,28306.52
2023-06-21,28306.52,30803.01,28258.94,29994.94
2023-06-22,29994.94,30501.93,29533.85,29885.83
2023-06-23,29885.83,31424.01,29800.19,30688.75
2023-06-24,30688.75,30799.47,30253.0,30528.14
2023-06-25,30528.14,31043.61,30279.74,30464.09
2023-06-26,30464.09,30664.0,29931.81,30267.47
2023-06-27,30267.47,30994.36,30227.74,30692.56
2023-06-28,30692.56,30709.01,29855.56,30076.9
2023-06-29,30076.9,30841.62,30049.75,30448.74
2023-06-30,30448.74,31281.77,29491.27,30473.38
2023-07-01,30473.38,30661.94,30324.66,30586.34
2023-07-02,30586.34,30789.11,30166.01,30616.42
2023-07-03,30616.42,31381.11,30570.56,31157.18
2023-07-04,31157.18,31329.51,30622.25,30766.52
2023-07-05,30766.52,30877.71,30201.2,30504.48
2023-07-06,30504.48,31505.61,29855.23,29895.29
2023-07-07,29895.29,30449.61,29703.5,30343.92
2023-07-08,30343.92,30386.21,30045.67,30285.31
2023-07-09,30285.31,30444.47,30063.82,30162.02
2023-07-10,30162.02,31045.44,29951.79,30412.51
2023-07-11,30412.51,30813.92,30301.78,30622.01
2023-07-12,30622.01,30976.72,30210.8,30380.7
2023-07-13,30380.7,31811.91,30252.87,31453.97
2023-07-14,31453.97,31628.32,29903.56,30311.92
2023-07-15,30311.92,30391.26,30235.6,30289.56
2023-07-16,30289.56,30439.76,30063.9,30232.04
2023-07-17,30232.04,30335.1,29658.65,30137.66
2023-07-18,30137.66,30239.79,29520.39,29859.28
2023-07-19,29859.28,30188.74,29762.5,29909.18
2023-07-20,29909.18,30416.69,29573.18,29803.02
2023-07-21,29803.02,30060.56,29728.43,29901.36
2023-07-22,29901.36,29998.49,29626.36,29791.94
2023-07-23,29791.94,30348.64,29729.91,30083.84
2023-07-24,30083.84,30098.74,28868.07,29177.15
2023-07-25,29177.15,29372.79,29049.34,29228.8
2023-07-26,29228.8,29680.07,29097.63,29351.24
2023-07-27,29351.24,29567.17,29084.09,29222.93
2023-07-28,29222.93,29541.74,29125.15,29314.64
2023-07-29,29314.64,29407.01,29256.82,29353.23
2023-07-30,29353.23,29449.03,29035.39,29281.25
2023-07-31,29281.25,29529.38,29111.1,29232.59
2023-08-01,29232.59,29736.08,28583.98,29706.24
2023-08-02,29706.24,30041.97,28927.46,29184.43
2023-08-03,29184.43,29415.68,28968.21,29196.77
2023-08-04,29196.77,29327.71,28827.06,29113.1
2023-08-05,29113.1,29149.01,28982.84,29073.98
2023-08-06,29073.98,29195.5,28994.91,29088.94
2023-08-07,29088.94,29275.27,28708.53,29211.65
2023-08-08,29211.65,30226.48,29147.32,29771.78
2023-08-09,29771.78,30136.21,29376.84,29582.0
2023-08-10,29582.0,29734.6,29345.58,29455.79
2023-08-11,29455.79,29563.33,29253.23,29426.56
2023-08-12,29426.56,29481.57,29381.3,29430.05
2023-08-13,29430.05,29472.94,29274.19,29303.9
2023-08-14,29303.9,29694.11,29106.78,29431.49
2023-08-15,29431.49,29495.78,29084.49,29200.65
2023-08-16,29200.65,29257.69,28723.96,28731.34
2023-08-17,28731.34,28783.11,25048.16,26623.16
2023-08-18,26623.16,26828.18,25636.72,26053.94
2023-08-19,26053.94,26271.94,25804.05,26100.08
2023-08-20,26100.08,26293.22,25980.15,26190.03
2023-08-21,26190.03,26238.76,25816.98,26126.88
2023-08-22,26126.88,26139.41,25381.16,26055.64
2023-08-23,26055.64,26811.34,25814.73,26433.45
2023-08-24,26433.45,26576.62,25878.65,26179.96
2023-08-25,26179.96,26301.75,25787.1,26059.58
2023-08-26,26059.58,26121.5,25990.71,26018.26
2023-08-27,26018.26,26181.91,25967.8,26101.95
2023-08-28,26101.95,26252.45,25869.15,26120.51
2023-08-29,26120.51,28119.37,25923.21,27717.46
2023-08-30,27717.46,27767.95,27038.94,27298.96
2023-08-31,27298.96,27540.77,25694.35,25940.23
2023-09-01,25940.23,26147.29,25339.65,25805.36
2023-09-02,25805.36,25983.67,25753.09,25869.45
2023-09-03,25869.45,26110.7,25808.1,25971.42
2023-09-04,25971.42,26101.24,25632.08,25825.66
2023-09-05,25825.66,25898.88,25567.67,25792.09
2023-09-06,25792.09,26024.63,25389.57,25760.15
2023-09-07,25760.15,26430.35,25618.36,26255.1
2023-09-08,26255.1,26437.21,25651.0,25911.05
2023-09-09,25911.05,25945.44,25797.57,25902.1
2023-09-10,25902.1,26027.92,25581.15,25842.19
2023-09-11,25842.19,25900.29,24910.38,25164.92
2023-09-12,25164.92,26543.3,25133.56,25840.7
2023-09-13,25840.7,26404.04,25765.38,26221.62
2023-09-14,26221.62,26848.25,26130.73,26523.68
2023-09-15,26523.68,26881.67,26223.67,26601.71
2023-09-16,26601.71,26774.09,26447.68,26560.39
2023-09-17,26560.39,26621.8,26401.69,26527.32
2023-09-18,26527.32,27410.31,26380.49,26763.81
2023-09-19,26763.81,27482.53,26669.99,27209.48
2023-09-20,27209.48,27385.69,26811.42,27123.58
2023-09-21,27123.58,27159.02,26378.53,26568.19
2023-09-22,26568.19,26741.88,26472.86,26580.05
2023-09-23,26580.05,26632.71,26512.64,26576.08
2023-09-24,26576.08,26735.19,26126.77,26249.34
2023-09-25,26249.34,26439.13,26000.53,26303.75
2023-09-26,26303.75,26397.17,26094.48,26221.36
2023-09-27,26221.36,26844.91,26112.64,26372.9
2023-09-28,26372.9,27302.8,26342.84,27021.79
2023-09-29,27021.79,27241.16,26686.36,26908.35
2023-09-30,26908.35,27092.47,26887.85,26962.85
2023-10-01,26962.85,28066.52,26954.77,27987.64
2023-10-02,27987.64,28560.17,27287.37,27497.61
2023-10-03,27497.61,27670.6,27172.74,27426.68
2023-10-04,27426.68,27837.32,27218.61,27780.96
2023-10-05,27780.96,28109.63,27355.59,27410.68
2023-10-06,27410.68,28246.19,27179.48,27930.97
2023-10-07,27930.97,28025.35,27845.09,27956.45
2023-10-08,27956.45,28093.27,27689.2,27917.34
2023-10-09,27917.34,27987.69,27267.83,27589.79
2023-10-10,27589.79,27733.61,27297.84,27390.07
2023-10-11,27390.07,27476.04,26540.54,26876.3
2023-10-12,26876.3,26945.14,26560.01,26760.36
2023-10-13,26760.36,27118.78,26684.97,26862.65
2023-10-14,26862.65,26987.2,26796.58,26852.85
2023-10-15,26852.85,27290.64,26809.29,27154.23
2023-10-16,27154.23,30091.51,27112.65,28501.84
2023-10-17,28501.84,28607.21,28078.97,28396.27
2023-10-18,28396.27,28973.64,28143.24,28320.4
2023-10-19,28320.4,28889.23,28129.56,28715.16
2023-10-20,28715.16,30191.97,28579.84,29667.86
2023-10-21,29667.86,30318.74,29465.15,29910.22
2023-10-22,29910.22,30215.58,29659.85,29991.33
2023-10-23,29991.33,34828.55,29884.05,33075.27
2023-10-24,33075.27,35271.63,32846.61,33924.68
2023-10-25,33924.68,35131.1,33691.99,34495.76
2023-10-26,34495.76,34824.49,33750.83,34151.64
2023-10-27,34151.64,34244.84,33400.33,33892.27
2023-10-28,33892.27,34475.15,33860.92,34080.95
2023-10-29,34080.95,34748.91,33934.99,34525.45
2023-10-30,34525.45,34852.91,34078.33,34476.16
2023-10-31,34476.16,34721.85,34037.46,34640.27
2023-11-01,34640.27,35586.54,34110.62,35421.16
2023-11-02,35421.16,35964.02,34305.59,34940.81
2023-11-03,34940.81,34944.6,34120.14,34715.35
2023-11-04,34715.35,35255.76,34586.38,35062.34
2023-11-05,35062.34,35367.31,34457.31,35012.13
2023-11-06,35012.13,35275.94,34727.37,35045.2
2023-11-07,35045.2,35887.7,34524.18,35399.42
2023-11-08,35399.42,36101.89,35110.81,35623.55
2023-11-09,35623.55,37972.13,35539.8,36700.95
2023-11-10,36700.95,37523.71,36328.1,37301.32
2023-11-11,37301.32,37397.95,36685.74,37130.42
2023-11-12,37130.42,37219.68,36732.28,37064.02
2023-11-13,37064.02,37408.1,36335.73,36465.45
2023-11-14,36465.45,36744.07,34771.98,35549.51
2023-11-15,35549.51,37963.6,35363.38,37857.92
2023-11-16,37857.92,37928.11,35499.87,36164.1
2023-11-17,36164.1,36804.93,35867.92,36611.9
2023-11-18,36611.9,36843.6,36189.16,36569.81
2023-11-19,36569.81,37500.2,36385.25,37358.87
2023-11-20,37358.87,37746.2,36740.88,37448.89
2023-11-21,37448.89,37648.49,35741.5,35745.85
2023-11-22,35745.85,37862.17,35636.01,37408.67
2023-11-23,37408.67,37640.76,36879.96,37294.38
2023-11-24,37294.38,38412.26,37254.85,37714.58
2023-11-25,37714.58,37887.33,37592.66,37781.48
2023-11-26,37781.48,37815.21,37152.36,37446.24
2023-11-27,37446.24,37562.7,36721.53,37242.83
2023-11-28,37242.83,38375.44,36872.54,37817.77
2023-11-29,37817.77,38429.68,37574.0,37854.32
2023-11-30,37854.32,38144.47,37499.1,37720.98
2023-12-01,37720.98,38981.86,37615.73,38683.18
2023-12-02,38683.18,39703.9,38641.29,39450.99
2023-12-03,39450.99,40225.17,39276.07,39971.71
2023-12-04,39971.71,42418.61,39971.7,41989.31
2023-12-05,41989.31,44488.29,41409.65,44072.59
2023-12-06,44072.59,44281.58,43364.21,43762.41
2023-12-07,43762.41,44046.72,42834.96,43273.7
2023-12-08,43273.7,44703.87,43087.64,44172.55
2023-12-09,44172.55,44357.82,43590.5,43714.71
2023-12-10,43714.71,44046.86,43570.9,43789.43
2023-12-11,43789.43,43805.25,40232.17,41253.35
2023-12-12,41253.35,42098.78,40682.8,41491.63
2023-12-13,41491.63,43455.75,40601.38,42869.04
2023-12-14,42869.04,43412.25,41449.92,43022.81
2023-12-15,43022.81,43082.01,41669.98,41940.34
2023-12-16,41940.34,42710.31,41630.14,42277.2
2023-12-17,42277.2,42422.92,41270.05,41375.59
2023-12-18,41375.59,42756.9,40545.71,42656.79
2023-12-19,42656.79,43481.66,41813.47,42276.51
2023-12-20,42276.51,44287.68,42208.73,43666.21
2023-12-21,43666.21,44241.59,43296.45,43860.93
2023-12-22,43860.93,44398.29,43412.02,43969.45
2023-12-23,43969.45,43987.82,43291.14,43703.61
2023-12-24,43703.61,43943.61,42545.49,42992.11
2023-12-25,42992.11,43798.15,42733.36,43574.6
2023-12-26,43574.6,43591.59,41639.58,42510.56
2023-12-27,42510.56,43672.41,42110.03,43429.9
2023-12-28,43429.9,43787.64,42262.44,42565.55
2023-12-29,42565.55,43110.37,41293.18,42066.33
2023-12-30,42066.33,42610.26,41523.04,42143.18
2023-12-31,42143.18,42894.04,41971.44,42281.62
2024-01-01,42281.62,44185.1,42184.82,44179.01
2024-01-02,44179.01,45879.16,44148.49,44949.2
2024-01-03,44949.2,45501.07,40715.57,42843.63
2024-01-04,42843.63,44731.91,42616.71,44152.03
2024-01-05,44152.03,44330.6,42453.2,44145.85
2024-01-06,44145.85,44211.78,43396.48,43970.16
2024-01-07,43970.16,44479.35,43594.46,43926.63
2024-01-08,43926.63,47252.04,43180.59,46951.03
2024-01-09,46951.03,47978.28,44785.9,46110.89
2024-01-10,46110.89,47690.54,44306.19,46649.95
2024-01-11,46649.95,48968.17,45604.41,46340.54
2024-01-12,46340.54,46514.65,41466.41,42783.96
2024-01-13,42783.96,43252.97,42439.26,42847.33
2024-01-14,42847.33,43077.51,41723.14,41733.22
2024-01-15,41733.22,43382.19,41718.37,42515.54
2024-01-16,42515.54,43575.12,42065.23,43138.7
2024-01-17,43138.7,43196.18,42204.89,42775.65
2024-01-18,42775.65,42928.24,40683.78,41325.9
2024-01-19,41325.9,42189.54,40283.82,41658.75
2024-01-20,41658.75,41869.13,41458.93,41695.67
2024-01-21,41695.67,41880.33,41501.87,41581.08
2024-01-22,41581.08,41688.73,39431.47,39567.21
2024-01-23,39567.21,40178.14,38555.31,39898.63
2024-01-24,39898.63,40555.59,39491.5,40084.57
2024-01-25,40084.57,40301.41,39550.16,39959.64
2024-01-26,39959.64,42244.27,39823.39,41822.54
2024-01-27,41822.54,42196.71,41395.61,42120.72
2024-01-28,42120.72,42841.1,41619.61,42031.78
2024-01-29,42031.78,43316.39,41806.54,43301.79
2024-01-30,43301.79,43865.25,42686.54,42942.29
2024-01-31,42942.29,43743.9,42286.49,42579.9
2024-02-01,42579.9,43285.86,41884.35,43083.45
2024-02-02,43083.45,43484.14,42548.59,43199.98
2024-02-03,43199.98,43378.45,42880.45,43011.43
2024-02-04,43011.43,43118.0,42225.06,42584.31
2024-02-05,42584.31,43569.35,42257.78,42708.66
2024-02-06,42708.66,43390.91,42573.41,43098.25
2024-02-07,43098.25,44392.13,42791.8,44349.12
2024-02-08,44349.12,45610.73,44332.07,45288.54
2024-02-09,45288.54,48201.98,45243.55,47132.86
2024-02-10,47132.86,48172.35,46846.34,47750.42
2024-02-11,47750.42,48591.18,47564.36,48299.85
2024-02-12,48299.85,50335.83,47711.01,49919.55
2024-02-13,49919.55,50368.56,48304.88,49699.04
2024-02-14,49699.04,52032.71,49225.99,51794.77
2024-02-15,51794.77,52813.5,51311.34,51880.7
2024-02-16,51880.7,52568.62,51573.07,52124.12
2024-02-17,52124.12,52164.05,50624.27,51644.15
2024-02-18,51644.15,52380.91,51160.95,52137.06
2024-02-19,52137.06,52488.45,51682.08,51775.55
2024-02-20,51775.55,52989.75,50761.42,52261.27
2024-02-21,52261.27,52367.45,50630.61,51848.04
2024-02-22,51848.04,52068.76,50940.21,51289.96
2024-02-23,51289.96,51546.84,50525.51,50744.93
2024-02-24,50744.93,51696.65,50584.06,51566.89
2024-02-25,51566.89,51963.98,51282.91,51729.37
2024-02-26,51729.37,54909.52,50903.7,54477.19
2024-02-27,54477.19,57590.98,54448.95,57037.53
2024-02-28,57037.53,64039.19,56694.11,62431.33
2024-02-29,62431.33,63677.18,60382.12,61135.32
2024-03-01,61135.32,63110.42,60775.46,62384.37
2024-03-02,62384.37,62434.43,61556.73,61990.72
2024-03-03,61990.72,63236.38,61323.7,63112.7
2024-03-04,63112.7,68498.65,62314.73,68244.59
2024-03-05,68244.59,69034.44,59123.96,63722.66
2024-03-06,63722.66,67644.84,62784.66,66073.41
2024-03-07,66073.41,67978.2,65552.09,66823.01
2024-03-08,66823.01,69990.41,66084.28,68123.79
2024-03-09,68123.79,68538.55,67861.26,68314.11
2024-03-10,68314.11,69887.68,68098.67,68954.34
2024-03-11,68954.34,72797.38,67071.91,72080.66
2024-03-12,72080.66,73019.28,68635.9,71453.16
2024-03-13,71453.16,73638.22,71331.26,73074.27
2024-03-14,73074.27,73774.52,68586.32,71392.02
2024-03-15,71392.02,72418.56,65649.83,69495.82
2024-03-16,69495.82,70043.45,64778.03,65303.44
2024-03-17,65303.44,68902.28,64538.97,68393.83
2024-03-18,68393.83,68957.04,66561.89,67611.63
2024-03-19,67611.63,68122.01,61554.08,61935.78
2024-03-20,61935.78,68098.03,60775.97,67837.4
2024-03-21,67837.4,68228.76,64531.6,65502.6
2024-03-22,65502.6,66641.67,62303.21,63797.41
2024-03-23,63797.41,65999.54,63001.58,63991.57
2024-03-24,63991.57,67628.56,63780.06,67210.35
2024-03-25,67210.35,71141.39,66384.44,69879.97
2024-03-26,69879.97,71554.55,69290.33,69990.94
2024-03-27,69990.94,71767.09,68392.56,69469.34
2024-03-28,69469.34,71545.93,68902.09,70779.69
2024-03-29,70779.69,70913.09,69011.31,69853.31
2024-03-30,69853.31,70319.74,69539.1,69583.82
2024-03-31,69583.82,71370.73,69561.86,71284.99
2024-04-01,71284.99,71292.79,68060.08,69650.98
2024-04-02,69650.98,69675.74,64576.27,65465.8
2024-04-03,65465.8,66904.41,64495.79,65963.42
2024-04-04,65963.42,69310.58,65065.95,68491.3
2024-04-05,68491.3,68745.2,65968.54,67823.7
2024-04-06,67823.7,69686.58,67453.01,68895.0
2024-04-07,68895.0,70318.19,68826.31,69358.42
2024-04-08,69358.42,72784.57,69048.69,71625.49
2024-04-09,71625.49,71755.36,68207.96,69149.22
2024-04-10,69149.22,71176.76,67517.23,70630.03
2024-04-11,70630.03,71299.24,69565.34,70008.3
2024-04-12,70008.3,71229.63,65133.31,67121.48
2024-04-13,67121.48,67931.47,60376.77,63926.43
2024-04-14,63926.43,65841.43,62213.71,65663.74
2024-04-15,65663.74,66845.92,62276.29,63424.17
2024-04-16,63424.17,64362.08,61595.75,63795.13
2024-04-17,63795.13,64500.74,59679.2,61276.62
2024-04-18,61276.62,64116.18,60801.87,63470.98
2024-04-19,63470.98,65439.97,59598.97,63816.37
2024-04-20,63816.37,65421.37,63095.83,64939.94
2024-04-21,64939.94,65699.41,64235.0,64940.73
2024-04-22,64940.73,67233.07,64505.25,66815.62
2024-04-23,66815.62,67178.8,65798.63,66415.58
2024-04-24,66415.58,67075.08,63607.53,64289.51
2024-04-25,64289.51,65280.48,62793.14,64498.95
2024-04-26,64498.95,64812.42,63322.49,63773.19
2024-04-27,63773.19,63925.03,62401.58,63459.24
2024-04-28,63459.24,64371.72,62784.01,63119.04
2024-04-29,63119.04,64216.55,61779.76,63864.59
2024-04-30,63864.59,64732.21,59191.28,60674.23
2024-05-01,60674.23,60843.19,56561.26,58354.67
2024-05-02,58354.67,59621.68,56947.22,59063.9
2024-05-03,59063.9,63327.36,58813.62,62880.6
2024-05-04,62880.6,64537.57,62557.99,63891.58
2024-05-05,63891.58,64645.72,62863.32,64016.45
2024-05-06,64016.45,65504.83,62702.15,63166.9
2024-05-07,63166.9,64413.21,62264.06,62317.04
2024-05-08,62317.04,63023.88,60886.7,61194.91
2024-05-09,61194.91,63427.21,60629.77,63073.39
2024-05-10,63073.39,63463.83,60194.37,60800.73
2024-05-11,60800.73,61514.38,60487.89,60828.42
2024-05-12,60828.42,61870.29,60608.35,61480.75
2024-05-13,61480.75,63455.56,60753.71,62936.53
2024-05-14,62936.53,63114.55,61137.37,61577.52
2024-05-15,61577.52,66437.65,61335.54,66206.8
2024-05-16,66206.8,66752.03,64609.17,65237.4
2024-05-17,65237.4,67448.05,65104.57,67017.62
2024-05-18,67017.62,67373.72,66595.2,66913.32
2024-05-19,66913.32,67711.58,65869.21,66271.86
2024-05-20,66271.86,71519.58,66060.75,71438.61
2024-05-21,71438.61,71977.55,69167.6,70148.51
2024-05-22,70148.51,70663.71,68921.29,69167.91
2024-05-23,69167.91,70084.27,66325.77,67972.45
2024-05-24,67972.45,69246.03,66607.03,68554.81
2024-05-25,68554.81,69605.22,68505.81,69290.85
2024-05-26,69290.85,69551.96,68184.93,68508.23
2024-05-27,68508.23,70684.55,68256.37,69432.94
2024-05-28,69432.94,69591.28,67276.91,68400.39
2024-05-29,68400.39,68926.66,67136.14,67650.27
2024-05-30,67650.27,69506.92,67132.62,68353.76
2024-05-31,68353.76,69045.9,66670.06,67540.76
2024-06-01,67540.76,67883.66,67441.59,67765.04
2024-06-02,67765.04,68462.41,67287.55,67766.23
2024-06-03,67766.23,70283.69,67612.25,68808.64
2024-06-04,68808.64,71067.49,68566.95,70537.67
2024-06-05,70537.67,71758.73,70382.3,71109.78
2024-06-06,71109.78,71658.44,70123.35,70797.98
2024-06-07,70797.98,71981.25,68430.47,69353.71
2024-06-08,69353.71,69583.58,69172.63,69307.07
2024-06-09,69307.07,69851.58,69132.99,69645.72
2024-06-10,69645.72,70189.47,69176.65,69538.01
2024-06-11,69538.01,69584.6,66060.26,67316.12
2024-06-12,67316.12,70001.4,66903.52,68263.46
2024-06-13,68263.46,68414.69,66265.79,66773.85
2024-06-14,66773.85,67367.01,65071.74,66044.05
2024-06-15,66044.05,66476.18,65859.07,66225.53
2024-06-16,66225.53,66979.59,66038.36,66675.78
2024-06-17,66675.78,67298.94,65126.26,66495.98
2024-06-18,66495.98,66587.09,64062.18,65176.85
2024-06-19,65176.85,65731.06,64677.23,64969.25
2024-06-20,64969.25,66484.33,64559.64,64872.61
2024-06-21,64872.61,65069.7,63394.77,64142.6
2024-06-22,64142.6,64537.74,63941.21,64261.13
2024-06-23,64261.13,64518.39,63175.57,63210.15
2024-06-24,63210.15,63365.99,58448.89,60296.34
2024-06-25,60296.34,62407.5,60258.1,61804.98
2024-06-26,61804.98,62487.94,60712.06,60862.15
2024-06-27,60862.15,62391.56,60613.13,61701.1
2024-06-28,61701.1,62225.49,60053.9,60431.2
2024-06-29,60431.2,61221.76,60394.97,60984.23
2024-06-30,60984.23,63053.06,60710.45,62772.97
2024-07-01,62772.97,63860.48,62530.02,62900.7
2024-07-02,62900.7,63291.02,61814.69,62133.66
2024-07-03,62133.66,62285.09,59406.39,60210.1
2024-07-04,60210.1,60497.92,56769.11,57051.01
2024-07-05,57051.01,57535.47,53510.82,56630.9
2024-07-06,56630.9,58475.48,56020.48,58233.97
2024-07-07,58233.97,58446.06,55726.88,55860.58
2024-07-08,55860.58,58217.93,54285.88,56714.68
2024-07-09,56714.68,58291.83,56291.27,58047.64
2024-07-10,58047.64,59461.34,57159.71,57728.11
2024-07-11,57728.11,59508.41,57057.58,57340.51
2024-07-12,57340.51,58527.49,56542.29,57890.03
2024-07-13,57890.03,59851.2,57756.13,59204.78
2024-07-14,59204.78,61422.47,59194.67,60792.31
2024-07-15,60792.31,64901.41,60646.26,64724.18
2024-07-16,64724.18,65379.42,62385.93,65044.2
2024-07-17,65044.2,66113.37,63855.64,64087.08
2024-07-18,64087.08,65113.16,63237.18,63989.53
2024-07-19,63989.53,67388.51,63302.46,66659.97
2024-07-20,66659.97,67593.51,66227.28,67136.98
2024-07-21,67136.98,68370.54,65782.04,68166.62
2024-07-22,68166.62,68477.99,66572.23,67531.0
2024-07-23,67531.0,67751.08,65440.9,65935.71
2024-07-24,65935.71,67102.06,65111.67,65375.94
2024-07-25,65375.94,66163.95,63454.42,65801.43
2024-07-26,65801.43,68205.85,65722.4,67907.97
2024-07-27,67907.97,69403.86,66650.82,67898.31
2024-07-28,67898.31,68321.67,67063.18,68245.32
2024-07-29,68245.32,70060.39,66436.98,66784.31
2024-07-30,66784.31,66998.15,65306.63,66189.46
2024-07-31,66189.46,66845.83,64529.65,64629.58
2024-08-01,64629.58,65653.42,62293.48,65355.56
2024-08-02,65355.56,65598.94,61231.29,61495.02
2024-08-03,61495.02,62195.49,59849.7,60703.68
2024-08-04,60703.68,61115.5,57203.62,58161.88
2024-08-05,58161.88,58305.64,49017.1,54013.66
2024-08-06,54013.66,57042.96,53947.47,56022.52
2024-08-07,56022.52,57730.73,54561.06,55137.48
2024-08-08,55137.48,62741.28,54732.9,61686.75
2024-08-09,61686.75,61748.19,59535.53,60838.71
2024-08-10,60838.71,61471.95,60246.62,60923.55
2024-08-11,60923.55,61859.76,58298.52,58719.1
2024-08-12,58719.1,60701.95,57652.4,59347.7
2024-08-13,59347.7,61577.26,58417.67,60585.27
2024-08-14,60585.27,61796.22,58438.59,58684.48
2024-08-15,58684.48,59850.77,56112.0,57541.67
2024-08-16,57541.67,59819.14,57097.68,58876.79
2024-08-17,58876.79,59707.91,58795.5,59496.13
2024-08-18,59496.13,60280.64,58419.79,58431.62
2024-08-19,58431.62,59612.06,57802.64,59440.53
2024-08-20,59440.53,61396.89,58569.55,59011.26
2024-08-21,59011.26,61822.78,58782.7,61154.25
2024-08-22,61154.25,61402.64,59724.84,60381.76
2024-08-23,60381.76,64955.29,60340.64,64041.68
2024-08-24,64041.68,64492.42,63554.13,64155.7
2024-08-25,64155.7,65012.44,63783.41,64220.1
2024-08-26,64220.1,64479.99,62807.89,62832.75
2024-08-27,62832.75,63212.61,58006.99,59411.45
2024-08-28,59411.45,60226.24,57861.3,59036.44
2024-08-29,59036.44,61166.81,58705.99,59355.0
2024-08-30,59355.0,59931.65,57728.33,59126.14
2024-08-31,59126.14,59461.1,58743.14,58972.57
2024-09-01,58972.57,59077.0,57203.01,57298.45
2024-09-02,57298.45,59428.91,57126.04,59137.79
2024-09-03,59137.79,59815.24,57412.28,57485.28
2024-09-04,57485.28,58520.83,55592.05,57971.44
2024-09-05,57971.44,58328.54,55645.28,56178.75
2024-09-06,56178.75,57005.74,52548.46,53961.9
2024-09-07,53961.9,54849.71,53748.23,54161.65
2024-09-08,54161.65,55319.31,53628.62,54873.81
2024-09-09,54873.81,58083.39,54591.76,57039.28
2024-09-10,57039.28,58046.62,56389.89,57639.6
2024-09-11,57639.6,57982.95,55557.73,57336.19
2024-09-12,57336.19,58572.17,57325.35,58132.6
2024-09-13,58132.6,60625.41,57631.93,60495.08
2024-09-14,60495.08,60607.02,59399.85,59992.35
2024-09-15,59992.35,60397.11,58691.59,59130.19
2024-09-16,59130.19,59209.1,57494.5,58213.17
2024-09-17,58213.17,61325.49,57615.5,60313.01
2024-09-18,60313.01,61787.37,59177.73,61760.02
2024-09-19,61760.02,63851.06,61557.1,62950.23
2024-09-20,62950.23,64133.94,62348.23,63201.64
2024-09-21,63201.64,63553.16,62758.32,63349.98
2024-09-22,63349.98,64002.66,62378.46,63580.21
2024-09-23,63580.21,64744.66,62565.46,63337.43
2024-09-24,63337.43,64692.12,62713.06,64266.98
2024-09-25,64266.98,64819.39,62949.48,63152.85
2024-09-26,63152.85,65824.27,62671.05,65171.19
2024-09-27,65171.19,66462.34,64820.54,65771.97
2024-09-28,65771.97,66261.57,65425.7,65855.56
2024-09-29,65855.56,66076.99,65434.31,65602.42
2024-09-30,65602.42,65619.89,62857.12,63326.52
2024-10-01,63326.52,64126.83,60166.15,60810.45
2024-10-02,60810.45,62379.25,59998.16,60648.14
2024-10-03,60648.14,61477.58,59856.74,60753.32
2024-10-04,60753.32,62483.23,60462.27,62086.84
2024-10-05,62086.84,62372.57,61689.12,62058.01
2024-10-06,62058.01,62973.5,61811.23,62820.96
2024-10-07,62820.96,64470.29,62127.79,62223.84
2024-10-08,62223.84,63199.71,61870.58,62160.16
2024-10-09,62160.16,62544.21,60305.44,60636.74
2024-10-10,60636.74,61317.68,58943.72,60324.58
2024-10-11,60324.58,63417.43,60089.22,62538.03
2024-10-12,62538.03,63481.1,62488.79,63205.88
2024-10-13,63205.88,63286.93,62049.84,62870.15
2024-10-14,62870.15,66506.36,62457.34,66085.7
2024-10-15,66085.7,67953.75,64803.99,67073.42
2024-10-16,67073.42,68417.14,66753.57,67618.43
2024-10-17,67618.43,67938.87,66668.59,67422.12
2024-10-18,67422.12,69000.95,67192.45,68428.04
2024-10-19,68428.04,68694.03,68009.67,68375.97
2024-10-20,68375.97,69404.46,68099.74,69033.25
2024-10-21,69033.25,69527.08,66843.63,67377.97
2024-10-22,67377.97,67836.64,66574.87,67425.59
2024-10-23,67425.59,67468.21,65258.26,66668.82
2024-10-24,66668.82,68848.94,66512.44,68197.44
2024-10-25,68197.44,68769.93,65594.84,66700.17
2024-10-26,66700.17,67456.46,66442.73,67094.1
2024-10-27,67094.1,68331.72,66931.14,68021.82
2024-10-28,68021.82,70285.47,67616.21,69960.62
2024-10-29,69960.62,73627.22,69761.09,72738.76
2024-10-30,72738.76,72960.75,71439.33,72346.55
2024-10-31,72346.55,72698.29,69687.35,70296.62
2024-11-01,70296.62,71630.99,68821.06,69496.82
2024-11-02,69496.82,69913.43,69023.36,69369.97
2024-11-03,69369.97,69386.72,67479.89,68773.9
2024-11-04,68773.9,69496.47,66834.67,67850.5
2024-11-05,67850.5,70549.26,67476.28,69373.02
2024-11-06,69373.02,76390.75,69296.04,75573.76
2024-11-07,75573.76,76830.34,74422.46,75857.58
2024-11-08,75857.58,77182.31,75572.23,76506.85
2024-11-09,76506.85,76904.09,75713.45,76676.76
2024-11-10,76676.76,81500.9,76493.4,80366.47
2024-11-11,80366.47,89542.72,80215.8,88646.24
2024-11-12,88646.24,89936.39,85082.41,87946.34
2024-11-13,87946.34,93265.21,86125.07,90374.63
2024-11-14,90374.63,91762.31,86669.57,87324.22
2024-11-15,87324.22,91845.39,87078.59,91027.32
2024-11-16,91027.32,91770.7,90063.73,90580.05
2024-11-17,90580.05,91454.21,88718.59,89854.01
2024-11-18,89854.01,92601.14,89377.36,90463.01
2024-11-19,90463.01,93899.85,90359.35,92302.53
2024-11-20,92302.53,94817.39,91494.62,94285.35
2024-11-21,94285.35,98975.42,94034.97,98319.44
2024-11-22,98319.44,99580.9,97136.48,98890.76
2024-11-23,98890.76,98905.41,97134.38,97671.83
2024-11-24,97671.83,98557.27,95737.51,97902.61
2024-11-25,97902.61,98868.41,92611.49,93006.04
2024-11-26,93006.04,94975.05,90794.24,91964.39
2024-11-27,91964.39,97207.29,91794.3,95858.5
2024-11-28,95858.5,96562.92,94636.52,95642.57
2024-11-29,95642.57,98617.19,95363.96,97455.77
2024-11-30,97455.77,97458.49,96091.75,96408.07
2024-12-01,96408.07,97836.43,95692.84,97187.19
2024-12-02,97187.19,98137.26,94403.52,95835.8
2024-12-03,95835.8,96298.61,93580.48,95850.57
2024-12-04,95850.57,98994.56,94584.26,98587.58
2024-12-05,98587.58,104052.14,91079.54,96945.27
2024-12-06,96945.27,101887.02,96264.49,99737.7
2024-12-07,99737.7,100431.34,98852.28,99833.84
2024-12-08,99833.84,101353.2,98663.61,101109.38
2024-12-09,101109.38,101212.29,94136.25,97277.96
2024-12-10,97277.96,98271.06,94247.84,96589.76
2024-12-11,96589.76,101887.22,95658.3,101125.2
2024-12-12,101125.2,102542.23,99311.62,100002.55
2024-12-13,100002.55,101898.46,99206.46,101426.88
2024-12-14,101426.88,102653.31,100610.17,101416.69
2024-12-15,101416.69,105263.31,101235.86,104471.91
2024-12-16,104471.91,107791.09,103340.36,106059.65
2024-12-17,106059.65,108355.66,105321.23,106129.72
2024-12-18,106129.72,106497.73,99994.57,100204.28
2024-12-19,100204.28,102797.8,95697.44,97461.09
2024-12-20,97461.09,98237.27,92275.74,97805.69
2024-12-21,97805.69,99541.95,96401.75,97287.38
2024-12-22,97287.38,97450.51,94249.18,95184.8
2024-12-23,95184.8,96536.7,92520.91,94883.73
2024-12-24,94883.73,99482.91,93565.75,98665.85
2024-12-25,98665.85,99573.19,97634.4,99437.05
2024-12-26,99437.05,99971.79,95195.13,95786.15
2024-12-27,95786.15,97528.15,93496.64,94300.13
2024-12-28,94300.13,95735.38,94133.68,95299.89
2024-12-29,95299.89,95341.53,93008.89,93738.55
2024-12-30,93738.55,95019.23,91528.46,92791.18
2024-12-31,92791.18,96250.86,92040.33,93575.3
2025-01-01,93575.3,95157.4,92909.19,94594.99
2025-01-02,94594.99,97842.09,94390.99,96987.4
2025-01-03,96987.4,98979.03,96104.1,98177.92
2025-01-04,98177.92,98776.82,97526.7,98222.22
2025-01-05,98222.22,98834.95,97275.1,98367.52
2025-01-06,98367.52,102476.8,97919.39,102227.3
2025-01-07,102227.3,102726.76,96169.4,96953.25
2025-01-08,96953.25,97270.98,92526.65,95059.84
2025-01-09,95059.84,95385.38,91201.78,92548.31
2025-01-10,92548.31,95829.62,92221.72,94724.89
2025-01-11,94724.89,95031.32,93838.99,94610.24
2025-01-12,94610.24,95459.66,93714.33,94549.27
2025-01-13,94549.27,95944.84,89221.04,94538.64
2025-01-14,94538.64,97375.69,94357.95,96563.09
2025-01-15,96563.09,100682.26,96502.5,100501.99
2025-01-16,100501.99,100870.52,97340.11,99986.18
2025-01-17,99986.18,105842.51,99948.72,104080.12
2025-01-18,104080.12,104987.2,102285.31,104552.81
2025-01-19,104552.81,106435.15,99653.53,101331.99
2025-01-20,101331.99,109685.0,99551.75,102265.3
2025-01-21,102265.3,107242.56,100133.51,106147.8
2025-01-22,106147.8,106393.39,103342.48,103706.56
2025-01-23,103706.56,106851.38,101258.75,103909.42
2025-01-24,103909.42,107127.84,102750.61,104859.71
2025-01-25,104859.71,105290.98,104105.66,104749.69
2025-01-26,104749.69,105502.16,102511.73,102614.84
2025-01-27,102614.84,103261.59,97772.31,102077.76
2025-01-28,102077.76,103796.78,100269.82,101334.14
2025-01-29,101334.14,104787.11,101324.61,103737.63
2025-01-30,103737.63,106444.78,103291.66,104726.48
2025-01-31,104726.48,106015.64,101554.09,102430.79
2025-02-01,102430.79,102783.06,100275.86,100634.9
2025-02-02,100634.9,101460.06,96149.03,97696.42
2025-02-03,97696.42,102481.57,91197.45,101331.05
2025-02-04,101331.05,101712.82,96144.88,97764.38
2025-02-05,97764.38,99155.37,96156.71,96610.83
2025-02-06,96610.83,99129.43,95680.33,96553.22
2025-02-07,96553.22,100140.06,95620.67,96502.31
2025-02-08,96502.31,96881.68,95689.03,96449.1
2025-02-09,96449.1,97323.44,94714.23,96464.51
2025-02-10,96464.51,98353.79,95255.68,97433.17
2025-02-11,97433.17,98485.34,94873.7,95782.04
2025-02-12,95782.04,98115.83,94081.2,97869.03
2025-02-13,97869.03,98085.89,95221.66,96609.56
2025-02-14,96609.56,98833.71,96275.73,97503.52
2025-02-15,97503.52,97969.92,97223.35,97576.02
2025-02-16,97576.02,97709.25,96045.41,96111.13
2025-02-17,96111.13,97039.98,95203.88,95781.54
2025-02-18,95781.54,96747.49,93388.04,95665.99
2025-02-19,95665.99,96893.08,95042.78,96646.1
2025-02-20,96646.1,98716.68,96420.3,98304.94
2025-02-21,98304.94,99485.21,94784.67,96113.89
2025-02-22,96113.89,96971.63,95737.52,96545.83
2025-02-23,96545.83,96638.45,95241.3,96259.72
2025-02-24,96259.72,96499.66,91340.06,91543.26
2025-02-25,91543.26,92534.44,86055.7,88682.34
2025-02-26,88682.34,89411.5,82221.92,84236.76
2025-02-27,84236.76,87070.59,82723.59,84711.33
2025-02-28,84711.33,85122.2,78264.28,84347.26
2025-03-01,84347.26,86558.15,83822.77,86062.79
2025-03-02,86062.79,95012.28,85049.62,94271.06
2025-03-03,94271.06,94414.98,85119.99,86216.05
2025-03-04,86216.05,88957.38,81503.29,87283.84
2025-03-05,87283.84,90994.96,86365.88,90607.29
2025-03-06,90607.29,92807.35,87843.13,89931.01
2025-03-07,89931.01,91278.47,84666.57,86802.78
2025-03-08,86802.78,86895.1,85232.11,86225.04
2025-03-09,86225.04,86508.7,79996.16,80730.0
2025-03-10,80730.0,84065.86,77459.63,78595.6
2025-03-11,78595.6,83620.02,76603.34,82933.04
2025-03-12,82933.04,84487.1,80609.38,83681.91
2025-03-13,83681.91,84331.97,79941.2,81116.94
2025-03-14,81116.94,85310.25,80822.4,83985.14
2025-03-15,83985.14,84677.23,83623.47,84337.83
2025-03-16,84337.83,85125.18,81990.92,82575.99
2025-03-17,82575.99,84748.45,82457.56,84009.04
2025-03-18,84009.04,84022.08,81148.49,82713.25
2025-03-19,82713.25,87002.4,82548.12,86841.54
2025-03-20,86841.54,87442.37,83651.09,84221.73
2025-03-21,84221.73,84842.23,83175.88,84088.87
2025-03-22,84088.87,84537.71,83658.79,83843.28
2025-03-23,83843.28,86123.3,83809.88,86082.6
2025-03-24,86082.6,88763.07,85525.7,87495.85
2025-03-25,87495.85,88535.35,86309.1,87399.8
2025-03-26,87399.8,88276.98,85857.23,86909.39
2025-03-27,86909.39,87754.57,85811.63,87228.74
2025-03-28,87228.74,87510.59,83586.33,84423.21
2025-03-29,84423.21,84618.2,81651.43,82646.11
2025-03-30,82646.11,83534.19,81567.59,82386.9
2025-03-31,82386.9,83926.43,81277.05,82548.32
2025-04-01,82548.32,85561.3,82430.91,85162.77
2025-04-02,85162.77,88504.67,82325.35,82514.14
2025-04-03,82514.14,83943.22,81211.84,83210.61
2025-04-04,83210.61,84723.3,81660.32,83890.4
2025-04-05,83890.4,84266.06,82384.63,83535.64
2025-04-06,83535.64,83787.31,77149.38,78424.26
2025-04-07,78424.26,81221.67,74505.14,79168.6
2025-04-08,79168.6,80866.06,76241.81,76323.27
2025-04-09,76323.27,83586.57,74619.8,82615.52
2025-04-10,82615.52,82743.92,78464.95,79603.86
2025-04-11,79603.86,84298.3,78969.78,83420.57
2025-04-12,83420.57,85903.81,82789.85,85275.56
2025-04-13,85275.56,86101.81,83042.31,83758.39
2025-04-14,83758.39,85797.11,83681.22,84590.41
2025-04-15,84590.41,86474.96,83601.45,83645.76
2025-04-16,83645.76,85482.79,83109.14,84031.14
2025-04-17,84031.14,85474.93,83736.67,84950.15
2025-04-18,84950.15,85132.58,84302.3,84469.23
2025-04-19,84469.23,85659.48,84365.2,85081.6
2025-04-20,85081.6,85326.09,83945.82,85182.25
2025-04-21,85182.25,88467.24,85145.27,87515.6
2025-04-22,87515.6,93932.41,87072.39,93444.06
2025-04-23,93444.06,94681.67,91943.97,93686.53
2025-04-24,93686.53,94004.21,91666.1,93979.82
2025-04-25,93979.82,95760.02,92851.94,94640.21
2025-04-26,94640.21,95200.39,93874.25,94628.15
2025-04-27,94628.15,95332.47,93612.04,93745.75
2025-04-28,93745.75,95612.08,92800.01,95011.66
2025-04-29,95011.66,95459.5,93740.48,94251.02
2025-04-30,94251.02,95230.79,92914.21,94169.38
2025-05-01,94169.38,97425.86,94128.83,96486.55
2025-05-02,96486.55,97895.31,96354.63,96884.88
2025-05-03,96884.88,96925.17,95756.83,95857.21
2025-05-04,95857.21,96304.41,94149.95,94276.3
2025-05-05,94276.3,95200.09,93510.95,94736.51
2025-05-06,94736.51,96914.84,93388.24,96835.08
2025-05-07,96835.08,97730.12,95788.7,97029.75
2025-05-08,97029.75,104178.61,96877.2,103264.25
2025-05-09,103264.25,104360.71,102319.94,102975.89
2025-05-10,102975.89,104986.84,102819.16,104808.94
2025-05-11,104808.94,104967.76,103342.06,104117.04
2025-05-12,104117.04,105819.27,100733.82,102789.92
2025-05-13,102789.92,104978.71,101431.1,104115.01
2025-05-14,104115.01,104357.03,102604.1,103504.99
2025-05-15,103504.99,104194.8,101390.29,103764.16
2025-05-16,103764.16,104552.81,103106.44,103463.72
2025-05-17,103463.72,103711.68,102608.11,103128.22
2025-05-18,103128.22,106660.02,103101.56,106454.04
2025-05-19,106454.04,107113.21,102044.69,105575.44
2025-05-20,105575.44,107314.07,104184.73,106850.19
2025-05-21,106850.19,110776.71,106089.16,109643.36
2025-05-22,109643.36,111979.16,109196.53,111697.69
2025-05-23,111697.69,111798.46,106800.68,107319.56
2025-05-24,107319.56,109497.13,106880.07,107762.41
2025-05-25,107762.41,109306.69,106598.32,109003.81
2025-05-26,109003.81,110427.46,108671.68,109438.26
2025-05-27,109438.26,110723.15,107513.99,108933.86
2025-05-28,108933.86,109281.27,106787.97,107783.81
2025-05-29,107783.81,108894.55,105325.04,105589.87
2025-05-30,105589.87,106318.8,103622.82,103993.26
2025-05-31,103993.26,104909.31,103078.23,104596.96
2025-06-01,104596.96,105870.09,103755.63,105644.7
2025-06-02,105644.7,105938.17,103671.36,105857.04
2025-06-03,105857.04,106791.81,104869.59,105376.93
2025-06-04,105376.93,105993.43,104180.25,104691.96
2025-06-05,104691.96,105913.29,100391.57,101506.34
2025-06-06,101506.34,105332.79,101097.33,104291.37
2025-06-07,104291.37,105908.61,103876.16,105552.59
2025-06-08,105552.59,106488.75,104974.65,105731.49
2025-06-09,105731.49,110579.52,105319.13,110266.4
2025-06-10,110266.4,110394.87,108341.47,110275.48
2025-06-11,110275.48,110392.71,108062.44,108645.09
2025-06-12,108645.09,108814.77,105667.17,105667.19
2025-06-13,105667.19,106177.84,102675.22,106069.09
2025-06-14,106069.09,106231.6,104304.72,105415.31
2025-06-15,105415.31,106128.94,104494.93,105589.07
2025-06-16,105589.07,108959.87,104976.56,106796.7
2025-06-17,106796.7,107763.19,103367.72,104556.71
2025-06-18,104556.71,105547.12,103508.52,104887.85
2025-06-19,104887.85,105227.12,103923.97,104657.79
2025-06-20,104657.79,106525.22,102349.09,103297.72
2025-06-21,103297.72,103986.85,100879.43,102120.64
2025-06-22,102120.64,103389.92,98193.91,100960.85
2025-06-23,100960.85,106059.06,99630.9,105341.27
2025-06-24,105341.27,106286.64,104625.62,106086.85
2025-06-25,106086.85,108127.92,105813.66,107335.34
2025-06-26,107335.34,108275.37,106560.97,106956.01
2025-06-27,106956.01,107733.24,106375.5,107049.72
2025-06-28,107049.72,107551.3,106811.15,107296.31
2025-06-29,107296.31,108522.34,107167.39,108358.41
2025-06-30,108358.41,108782.23,106734.83,107143.71
2025-07-01,107143.71,107542.38,105250.11,105682.26
2025-07-02,105682.26,109738.21,105101.29,108843.14
2025-07-03,108843.14,110516.41,108530.46,109588.69
2025-07-04,109588.69,109770.38,107253.21,107987.77
2025-07-05,107987.77,108420.97,107754.38,108200.09
2025-07-06,108200.09,109700.17,107806.91,109204.03
2025-07-07,109204.03,109702.95,107509.4,108260.48
2025-07-08,108260.48,109218.2,107437.99,108925.38
2025-07-09,108925.38,112006.52,108327.88,111240.66
2025-07-10,111240.66,117077.9,110502.16,116011.03
2025-07-11,116011.03,118864.15,115218.78,117530.74
2025-07-12,117530.74,118200.3,116910.16,117424.71
2025-07-13,117424.71,119484.23,117220.68,119087.15
2025-07-14,119087.15,123225.99,118905.67,119843.07
2025-07-15,119843.07,119940.06,115735.89,117753.35
2025-07-16,117753.35,120062.5,117018.85,118633.43
2025-07-17,118633.43,120958.23,117450.38,119176.84
2025-07-18,119176.84,120824.43,116818.61,117929.42
2025-07-19,117929.42,118496.23,117278.11,117840.67
2025-07-20,117840.67,118858.47,116472.13,117265.53
2025-07-21,117265.53,119656.56,116518.63,117378.83
2025-07-22,117378.83,120242.37,116118.99,119953.82
2025-07-23,119953.82,120091.16,117308.32,118753.36
2025-07-24,118753.36,119469.59,117107.57,118341.29
2025-07-25,118341.29,118455.74,114725.55,117614.08
2025-07-26,117614.08,118291.79,117138.71,117916.36
2025-07-27,117916.36,119769.03,117823.42,119423.16
2025-07-28,119423.16,119801.91,117422.4,118067.46
2025-07-29,118067.46,119276.33,116955.65,117945.74
2025-07-30,117945.74,118791.22,115784.99,117834.32
2025-07-31,117834.32,118919.31,115492.75,115758.32
2025-08-01,115758.32,116056.34,112725.83,113298.02
2025-08-02,113298.02,114054.38,112005.08,112553.85
2025-08-03,112553.85,114786.16,111921.22,114205.98
2025-08-04,114205.98,115720.55,114110.98,115056.42
2025-08-05,115056.42,115120.09,112655.25,114128.37
2025-08-06,114128.37,115710.45,113355.05,114991.99
2025-08-07,114991.99,117623.25,114263.93,117468.11
2025-08-08,117468.11,117636.29,115898.29,116669.36
2025-08-09,116669.36,117926.26,116310.57,116465.54
2025-08-10,116465.54,119311.94,116394.37,119291.41
2025-08-11,119291.41,122316.49,118079.85,118690.31
2025-08-12,118690.31,120319.42,118213.12,120134.1
2025-08-13,120134.1,123675.14,118937.23,123310.17
2025-08-14,123310.17,124482.73,117180.27,118294.33
2025-08-15,118294.33,119220.65,116805.81,117341.26
2025-08-16,117341.26,117897.89,117148.93,117383.42
2025-08-17,117383.42,118577.55,117179.95,117407.18
2025-08-18,117407.18,117546.69,114649.73,116228.71
2025-08-19,116228.71,116723.04,112730.83,112874.5
2025-08-20,112874.5,114616.66,112375.29,114268.85
2025-08-21,114268.85,114817.59,112010.04,112502.41
2025-08-22,112502.41,117420.1,111686.06,116934.88
2025-08-23,116934.88,117025.78,114562.45,115430.62
2025-08-24,115430.62,115667.88,110628.09,113490.23
2025-08-25,113490.23,113664.28,109276.5,110114.99
2025-08-26,110114.99,112370.64,108685.71,111763.91
2025-08-27,111763.91,112623.1,110359.9,111256.02
2025-08-28,111256.02,113476.68,110861.97,112564.95
2025-08-29,112564.95,112638.46,107471.69,108377.33
2025-08-30,108377.33,108922.02,107351.0,108811.4
2025-08-31,108811.4,109482.3,108074.81,108247.35
2025-09-01,108247.35,109905.67,107256.15,109237.02
2025-09-02,109237.02,111771.38,108392.14,111237.63
2025-09-03,111237.63,112576.98,110537.21,111704.14
2025-09-04,111704.14,112179.17,109327.94,110726.47
2025-09-05,110726.47,113383.23,110215.88,110660.6
2025-09-06,110660.6,111313.03,109974.59,110188.92
2025-09-07,110188.92,111601.15,110180.31,111136.84
2025-09-08,111136.84,112922.9,110621.98,112065.97
2025-09-09,112065.97,113281.58,110767.84,111542.05
2025-09-10,111542.05,114309.1,110921.75,113955.68
2025-09-11,113955.68,115479.8,113427.19,115478.64
2025-09-12,115478.64,116661.79,114751.57,116026.75
2025-09-13,116026.75,116288.48,115131.88,115914.69
2025-09-14,115914.69,116162.49,115139.44,115273.82
2025-09-15,115273.82,116757.17,114379.64,115352.83
2025-09-16,115352.83,116958.03,114746.81,116788.66
2025-09-17,116788.66,117279.44,114726.23,116443.24
2025-09-18,116443.24,117904.68,116094.58,117080.21
