timestamp,bybit_ls_buy_ratio,bybit_ls_sell_ratio,bybit_ls_net_ratio
2020-08-05,0.5963,0.4037,0.19260000000000005
2020-08-06,0.5178,0.4822,0.03560000000000002
2020-08-07,0.5245,0.4755,0.04899999999999999
2020-08-08,0.568,0.432,0.13599999999999995
2020-08-09,0.5328,0.4672,0.06560000000000005
2020-08-10,0.5591,0.4409,0.11820000000000003
2020-08-11,0.5488,0.4512,0.09759999999999996
2020-08-12,0.6086,0.3914,0.2172
2020-08-13,0.5555,0.4445,0.11099999999999999
2020-08-14,0.5469,0.4531,0.09380000000000005
2020-08-15,0.5429,0.4571,0.08580000000000004
2020-08-16,0.5177,0.4823,0.03540000000000004
2020-08-17,0.5274,0.4726,0.05479999999999996
2020-08-18,0.5386,0.4614,0.07719999999999999
2020-08-19,0.5947,0.4053,0.1894
2020-08-20,0.6187,0.3813,0.23740000000000006
2020-08-21,0.5937,0.4063,0.1874
2020-08-22,0.6006,0.3994,0.20120000000000005
2020-08-23,0.5774,0.4226,0.15480000000000005
2020-08-24,0.5742,0.4258,0.14840000000000003
2020-08-25,0.5574,0.4426,0.11480000000000001
2020-08-26,0.5944,0.4056,0.18880000000000002
2020-08-27,0.5513,0.4487,0.10260000000000002
2020-08-28,0.5546,0.4454,0.10919999999999996
2020-08-29,0.5262,0.4738,0.0524
2020-08-30,0.5321,0.4679,0.06420000000000003
2020-08-31,0.5326,0.4674,0.06519999999999998
2020-09-01,0.5357,0.4643,0.07139999999999996
2020-09-02,0.5324,0.4676,0.06479999999999997
2020-09-03,0.5937,0.4063,0.1874
2020-09-04,0.5416,0.4584,0.0832
2020-09-05,0.4987,0.5013,-0.002599999999999991
2020-09-06,0.5446,0.4554,0.08919999999999995
2020-09-07,0.5396,0.4604,0.07919999999999999
2020-09-08,0.5398,0.4602,0.07959999999999995
2020-09-09,0.5565,0.4435,0.11299999999999999
2020-09-10,0.4925,0.5075,-0.014999999999999958
2020-09-11,0.5026,0.4974,0.005200000000000038
2020-09-12,0.5159,0.4841,0.03180000000000005
2020-09-13,0.4933,0.5067,-0.013400000000000023
2020-09-14,0.5173,0.4827,0.034599999999999964
2020-09-15,0.4759,0.5241,-0.04820000000000002
2020-09-16,0.4588,0.5412,-0.08240000000000003
2020-09-17,0.4536,0.5464,-0.0928
2020-09-18,0.4794,0.5206,-0.04119999999999996
2020-09-19,0.4763,0.5237,-0.04740000000000005
2020-09-20,0.4822,0.5178,-0.03560000000000002
2020-09-21,0.4712,0.5288,-0.05760000000000004
2020-09-22,0.4953,0.5047,-0.00940000000000002
2020-09-23,0.4967,0.5033,-0.006599999999999995
2020-09-24,0.4752,0.5248,-0.04960000000000003
2020-09-25,0.4447,0.5553,-0.11060000000000003
2020-09-26,0.4542,0.5458,-0.09159999999999996
2020-09-27,0.4646,0.5354,-0.07079999999999997
2020-09-28,0.4623,0.5377,-0.07539999999999997
2020-09-29,0.4725,0.5275,-0.05499999999999999
2020-09-30,0.4802,0.5198,-0.039600000000000024
2020-10-01,0.4862,0.5138,-0.027600000000000013
2020-10-02,0.4879,0.5121,-0.0242
2020-10-03,0.4839,0.5161,-0.032200000000000006
2020-10-04,0.4769,0.5231,-0.04620000000000002
2020-10-05,0.4646,0.5354,-0.07079999999999997
2020-10-06,0.4605,0.5395,-0.07899999999999996
2020-10-07,0.4765,0.5235,-0.046999999999999986
2020-10-08,0.4817,0.5183,-0.036599999999999966
2020-10-09,0.4712,0.5288,-0.05760000000000004
2020-10-10,0.4846,0.5154,-0.030799999999999994
2020-10-11,0.5208,0.4792,0.041600000000000026
2020-10-12,0.5083,0.4917,0.016599999999999948
2020-10-13,0.4928,0.5072,-0.014399999999999968
2020-10-14,0.5136,0.4864,0.027199999999999946
2020-10-15,0.509,0.491,0.018000000000000016
2020-10-16,0.4983,0.5017,-0.003400000000000014
2020-10-17,0.5136,0.4864,0.027199999999999946
2020-10-18,0.5155,0.4845,0.030999999999999972
2020-10-19,0.5018,0.4982,0.0036000000000000476
2020-10-20,0.505,0.495,0.010000000000000009
2020-10-21,0.463,0.537,-0.07400000000000001
2020-10-22,0.5372,0.4628,0.07440000000000002
2020-10-23,0.5113,0.4887,0.022599999999999953
2020-10-24,0.518,0.482,0.03600000000000003
2020-10-25,0.5127,0.4873,0.025400000000000034
2020-10-26,0.5359,0.4641,0.07180000000000003
2020-10-27,0.5205,0.4795,0.04099999999999998
2020-10-28,0.519,0.481,0.038000000000000034
2020-10-29,0.5373,0.4627,0.0746
2020-10-30,0.4652,0.5348,-0.06960000000000005
2020-10-31,0.4769,0.5231,-0.04620000000000002
2020-11-01,0.4889,0.5111,-0.022199999999999998
2020-11-02,0.4986,0.5014,-0.002799999999999969
2020-11-03,0.4952,0.5048,-0.009600000000000053
2020-11-04,0.4839,0.5161,-0.032200000000000006
2020-11-05,0.4821,0.5179,-0.035800000000000054
2020-11-06,0.5508,0.4492,0.10159999999999997
2020-11-07,0.5439,0.4561,0.08780000000000004
2020-11-08,0.5028,0.4972,0.005600000000000049
2020-11-09,0.5198,0.4802,0.039600000000000024
2020-11-10,0.5375,0.4625,0.07499999999999996
2020-11-11,0.5699,0.4301,0.13979999999999998
2020-11-12,0.5315,0.4685,0.06299999999999994
2020-11-13,0.5487,0.4513,0.09739999999999999
2020-11-14,0.5483,0.4517,0.09660000000000002
2020-11-15,0.5442,0.4558,0.08840000000000003
2020-11-16,0.5387,0.4613,0.07739999999999997
2020-11-17,0.515,0.485,0.030000000000000027
2020-11-18,0.5558,0.4442,0.11159999999999998
2020-11-19,0.5444,0.4556,0.08879999999999999
2020-11-20,0.519,0.481,0.038000000000000034
2020-11-21,0.5774,0.4226,0.15480000000000005
2020-11-22,0.5599,0.4401,0.11979999999999996
2020-11-23,0.5246,0.4754,0.049199999999999966
2020-11-24,0.5322,0.4678,0.06440000000000001
2020-11-25,0.571,0.429,0.14199999999999996
2020-11-26,0.5648,0.4352,0.1296
2020-11-27,0.5058,0.4942,0.011600000000000055
2020-11-28,0.5299,0.4701,0.05980000000000002
2020-11-29,0.5258,0.4742,0.051600000000000035
2020-11-30,0.4987,0.5013,-0.002599999999999991
2020-12-01,0.5341,0.4659,0.06820000000000004
2020-12-02,0.5135,0.4865,0.02699999999999997
2020-12-03,0.557,0.443,0.11400000000000005
2020-12-04,0.562,0.438,0.12400000000000005
2020-12-05,0.497,0.503,-0.006000000000000005
2020-12-06,0.5419,0.4581,0.08380000000000004
2020-12-07,0.5389,0.4611,0.07780000000000004
2020-12-08,0.5539,0.4461,0.10779999999999995
2020-12-09,0.476,0.524,-0.04800000000000004
2020-12-10,0.5105,0.4895,0.020999999999999963
2020-12-11,0.5159,0.4841,0.03180000000000005
2020-12-12,0.4914,0.5086,-0.01720000000000005
2020-12-13,0.5398,0.4602,0.07959999999999995
2020-12-14,0.5071,0.4929,0.01419999999999999
2020-12-15,0.5197,0.4803,0.039400000000000046
2020-12-16,0.4918,0.5082,-0.01639999999999997
2020-12-17,0.5913,0.4087,0.18260000000000004
2020-12-18,0.588,0.412,0.176
2020-12-19,0.622,0.378,0.244
2020-12-20,0.6304,0.3696,0.2608
2020-12-21,0.6069,0.3931,0.2138
2020-12-22,0.5629,0.4371,0.12579999999999997
2020-12-23,0.6185,0.3815,0.23700000000000004
2020-12-24,0.5673,0.4327,0.13460000000000005
2020-12-25,0.5982,0.4018,0.19639999999999996
2020-12-26,0.6315,0.3685,0.26299999999999996
2020-12-27,0.6343,0.3657,0.26859999999999995
2020-12-28,0.5661,0.4339,0.13220000000000004
2020-12-29,0.6082,0.3918,0.21639999999999998
2020-12-30,0.6621,0.3379,0.32420000000000004
2020-12-31,0.6327,0.3673,0.2654
2021-01-01,0.5953,0.4047,0.19060000000000005
2021-01-02,0.5697,0.4303,0.13939999999999997
2021-01-03,0.571,0.429,0.14199999999999996
2021-01-04,0.6119,0.3881,0.2238
2021-01-05,0.6105,0.3895,0.22100000000000003
2021-01-06,0.6203,0.3797,0.24059999999999998
2021-01-07,0.6499,0.3501,0.2998
2021-01-08,0.6426,0.3574,0.28519999999999995
2021-01-09,0.6784,0.3216,0.3568
2021-01-10,0.6877,0.3123,0.37539999999999996
2021-01-11,0.6395,0.3605,0.27899999999999997
2021-01-12,0.6611,0.3389,0.32220000000000004
2021-01-13,0.5977,0.4023,0.19540000000000002
2021-01-14,0.7105,0.2895,0.42100000000000004
2021-01-15,0.6433,0.3567,0.28659999999999997
2021-01-16,0.6126,0.3874,0.2252
2021-01-17,0.6106,0.3894,0.2212
2021-01-18,0.5827,0.4173,0.1654
2021-01-19,0.6616,0.3384,0.3232
2021-01-20,0.6002,0.3998,0.20039999999999997
2021-01-21,0.6216,0.3784,0.24320000000000003
2021-01-22,0.514,0.486,0.028000000000000025
2021-01-23,0.5741,0.4259,0.14820000000000005
2021-01-24,0.5273,0.4727,0.05459999999999998
2021-01-25,0.5638,0.4362,0.1276
2021-01-26,0.5959,0.4041,0.19179999999999997
2021-01-27,0.5767,0.4233,0.15339999999999998
2021-01-28,0.5695,0.4305,0.139
2021-01-29,0.5486,0.4514,0.09719999999999995
2021-01-30,0.6299,0.3701,0.25980000000000003
2021-01-31,0.6435,0.3565,0.287
2021-02-01,0.6168,0.3832,0.23360000000000003
2021-02-02,0.6053,0.3947,0.21059999999999995
2021-02-03,0.6256,0.3744,0.25120000000000003
2021-02-04,0.5878,0.4122,0.17559999999999998
2021-02-05,0.5516,0.4484,0.10319999999999996
2021-02-06,0.5835,0.4165,0.16700000000000004
2021-02-07,0.5973,0.4027,0.19460000000000005
2021-02-08,0.5922,0.4078,0.18439999999999995
2021-02-09,0.6649,0.3351,0.32980000000000004
2021-02-10,0.6232,0.3768,0.24639999999999995
2021-02-11,0.6654,0.3346,0.3308
2021-02-12,0.6695,0.3305,0.33899999999999997
2021-02-13,0.6723,0.3277,0.3446
2021-02-14,0.681,0.319,0.36200000000000004
2021-02-15,0.6608,0.3392,0.32160000000000005
2021-02-16,0.6247,0.3753,0.2494
2021-02-17,0.6532,0.3468,0.3064
2021-02-18,0.6231,0.3769,0.24619999999999997
2021-02-19,0.6406,0.3594,0.28119999999999995
2021-02-20,0.6336,0.3664,0.26720000000000005
2021-02-21,0.6465,0.3535,0.293
2021-02-22,0.6643,0.3357,0.3286
2021-02-23,0.6623,0.3377,0.3246
2021-02-24,0.5965,0.4035,0.193
2021-02-25,0.6108,0.3892,0.22160000000000002
2021-02-26,0.6221,0.3779,0.24419999999999997
2021-02-27,0.6059,0.3941,0.2118
2021-02-28,0.6057,0.3943,0.21140000000000003
2021-03-01,0.5942,0.4058,0.18839999999999996
2021-03-02,0.6585,0.3415,0.31699999999999995
2021-03-03,0.6362,0.3638,0.2724
2021-03-04,0.641,0.359,0.28200000000000003
2021-03-05,0.6864,0.3136,0.3728
2021-03-06,0.6446,0.3554,0.28919999999999996
2021-03-07,0.6399,0.3601,0.27980000000000005
2021-03-08,0.6164,0.3836,0.23279999999999995
2021-03-09,0.6234,0.3766,0.24679999999999996
2021-03-10,0.6378,0.3622,0.2756
2021-03-11,0.6439,0.3561,0.2878
2021-03-12,0.6446,0.3554,0.28919999999999996
2021-03-13,0.6302,0.3698,0.26039999999999996
2021-03-14,0.6583,0.3417,0.3166
2021-03-15,0.6818,0.3182,0.3636
2021-03-16,0.6863,0.3137,0.37260000000000004
2021-03-17,0.6739,0.3261,0.34780000000000005
2021-03-18,0.669,0.331,0.338
2021-03-19,0.6753,0.3247,0.3506
2021-03-20,0.6406,0.3594,0.28119999999999995
2021-03-21,0.6513,0.3487,0.3026
2021-03-22,0.67,0.33,0.34
2021-03-23,0.69,0.31,0.37999999999999995
2021-03-24,0.6678,0.3322,0.33559999999999995
2021-03-25,0.6586,0.3414,0.3172
2021-03-26,0.6258,0.3742,0.25160000000000005
2021-03-27,0.6177,0.3823,0.23540000000000005
2021-03-28,0.6044,0.3956,0.20880000000000004
2021-03-29,0.6042,0.3958,0.20839999999999997
2021-03-30,0.5994,0.4006,0.19880000000000003
2021-03-31,0.621,0.379,0.242
2021-04-01,0.611,0.389,0.22199999999999998
2021-04-02,0.6047,0.3953,0.20940000000000003
2021-04-03,0.646,0.354,0.29200000000000004
2021-04-04,0.6296,0.3704,0.25920000000000004
2021-04-05,0.6204,0.3796,0.24079999999999996
2021-04-06,0.6101,0.3899,0.22019999999999995
2021-04-07,0.6582,0.3418,0.3164
2021-04-08,0.6612,0.3388,0.3224
2021-04-09,0.6055,0.3945,0.21100000000000002
2021-04-10,0.6086,0.3914,0.2172
2021-04-11,0.6322,0.3678,0.26439999999999997
2021-04-12,0.6326,0.3674,0.26520000000000005
2021-04-13,0.6528,0.3472,0.30560000000000004
2021-04-14,0.6184,0.3816,0.23679999999999995
2021-04-15,0.6767,0.3233,0.3534
2021-04-16,0.6802,0.3198,0.36040000000000005
2021-04-17,0.686,0.314,0.37200000000000005
2021-04-18,0.7106,0.2894,0.4212
2021-04-19,0.6709,0.3291,0.34180000000000005
2021-04-20,0.6274,0.3726,0.25479999999999997
2021-04-21,0.6308,0.3692,0.26160000000000005
2021-04-22,0.6275,0.3725,0.25499999999999995
2021-04-23,0.6251,0.3749,0.2502
2021-04-24,0.6031,0.3969,0.2062
2021-04-25,0.555,0.445,0.11000000000000004
2021-04-26,0.5444,0.4556,0.08879999999999999
2021-04-27,0.5829,0.4171,0.16579999999999995
2021-04-28,0.5905,0.4095,0.18100000000000005
2021-04-29,0.6156,0.3844,0.23120000000000002
2021-04-30,0.637,0.363,0.274
2021-05-01,0.6443,0.3557,0.28859999999999997
2021-05-02,0.6479,0.3521,0.2958
2021-05-03,0.6734,0.3266,0.3468
2021-05-04,0.6704,0.3296,0.3408
2021-05-05,0.6667,0.3333,0.3334
2021-05-06,0.6391,0.3609,0.2782
2021-05-07,0.6775,0.3225,0.355
2021-05-08,0.6372,0.3628,0.2744
2021-05-09,0.6473,0.3527,0.2946
2021-05-10,0.6897,0.3103,0.37939999999999996
2021-05-11,0.6948,0.3052,0.38959999999999995
2021-05-12,0.6583,0.3417,0.3166
2021-05-13,0.6385,0.3615,0.27699999999999997
2021-05-14,0.6617,0.3383,0.32339999999999997
2021-05-15,0.668,0.332,0.336
2021-05-16,0.6547,0.3453,0.30939999999999995
2021-05-17,0.6704,0.3296,0.3408
2021-05-18,0.6716,0.3284,0.34319999999999995
2021-05-19,0.7065,0.2935,0.41300000000000003
2021-05-20,0.6002,0.3998,0.20039999999999997
2021-05-21,0.5985,0.4015,0.197
2021-05-22,0.6142,0.3858,0.2284
2021-05-23,0.5604,0.4396,0.12080000000000002
2021-05-24,0.5617,0.4383,0.12339999999999995
2021-05-25,0.6118,0.3882,0.22360000000000002
2021-05-26,0.5947,0.4053,0.1894
2021-05-27,0.6481,0.3519,0.2962
2021-05-28,0.5709,0.4291,0.14179999999999998
2021-05-29,0.5744,0.4256,0.14880000000000004
2021-05-30,0.5943,0.4057,0.18860000000000005
2021-05-31,0.5312,0.4688,0.06240000000000001
2021-06-01,0.5521,0.4479,0.10420000000000001
2021-06-02,0.6083,0.3917,0.21659999999999996
2021-06-03,0.5232,0.4768,0.0464
2021-06-04,0.5995,0.4005,0.199
2021-06-05,0.5701,0.4299,0.14020000000000005
2021-06-06,0.5667,0.4333,0.13339999999999996
2021-06-07,0.5794,0.4206,0.15880000000000005
2021-06-08,0.5398,0.4602,0.07959999999999995
2021-06-09,0.5118,0.4882,0.02360000000000001
2021-06-10,0.4833,0.5167,-0.03340000000000004
2021-06-11,0.5169,0.4831,0.03380000000000005
2021-06-12,0.4677,0.5323,-0.06459999999999999
2021-06-13,0.5093,0.4907,0.01859999999999995
2021-06-14,0.5282,0.4718,0.056400000000000006
2021-06-15,0.5219,0.4781,0.043800000000000006
2021-06-16,0.5437,0.4563,0.08739999999999998
2021-06-17,0.6195,0.3805,0.23900000000000005
2021-06-18,0.6539,0.3461,0.3078
2021-06-19,0.626,0.374,0.252
2021-06-20,0.6272,0.3728,0.25439999999999996
2021-06-21,0.6246,0.3754,0.24920000000000003
2021-06-22,0.6136,0.3864,0.2272
2021-06-23,0.5471,0.4529,0.0942
2021-06-24,0.5959,0.4041,0.19179999999999997
2021-06-25,0.5514,0.4486,0.1028
2021-06-26,0.6027,0.3973,0.20540000000000003
2021-06-27,0.5771,0.4229,0.15419999999999995
2021-06-28,0.5021,0.4979,0.0041999999999999815
2021-06-29,0.5212,0.4788,0.04239999999999999
2021-06-30,0.5173,0.4827,0.034599999999999964
2021-07-01,0.5905,0.4095,0.18100000000000005
2021-07-02,0.5435,0.4565,0.08699999999999997
2021-07-03,0.5299,0.4701,0.05980000000000002
2021-07-04,0.5481,0.4519,0.09620000000000001
2021-07-05,0.5594,0.4406,0.11880000000000002
2021-07-06,0.5721,0.4279,0.14420000000000005
2021-07-07,0.6026,0.3974,0.20520000000000005
2021-07-08,0.5691,0.4309,0.13820000000000005
2021-07-09,0.5786,0.4214,0.1572
2021-07-10,0.5078,0.4922,0.015600000000000003
2021-07-11,0.4928,0.5072,-0.014399999999999968
2021-07-12,0.4551,0.5449,-0.08980000000000005
2021-07-13,0.6489,0.3511,0.2978
2021-07-14,0.6261,0.3739,0.2522
2021-07-15,0.6279,0.3721,0.2558
2021-07-16,0.6739,0.3261,0.34780000000000005
2021-07-17,0.5962,0.4038,0.19239999999999996
2021-07-18,0.5932,0.4068,0.18639999999999995
2021-07-19,0.6129,0.3871,0.2258
2021-07-20,0.6291,0.3709,0.2582
2021-07-21,0.5422,0.4578,0.08440000000000003
2021-07-22,0.5109,0.4891,0.02180000000000004
2021-07-23,0.4797,0.5203,-0.04059999999999997
2021-07-24,0.4839,0.5161,-0.032200000000000006
2021-07-25,0.4712,0.5288,-0.05760000000000004
2021-07-26,0.4508,0.5492,-0.09840000000000004
2021-07-27,0.5252,0.4748,0.0504
2021-07-28,0.5277,0.4723,0.05539999999999995
2021-07-29,0.4676,0.5324,-0.06479999999999997
2021-07-30,0.4755,0.5245,-0.04899999999999999
2021-07-31,0.4963,0.5037,-0.007400000000000018
2021-08-01,0.5061,0.4939,0.012199999999999989
2021-08-02,0.5227,0.4773,0.04540000000000005
2021-08-03,0.5615,0.4385,0.123
2021-08-04,0.5953,0.4047,0.19060000000000005
2021-08-05,0.5527,0.4473,0.1054
2021-08-06,0.5121,0.4879,0.0242
2021-08-07,0.4924,0.5076,-0.015200000000000047
2021-08-08,0.4882,0.5118,-0.02360000000000001
2021-08-09,0.4975,0.5025,-0.004999999999999949
2021-08-10,0.4825,0.5175,-0.034999999999999976
2021-08-11,0.5457,0.4543,0.09139999999999998
2021-08-12,0.5346,0.4654,0.06919999999999998
2021-08-13,0.5637,0.4363,0.12739999999999996
2021-08-14,0.529,0.471,0.05800000000000005
2021-08-15,0.5801,0.4199,0.16019999999999995
2021-08-16,0.5894,0.4106,0.17880000000000001
2021-08-17,0.609,0.391,0.21799999999999997
2021-08-19,0.6072,0.3928,0.21439999999999998
2021-08-20,0.541,0.459,0.08200000000000002
2021-08-21,0.514,0.486,0.028000000000000025
2021-08-22,0.4911,0.5089,-0.017800000000000038
2021-08-23,0.4919,0.5081,-0.016199999999999992
2021-08-24,0.5479,0.4521,0.09580000000000005
2021-08-25,0.5956,0.4044,0.19120000000000004
2021-08-26,0.5528,0.4472,0.10559999999999997
2021-08-27,0.5999,0.4001,0.19979999999999998
2021-08-28,0.5356,0.4644,0.07119999999999999
2021-08-29,0.5399,0.4601,0.07980000000000004
2021-08-30,0.511,0.489,0.02200000000000002
2021-08-31,0.6264,0.3736,0.25279999999999997
2021-09-01,0.6206,0.3794,0.24120000000000003
2021-09-02,0.5448,0.4552,0.08959999999999996
2021-09-03,0.5083,0.4917,0.016599999999999948
2021-09-04,0.5263,0.4737,0.05259999999999998
2021-09-05,0.5421,0.4579,0.08420000000000005
2021-09-06,0.4639,0.5361,-0.07220000000000004
2021-09-07,0.4782,0.5218,-0.04360000000000003
2021-09-08,0.6055,0.3945,0.21100000000000002
2021-09-09,0.5767,0.4233,0.15339999999999998
2021-09-10,0.5975,0.4025,0.195
2021-09-11,0.6492,0.3508,0.2984
2021-09-12,0.6179,0.3821,0.2358
2021-09-13,0.5918,0.4082,0.18359999999999999
2021-09-14,0.6161,0.3839,0.23219999999999996
2021-09-15,0.496,0.504,-0.008000000000000007
2021-09-16,0.4972,0.5028,-0.005600000000000049
2021-09-17,0.5068,0.4932,0.013600000000000001
2021-09-18,0.561,0.439,0.12200000000000005
2021-09-19,0.542,0.458,0.08400000000000002
2021-09-20,0.5993,0.4007,0.19860000000000005
2021-09-21,0.6218,0.3782,0.24360000000000004
2021-09-22,0.5659,0.4341,0.13179999999999997
2021-09-23,0.5359,0.4641,0.07180000000000003
2021-09-24,0.483,0.517,-0.03400000000000003
2021-09-25,0.5344,0.4656,0.06879999999999997
2021-09-26,0.5205,0.4795,0.04099999999999998
2021-09-27,0.5078,0.4922,0.015600000000000003
2021-09-28,0.5537,0.4463,0.1074
2021-09-29,0.5998,0.4002,0.1996
2021-09-30,0.6134,0.3866,0.22679999999999995
2021-10-01,0.4627,0.5373,-0.0746
2021-10-02,0.4614,0.5386,-0.07719999999999999
2021-10-03,0.4855,0.5145,-0.02899999999999997
2021-10-04,0.495,0.505,-0.010000000000000009
2021-10-05,0.4534,0.5466,-0.09319999999999995
2021-10-06,0.4576,0.5424,-0.08479999999999999
2021-10-07,0.5535,0.4465,0.10699999999999998
2021-10-08,0.5974,0.4026,0.19480000000000003
2021-10-09,0.6159,0.3841,0.2318
2021-10-10,0.5932,0.4068,0.18639999999999995
2021-10-11,0.5888,0.4112,0.17759999999999998
2021-10-12,0.5445,0.4555,0.08899999999999997
2021-10-13,0.5812,0.4188,0.16240000000000004
2021-10-14,0.5427,0.4573,0.08539999999999998
2021-10-15,0.5597,0.4403,0.11939999999999995
2021-10-16,0.5874,0.4126,0.1748
2021-10-17,0.6146,0.3854,0.22920000000000001
2021-10-18,0.6306,0.3694,0.26120000000000004
2021-10-19,0.6131,0.3869,0.22619999999999996
2021-10-20,0.5877,0.4123,0.1754
2021-10-21,0.6357,0.3643,0.27140000000000003
2021-10-22,0.6761,0.3239,0.3522
2021-10-23,0.6885,0.3115,0.377
2021-10-24,0.6788,0.3212,0.3576
2021-10-25,0.6915,0.3085,0.383
2021-10-26,0.6573,0.3427,0.3146
2021-10-27,0.7064,0.2936,0.4128
2021-10-28,0.6888,0.3112,0.3776
2021-10-29,0.6978,0.3022,0.39559999999999995
2021-10-30,0.6785,0.3215,0.357
2021-10-31,0.6685,0.3315,0.33699999999999997
2021-11-01,0.6881,0.3119,0.37620000000000003
2021-11-02,0.6787,0.3213,0.3574
2021-11-03,0.6103,0.3897,0.22059999999999996
2021-11-04,0.633,0.367,0.266
2021-11-05,0.6295,0.3705,0.25899999999999995
2021-11-06,0.643,0.357,0.28600000000000003
2021-11-07,0.647,0.353,0.29400000000000004
2021-11-08,0.6289,0.3711,0.25780000000000003
2021-11-09,0.6205,0.3795,0.24100000000000005
2021-11-10,0.625,0.375,0.25
2021-11-11,0.6453,0.3547,0.29059999999999997
2021-11-12,0.6474,0.3526,0.29479999999999995
2021-11-13,0.674,0.326,0.34800000000000003
2021-11-14,0.6693,0.3307,0.3386
2021-11-15,0.6772,0.3228,0.35440000000000005
2021-11-16,0.6866,0.3134,0.3732
2021-11-17,0.687,0.313,0.37400000000000005
2021-11-18,0.6857,0.3143,0.37139999999999995
2021-11-19,0.6901,0.3099,0.38020000000000004
2021-11-20,0.6757,0.3243,0.3514
2021-11-21,0.6773,0.3227,0.3546
2021-11-22,0.6729,0.3271,0.34580000000000005
2021-11-23,0.6958,0.3042,0.39159999999999995
2021-11-24,0.6824,0.3176,0.3648
2021-11-25,0.6853,0.3147,0.37060000000000004
2021-11-26,0.6681,0.3319,0.33620000000000005
2021-11-27,0.7037,0.2963,0.4074
2021-11-28,0.695,0.305,0.38999999999999996
2021-11-29,0.6856,0.3144,0.3712
2021-11-30,0.6656,0.3344,0.3312
2021-12-01,0.6791,0.3209,0.3582
2021-12-02,0.6854,0.3146,0.3708
2021-12-03,0.6952,0.3048,0.3904
2021-12-04,0.7021,0.2979,0.40419999999999995
2021-12-05,0.5804,0.4196,0.16080000000000005
2021-12-06,0.5504,0.4496,0.1008
2021-12-07,0.5507,0.4493,0.10139999999999999
2021-12-08,0.5368,0.4632,0.07360000000000005
2021-12-09,0.5562,0.4438,0.11240000000000006
2021-12-10,0.5687,0.4313,0.13739999999999997
2021-12-11,0.5752,0.4248,0.15040000000000003
2021-12-12,0.5562,0.4438,0.11240000000000006
2021-12-13,0.5465,0.4535,0.09299999999999997
2021-12-14,0.5865,0.4135,0.17300000000000004
2021-12-15,0.573,0.427,0.14599999999999996
2021-12-16,0.572,0.428,0.14399999999999996
2021-12-17,0.59,0.41,0.18
2021-12-18,0.6246,0.3754,0.24920000000000003
2021-12-19,0.6059,0.3941,0.2118
2021-12-20,0.6008,0.3992,0.2016
2021-12-21,0.5989,0.4011,0.19779999999999998
2021-12-22,0.5422,0.4578,0.08440000000000003
2021-12-23,0.5633,0.4367,0.12660000000000005
2021-12-24,0.576,0.424,0.15199999999999997
2021-12-25,0.582,0.418,0.16399999999999998
2021-12-26,0.5871,0.4129,0.17419999999999997
2021-12-27,0.5907,0.4093,0.1814
2021-12-28,0.5783,0.4217,0.15660000000000002
2021-12-29,0.6065,0.3935,0.21300000000000002
2021-12-30,0.6044,0.3956,0.20880000000000004
2021-12-31,0.5945,0.4055,0.189
2022-01-01,0.6197,0.3803,0.2394
2022-01-02,0.6027,0.3973,0.20540000000000003
2022-01-03,0.6073,0.3927,0.21459999999999996
2022-01-04,0.6491,0.3509,0.2982
2022-01-05,0.6414,0.3586,0.2828
2022-01-06,0.6222,0.3778,0.24439999999999995
2022-01-07,0.6225,0.3775,0.24500000000000005
2022-01-08,0.6222,0.3778,0.24439999999999995
2022-01-09,0.6234,0.3766,0.24679999999999996
2022-01-10,0.6158,0.3842,0.23160000000000003
2022-01-11,0.6101,0.3899,0.22019999999999995
2022-01-12,0.58,0.42,0.15999999999999998
2022-01-13,0.5982,0.4018,0.19639999999999996
2022-01-14,0.6055,0.3945,0.21100000000000002
2022-01-15,0.5934,0.4066,0.18680000000000002
2022-01-16,0.5834,0.4166,0.1668
2022-01-17,0.5958,0.4042,0.1916
2022-01-18,0.6204,0.3796,0.24079999999999996
2022-01-19,0.6031,0.3969,0.2062
2022-01-20,0.6069,0.3931,0.2138
2022-01-21,0.6269,0.3731,0.2538
2022-01-22,0.5819,0.4181,0.16379999999999995
2022-01-23,0.5516,0.4484,0.10319999999999996
2022-01-24,0.544,0.456,0.08800000000000002
2022-01-25,0.5132,0.4868,0.02639999999999998
2022-01-26,0.5047,0.4953,0.00940000000000002
2022-01-27,0.4939,0.5061,-0.012199999999999989
2022-01-28,0.4983,0.5017,-0.003400000000000014
2022-01-29,0.4742,0.5258,-0.051600000000000035
2022-01-30,0.4723,0.5277,-0.05539999999999995
2022-01-31,0.4753,0.5247,-0.049400000000000055
2022-02-01,0.4476,0.5524,-0.1048
2022-02-02,0.464,0.536,-0.07200000000000001
2022-02-03,0.4906,0.5094,-0.018799999999999983
2022-02-04,0.4905,0.5095,-0.01899999999999996
2022-02-05,0.4908,0.5092,-0.018399999999999972
2022-02-06,0.4965,0.5035,-0.006999999999999951
2022-02-07,0.5012,0.4988,0.0023999999999999577
2022-02-08,0.5179,0.4821,0.035800000000000054
2022-02-09,0.5292,0.4708,0.05840000000000001
2022-02-10,0.5339,0.4661,0.06780000000000003
2022-02-11,0.5433,0.4567,0.08660000000000001
2022-02-12,0.5503,0.4497,0.10060000000000002
2022-02-13,0.562,0.438,0.12400000000000005
2022-02-14,0.5653,0.4347,0.13060000000000005
2022-02-15,0.5466,0.4534,0.09319999999999995
2022-02-16,0.5544,0.4456,0.10880000000000001
2022-02-17,0.5653,0.4347,0.13060000000000005
2022-02-18,0.5639,0.4361,0.12779999999999997
2022-02-19,0.5509,0.4491,0.10179999999999995
2022-02-20,0.561,0.439,0.12200000000000005
2022-02-21,0.5554,0.4446,0.11080000000000001
2022-02-22,0.5512,0.4488,0.10240000000000005
2022-02-23,0.5118,0.4882,0.02360000000000001
2022-02-24,0.5276,0.4724,0.05519999999999997
2022-02-25,0.518,0.482,0.03600000000000003
2022-02-26,0.5156,0.4844,0.03119999999999995
2022-02-27,0.5203,0.4797,0.04059999999999997
2022-02-28,0.5301,0.4699,0.06020000000000003
2022-03-01,0.5233,0.4767,0.046599999999999975
2022-03-02,0.5128,0.4872,0.02560000000000001
2022-03-03,0.5132,0.4868,0.02639999999999998
2022-03-04,0.5646,0.4354,0.12919999999999998
2022-03-05,0.5629,0.4371,0.12579999999999997
2022-03-06,0.585,0.415,0.16999999999999998
2022-03-07,0.5726,0.4274,0.1452
2022-03-08,0.5699,0.4301,0.13979999999999998
2022-03-09,0.56,0.44,0.12000000000000005
2022-03-10,0.5484,0.4516,0.0968
2022-03-11,0.5748,0.4252,0.14959999999999996
2022-03-12,0.5757,0.4243,0.15139999999999998
2022-03-13,0.5773,0.4227,0.15460000000000002
2022-03-14,0.5842,0.4158,0.16840000000000005
2022-03-15,0.5632,0.4368,0.1264
2022-03-16,0.5229,0.4771,0.04580000000000001
2022-03-17,0.5306,0.4694,0.06119999999999998
2022-03-18,0.543,0.457,0.08600000000000002
2022-03-19,0.5151,0.4849,0.030200000000000005
2022-03-20,0.5156,0.4844,0.03119999999999995
2022-03-21,0.5371,0.4629,0.07420000000000004
2022-03-22,0.5578,0.4422,0.11559999999999998
2022-03-23,0.5434,0.4566,0.08679999999999999
2022-03-24,0.5524,0.4476,0.1048
2022-03-25,0.4848,0.5152,-0.030399999999999983
2022-03-26,0.4909,0.5091,-0.018199999999999994
2022-03-27,0.4972,0.5028,-0.005600000000000049
2022-03-28,0.5167,0.4833,0.03340000000000004
2022-03-29,0.5184,0.4816,0.0368
2022-03-30,0.5371,0.4629,0.07420000000000004
2022-03-31,0.5407,0.4593,0.08139999999999997
2022-04-01,0.5579,0.4421,0.11579999999999996
2022-04-02,0.5814,0.4186,0.1628
2022-04-03,0.5784,0.4216,0.15680000000000005
2022-04-04,0.5825,0.4175,0.16500000000000004
2022-04-05,0.5762,0.4238,0.15240000000000004
2022-04-06,0.6006,0.3994,0.20120000000000005
2022-04-07,0.5797,0.4203,0.1594
2022-04-08,0.5859,0.4141,0.17179999999999995
2022-04-09,0.5877,0.4123,0.1754
2022-04-10,0.5947,0.4053,0.1894
2022-04-11,0.5943,0.4057,0.18860000000000005
2022-04-12,0.582,0.418,0.16399999999999998
2022-04-13,0.5982,0.4018,0.19639999999999996
2022-04-14,0.5785,0.4215,0.15700000000000003
2022-04-15,0.5868,0.4132,0.17359999999999998
2022-04-16,0.586,0.414,0.172
2022-04-17,0.589,0.411,0.178
2022-04-18,0.595,0.405,0.18999999999999995
2022-04-19,0.5779,0.4221,0.1558
2022-04-20,0.5738,0.4262,0.14759999999999995
2022-04-21,0.5644,0.4356,0.12880000000000003
2022-04-22,0.5828,0.4172,0.16559999999999997
2022-04-23,0.6101,0.3899,0.22019999999999995
2022-04-24,0.6021,0.3979,0.2042
2022-04-25,0.5986,0.4014,0.19720000000000004
2022-04-26,0.5918,0.4082,0.18359999999999999
2022-04-27,0.6072,0.3928,0.21439999999999998
2022-04-28,0.5737,0.4263,0.14739999999999998
2022-04-29,0.551,0.449,0.10200000000000004
2022-04-30,0.5796,0.4204,0.1592
2022-05-01,0.6043,0.3957,0.20859999999999995
2022-05-02,0.596,0.404,0.19199999999999995
2022-05-03,0.5896,0.4104,0.17920000000000003
2022-05-04,0.6313,0.3687,0.26259999999999994
2022-05-05,0.5642,0.4358,0.12840000000000001
2022-05-06,0.6245,0.3755,0.24900000000000005
2022-05-07,0.5998,0.4002,0.1996
2022-05-08,0.6053,0.3947,0.21059999999999995
2022-05-09,0.5966,0.4034,0.19320000000000004
2022-05-10,0.5563,0.4437,0.11260000000000003
2022-05-11,0.5785,0.4215,0.15700000000000003
2022-05-12,0.5669,0.4331,0.13379999999999997
2022-05-13,0.5112,0.4888,0.022399999999999975
2022-05-14,0.5015,0.4985,0.002999999999999947
2022-05-15,0.5274,0.4726,0.05479999999999996
2022-05-16,0.5156,0.4844,0.03119999999999995
2022-05-17,0.5205,0.4795,0.04099999999999998
2022-05-18,0.5226,0.4774,0.04519999999999996
2022-05-19,0.5411,0.4589,0.08220000000000005
2022-05-20,0.4821,0.5179,-0.035800000000000054
2022-05-21,0.5621,0.4379,0.12420000000000003
2022-05-22,0.5372,0.4628,0.07440000000000002
2022-05-23,0.4874,0.5126,-0.025199999999999945
2022-05-24,0.5553,0.4447,0.11060000000000003
2022-05-25,0.5797,0.4203,0.1594
2022-05-26,0.5432,0.4568,0.08640000000000003
2022-05-27,0.5296,0.4704,0.059199999999999975
2022-05-28,0.5641,0.4359,0.12820000000000004
2022-05-29,0.5452,0.4548,0.09040000000000004
2022-05-30,0.5221,0.4779,0.04420000000000002
2022-05-31,0.4991,0.5009,-0.0018000000000000238
2022-06-01,0.5028,0.4972,0.005600000000000049
2022-06-02,0.5432,0.4568,0.08640000000000003
2022-06-03,0.526,0.474,0.052000000000000046
2022-06-04,0.5579,0.4421,0.11579999999999996
2022-06-05,0.5527,0.4473,0.1054
2022-06-06,0.5416,0.4584,0.0832
2022-06-07,0.4508,0.5492,-0.09840000000000004
2022-06-08,0.4667,0.5333,-0.06659999999999999
2022-06-09,0.5296,0.4704,0.059199999999999975
2022-06-10,0.5529,0.4471,0.10579999999999995
2022-06-11,0.5874,0.4126,0.1748
2022-06-12,0.5859,0.4141,0.17179999999999995
2022-06-13,0.5768,0.4232,0.15359999999999996
2022-06-14,0.5318,0.4682,0.06360000000000005
2022-06-15,0.5286,0.4714,0.05719999999999997
2022-06-16,0.5363,0.4637,0.0726
2022-06-17,0.57,0.43,0.13999999999999996
2022-06-18,0.5919,0.4081,0.18379999999999996
2022-06-19,0.5269,0.4731,0.053800000000000014
2022-06-20,0.4913,0.5087,-0.017400000000000027
2022-06-21,0.4754,0.5246,-0.049199999999999966
2022-06-22,0.4685,0.5315,-0.06299999999999994
2022-06-23,0.483,0.517,-0.03400000000000003
2022-06-24,0.4697,0.5303,-0.06059999999999999
2022-06-25,0.4776,0.5224,-0.04479999999999995
2022-06-26,0.4678,0.5322,-0.06440000000000001
2022-06-27,0.4792,0.5208,-0.041600000000000026
2022-06-28,0.4909,0.5091,-0.018199999999999994
2022-06-29,0.5385,0.4615,0.07699999999999996
2022-06-30,0.5504,0.4496,0.1008
2022-07-01,0.5248,0.4752,0.04960000000000003
2022-07-02,0.526,0.474,0.052000000000000046
2022-07-03,0.5309,0.4691,0.06180000000000002
2022-07-04,0.5297,0.4703,0.05939999999999995
2022-07-05,0.485,0.515,-0.030000000000000027
2022-07-06,0.4492,0.5508,-0.10159999999999997
2022-07-07,0.458,0.542,-0.08400000000000002
2022-07-08,0.397,0.603,-0.20599999999999996
2022-07-09,0.425,0.575,-0.14999999999999997
2022-07-10,0.4503,0.5497,-0.09939999999999999
2022-07-11,0.5022,0.4978,0.0043999999999999595
2022-07-12,0.5241,0.4759,0.04820000000000002
2022-07-13,0.5556,0.4444,0.11119999999999997
2022-07-14,0.5229,0.4771,0.04580000000000001
2022-07-15,0.4904,0.5096,-0.01920000000000005
2022-07-16,0.4774,0.5226,-0.04519999999999996
2022-07-17,0.4551,0.5449,-0.08980000000000005
2022-07-18,0.4733,0.5267,-0.05339999999999995
2022-07-19,0.4539,0.5461,-0.0922
2022-07-20,0.422,0.578,-0.15599999999999997
2022-07-21,0.4422,0.5578,-0.11559999999999998
2022-07-22,0.4791,0.5209,-0.041800000000000004
2022-07-23,0.4868,0.5132,-0.02639999999999998
2022-07-24,0.51,0.49,0.020000000000000018
2022-07-25,0.4808,0.5192,-0.03839999999999999
2022-07-26,0.5317,0.4683,0.06339999999999996
2022-07-27,0.5217,0.4783,0.04340000000000005
2022-07-28,0.4294,0.5706,-0.1412
2022-07-29,0.4136,0.5864,-0.1728
2022-07-30,0.4057,0.5943,-0.18860000000000005
2022-07-31,0.4171,0.5829,-0.16579999999999995
2022-08-01,0.4398,0.5602,-0.12040000000000001
2022-08-02,0.4529,0.5471,-0.0942
2022-08-03,0.4736,0.5264,-0.05279999999999996
2022-08-04,0.4878,0.5122,-0.024399999999999977
2022-08-05,0.5182,0.4818,0.03639999999999999
2022-08-06,0.4954,0.5046,-0.009200000000000041
2022-08-07,0.5044,0.4956,0.008799999999999975
2022-08-08,0.4963,0.5037,-0.007400000000000018
2022-08-09,0.4579,0.5421,-0.08420000000000005
2022-08-10,0.5663,0.4337,0.13260000000000005
2022-08-11,0.4918,0.5082,-0.01639999999999997
2022-08-12,0.4803,0.5197,-0.039400000000000046
2022-08-13,0.4992,0.5008,-0.0016000000000000458
2022-08-14,0.4675,0.5325,-0.06499999999999995
2022-08-15,0.4909,0.5091,-0.018199999999999994
2022-08-16,0.5087,0.4913,0.017400000000000027
2022-08-17,0.5221,0.4779,0.04420000000000002
2022-08-18,0.5517,0.4483,0.10339999999999999
2022-08-19,0.5223,0.4777,0.04459999999999997
2022-08-20,0.5718,0.4282,0.14359999999999995
2022-08-21,0.5879,0.4121,0.17579999999999996
2022-08-22,0.5609,0.4391,0.12179999999999996
2022-08-23,0.5752,0.4248,0.15040000000000003
2022-08-24,0.5319,0.4681,0.06380000000000002
2022-08-25,0.5195,0.4805,0.03899999999999998
2022-08-26,0.5531,0.4469,0.10620000000000002
2022-08-27,0.5665,0.4335,0.133
2022-08-28,0.5703,0.4297,0.1406
2022-08-29,0.5767,0.4233,0.15339999999999998
2022-08-30,0.5645,0.4355,0.129
2022-08-31,0.6056,0.3944,0.21120000000000005
2022-09-01,0.5788,0.4212,0.15759999999999996
2022-09-02,0.5943,0.4057,0.18860000000000005
2022-09-03,0.5897,0.4103,0.1794
2022-09-04,0.633,0.367,0.266
2022-09-05,0.618,0.382,0.236
2022-09-06,0.631,0.369,0.262
2022-09-07,0.6417,0.3583,0.28340000000000004
2022-09-08,0.5709,0.4291,0.14179999999999998
2022-09-09,0.5618,0.4382,0.12359999999999999
2022-09-10,0.4455,0.5545,-0.10899999999999999
2022-09-11,0.4219,0.5781,-0.15619999999999995
2022-09-12,0.4148,0.5852,-0.17040000000000005
2022-09-13,0.4063,0.5937,-0.1874
2022-09-14,0.5434,0.4566,0.08679999999999999
2022-09-15,0.5833,0.4167,0.16660000000000003
2022-09-16,0.6195,0.3805,0.23900000000000005
2022-09-17,0.6092,0.3908,0.21839999999999998
2022-09-18,0.6056,0.3944,0.21120000000000005
2022-09-19,0.6399,0.3601,0.27980000000000005
2022-09-20,0.5732,0.4268,0.14640000000000003
2022-09-21,0.5949,0.4051,0.18979999999999997
2022-09-22,0.6141,0.3859,0.22819999999999996
2022-09-23,0.5605,0.4395,0.121
2022-09-24,0.5743,0.4257,0.1486
2022-09-25,0.5794,0.4206,0.15880000000000005
2022-09-26,0.5889,0.4111,0.17779999999999996
2022-09-27,0.5557,0.4443,0.1114
2022-09-28,0.5927,0.4073,0.1854
2022-09-29,0.5047,0.4953,0.00940000000000002
2022-09-30,0.536,0.464,0.07200000000000001
2022-10-01,0.55,0.45,0.10000000000000003
2022-10-02,0.5693,0.4307,0.1386
2022-10-03,0.6038,0.3962,0.2076
2022-10-04,0.5277,0.4723,0.05539999999999995
2022-10-05,0.445,0.555,-0.11000000000000004
2022-10-06,0.4839,0.5161,-0.032200000000000006
2022-10-07,0.5139,0.4861,0.027800000000000047
2022-10-08,0.5934,0.4066,0.18680000000000002
2022-10-09,0.6016,0.3984,0.20320000000000005
2022-10-10,0.6074,0.3926,0.21480000000000005
2022-10-11,0.6318,0.3682,0.2636
2022-10-12,0.6372,0.3628,0.2744
2022-10-13,0.6143,0.3857,0.22859999999999997
2022-10-14,0.5879,0.4121,0.17579999999999996
2022-10-15,0.6046,0.3954,0.20920000000000005
2022-10-16,0.6156,0.3844,0.23120000000000002
2022-10-17,0.6195,0.3805,0.23900000000000005
2022-10-18,0.5648,0.4352,0.1296
2022-10-19,0.6057,0.3943,0.21140000000000003
2022-10-20,0.6325,0.3675,0.26499999999999996
2022-10-21,0.6566,0.3434,0.3132
2022-10-22,0.6218,0.3782,0.24360000000000004
2022-10-23,0.6039,0.3961,0.20779999999999998
2022-10-24,0.5544,0.4456,0.10880000000000001
2022-10-25,0.6136,0.3864,0.2272
2022-10-26,0.459,0.541,-0.08200000000000002
2022-10-27,0.4535,0.5465,-0.09299999999999997
2022-10-28,0.4895,0.5105,-0.020999999999999963
2022-10-29,0.5018,0.4982,0.0036000000000000476
2022-10-30,0.4544,0.5456,-0.09119999999999995
2022-10-31,0.4617,0.5383,-0.0766
2022-11-01,0.5202,0.4798,0.04039999999999999
2022-11-02,0.5212,0.4788,0.04239999999999999
2022-11-03,0.5522,0.4478,0.10440000000000005
2022-11-04,0.5406,0.4594,0.0812
2022-11-05,0.4575,0.5425,-0.08499999999999996
2022-11-06,0.437,0.563,-0.12599999999999995
2022-11-07,0.4707,0.5293,-0.058599999999999985
2022-11-08,0.5604,0.4396,0.12080000000000002
2022-11-09,0.6301,0.3699,0.2602
2022-11-10,0.5811,0.4189,0.16219999999999996
2022-11-11,0.549,0.451,0.09800000000000003
2022-11-12,0.5682,0.4318,0.13640000000000002
2022-11-13,0.5593,0.4407,0.11860000000000004
2022-11-14,0.5753,0.4247,0.1506
2022-11-15,0.5754,0.4246,0.15080000000000005
2022-11-16,0.5237,0.4763,0.04740000000000005
2022-11-17,0.58,0.42,0.15999999999999998
2022-11-18,0.5209,0.4791,0.041800000000000004
2022-11-19,0.5449,0.4551,0.08980000000000005
2022-11-20,0.5454,0.4546,0.09079999999999999
2022-11-21,0.5804,0.4196,0.16080000000000005
2022-11-22,0.6132,0.3868,0.2264
2022-11-23,0.5622,0.4378,0.12440000000000001
2022-11-24,0.5208,0.4792,0.041600000000000026
2022-11-25,0.4962,0.5038,-0.007600000000000051
2022-11-26,0.5134,0.4866,0.02679999999999999
2022-11-27,0.5204,0.4796,0.04079999999999995
2022-11-28,0.5265,0.4735,0.05299999999999999
2022-11-29,0.5734,0.4266,0.14680000000000004
2022-11-30,0.5208,0.4792,0.041600000000000026
2022-12-01,0.4908,0.5092,-0.018399999999999972
2022-12-02,0.5019,0.4981,0.0038000000000000256
2022-12-03,0.5005,0.4995,0.0009999999999999454
2022-12-04,0.5082,0.4918,0.01639999999999997
2022-12-05,0.4993,0.5007,-0.0014000000000000123
2022-12-06,0.5477,0.4523,0.09539999999999998
2022-12-07,0.5292,0.4708,0.05840000000000001
2022-12-08,0.558,0.442,0.11600000000000005
2022-12-09,0.467,0.533,-0.066
2022-12-10,0.4661,0.5339,-0.06780000000000003
2022-12-11,0.4688,0.5312,-0.06240000000000001
2022-12-12,0.4796,0.5204,-0.04079999999999995
2022-12-13,0.4938,0.5062,-0.012399999999999967
2022-12-14,0.4281,0.5719,-0.14379999999999998
2022-12-15,0.4173,0.5827,-0.1654
2022-12-16,0.5085,0.4915,0.01699999999999996
2022-12-17,0.5796,0.4204,0.1592
2022-12-18,0.5867,0.4133,0.1734
2022-12-19,0.5871,0.4129,0.17419999999999997
2022-12-20,0.594,0.406,0.18799999999999994
2022-12-21,0.5459,0.4541,0.09180000000000005
2022-12-22,0.5478,0.4522,0.09559999999999996
2022-12-23,0.5765,0.4235,0.15300000000000002
2022-12-24,0.5645,0.4355,0.129
2022-12-25,0.5557,0.4443,0.1114
2022-12-26,0.5556,0.4444,0.11119999999999997
2022-12-27,0.5554,0.4446,0.11080000000000001
2022-12-28,0.6021,0.3979,0.2042
2022-12-29,0.6203,0.3797,0.24059999999999998
2022-12-30,0.6262,0.3738,0.25239999999999996
2022-12-31,0.6311,0.3689,0.2622
2023-01-01,0.6276,0.3724,0.25520000000000004
2023-01-02,0.6228,0.3772,0.24560000000000004
2023-01-03,0.6083,0.3917,0.21659999999999996
2023-01-04,0.6018,0.3982,0.2036
2023-01-05,0.551,0.449,0.10200000000000004
2023-01-06,0.5586,0.4414,0.11719999999999997
2023-01-07,0.5318,0.4682,0.06360000000000005
2023-01-08,0.5241,0.4759,0.04820000000000002
2023-01-09,0.5228,0.4772,0.04560000000000003
2023-01-10,0.438,0.562,-0.12400000000000005
2023-01-11,0.4256,0.5744,-0.14880000000000004
2023-01-12,0.4267,0.5733,-0.1466
2023-01-13,0.4283,0.5717,-0.14339999999999997
2023-01-14,0.4288,0.5712,-0.14240000000000003
2023-01-15,0.4776,0.5224,-0.04479999999999995
2023-01-16,0.4753,0.5247,-0.049400000000000055
2023-01-17,0.452,0.548,-0.09600000000000003
2023-01-18,0.4444,0.5556,-0.11119999999999997
2023-01-19,0.4511,0.5489,-0.09780000000000005
2023-01-20,0.4424,0.5576,-0.11519999999999997
2023-01-21,0.4822,0.5178,-0.03560000000000002
2023-01-22,0.4796,0.5204,-0.04079999999999995
2023-01-23,0.4901,0.5099,-0.01980000000000004
2023-01-24,0.5026,0.4974,0.005200000000000038
2023-01-25,0.5233,0.4767,0.046599999999999975
2023-01-26,0.5134,0.4866,0.02679999999999999
2023-01-27,0.5319,0.4681,0.06380000000000002
2023-01-28,0.5134,0.4866,0.02679999999999999
2023-01-29,0.5353,0.4647,0.0706
2023-01-30,0.4858,0.5142,-0.02839999999999998
2023-01-31,0.5248,0.4752,0.04960000000000003
2023-02-01,0.5023,0.4977,0.004599999999999993
2023-02-02,0.4569,0.5431,-0.08620000000000005
2023-02-03,0.4843,0.5157,-0.03140000000000004
2023-02-04,0.5198,0.4802,0.039600000000000024
2023-02-05,0.5301,0.4699,0.06020000000000003
2023-02-06,0.5587,0.4413,0.11739999999999995
2023-02-07,0.5497,0.4503,0.09939999999999999
2023-02-08,0.5195,0.4805,0.03899999999999998
2023-02-09,0.5596,0.4404,0.11919999999999997
2023-02-10,0.5652,0.4348,0.13040000000000002
2023-02-11,0.5862,0.4138,0.17240000000000005
2023-02-12,0.5843,0.4157,0.16860000000000003
2023-02-13,0.5849,0.4151,0.16979999999999995
2023-02-14,0.5911,0.4089,0.18219999999999997
2023-02-15,0.5308,0.4692,0.061600000000000044
2023-02-16,0.4818,0.5182,-0.03639999999999999
2023-02-17,0.4813,0.5187,-0.037400000000000044
2023-02-18,0.472,0.528,-0.05600000000000005
2023-02-19,0.476,0.524,-0.04800000000000004
2023-02-20,0.4903,0.5097,-0.01940000000000003
2023-02-21,0.4922,0.5078,-0.015600000000000003
2023-02-22,0.5567,0.4433,0.11339999999999995
2023-02-23,0.583,0.417,0.16599999999999998
2023-02-24,0.6066,0.3934,0.2132
2023-02-25,0.6228,0.3772,0.24560000000000004
2023-02-26,0.621,0.379,0.242
2023-02-27,0.5788,0.4212,0.15759999999999996
2023-02-28,0.565,0.435,0.12999999999999995
2023-03-01,0.5597,0.4403,0.11939999999999995
2023-03-02,0.5577,0.4423,0.11539999999999995
2023-03-03,0.5743,0.4257,0.1486
2023-03-04,0.6151,0.3849,0.23019999999999996
2023-03-05,0.5992,0.4008,0.19839999999999997
2023-03-06,0.5954,0.4046,0.19080000000000003
2023-03-07,0.5678,0.4322,0.1356
2023-03-08,0.5903,0.4097,0.18060000000000004
2023-03-09,0.5924,0.4076,0.18480000000000002
2023-03-10,0.6071,0.3929,0.21419999999999995
2023-03-11,0.5882,0.4118,0.17639999999999995
2023-03-12,0.5561,0.4439,0.11220000000000002
2023-03-13,0.5041,0.4959,0.008199999999999985
2023-03-14,0.4804,0.5196,-0.03919999999999996
2023-03-15,0.5379,0.4621,0.07580000000000003
2023-03-16,0.5304,0.4696,0.060799999999999965
2023-03-17,0.5226,0.4774,0.04519999999999996
2023-03-18,0.5034,0.4966,0.006799999999999973
2023-03-19,0.4951,0.5049,-0.009800000000000031
2023-03-20,0.4949,0.5051,-0.010199999999999987
2023-03-21,0.4892,0.5108,-0.021600000000000008
2023-03-22,0.4713,0.5287,-0.05739999999999995
2023-03-23,0.4704,0.5296,-0.059199999999999975
2023-03-24,0.4527,0.5473,-0.09460000000000002
2023-03-25,0.4784,0.5216,-0.04319999999999996
2023-03-26,0.471,0.529,-0.05800000000000005
2023-03-27,0.4585,0.5415,-0.08299999999999996
2023-03-28,0.4925,0.5075,-0.014999999999999958
2023-03-29,0.4652,0.5348,-0.06960000000000005
2023-03-30,0.4402,0.5598,-0.11959999999999998
2023-03-31,0.476,0.524,-0.04800000000000004
2023-04-01,0.4527,0.5473,-0.09460000000000002
2023-04-02,0.4613,0.5387,-0.07739999999999997
2023-04-03,0.4942,0.5058,-0.011600000000000055
2023-04-04,0.5241,0.4759,0.04820000000000002
2023-04-05,0.4955,0.5045,-0.008999999999999952
2023-04-06,0.5266,0.4734,0.05319999999999997
2023-04-07,0.5357,0.4643,0.07139999999999996
2023-04-08,0.5399,0.4601,0.07980000000000004
2023-04-09,0.5399,0.4601,0.07980000000000004
2023-04-10,0.5037,0.4963,0.007400000000000018
2023-04-11,0.446,0.554,-0.10800000000000004
2023-04-12,0.4695,0.5305,-0.061
2023-04-13,0.4961,0.5039,-0.007800000000000029
2023-04-14,0.4717,0.5283,-0.056599999999999984
2023-04-15,0.5154,0.4846,0.030799999999999994
2023-04-16,0.5119,0.4881,0.023800000000000043
2023-04-17,0.529,0.471,0.05800000000000005
2023-04-18,0.5541,0.4459,0.10820000000000002
2023-04-19,0.5238,0.4762,0.04760000000000003
2023-04-20,0.5758,0.4242,0.15159999999999996
2023-04-21,0.6047,0.3953,0.20940000000000003
2023-04-22,0.5947,0.4053,0.1894
2023-04-23,0.602,0.398,0.20399999999999996
2023-04-24,0.5912,0.4088,0.18239999999999995
2023-04-25,0.5906,0.4094,0.18120000000000003
2023-04-26,0.5672,0.4328,0.13440000000000002
2023-04-27,0.5347,0.4653,0.06939999999999996
2023-04-28,0.484,0.516,-0.03200000000000003
2023-04-29,0.5256,0.4744,0.05119999999999997
2023-04-30,0.5068,0.4932,0.013600000000000001
2023-05-01,0.5015,0.4985,0.002999999999999947
2023-05-02,0.5877,0.4123,0.1754
2023-05-03,0.5155,0.4845,0.030999999999999972
2023-05-04,0.5205,0.4795,0.04099999999999998
2023-05-05,0.5427,0.4573,0.08539999999999998
2023-05-06,0.4813,0.5187,-0.037400000000000044
2023-05-07,0.5371,0.4629,0.07420000000000004
2023-05-08,0.5324,0.4676,0.06479999999999997
2023-05-09,0.633,0.367,0.266
2023-05-10,0.5877,0.4123,0.1754
2023-05-11,0.5701,0.4299,0.14020000000000005
2023-05-12,0.6361,0.3639,0.2722
2023-05-13,0.606,0.394,0.21199999999999997
2023-05-14,0.6119,0.3881,0.2238
2023-05-15,0.6046,0.3954,0.20920000000000005
2023-05-16,0.5494,0.4506,0.0988
2023-05-17,0.5979,0.4021,0.19579999999999997
2023-05-18,0.5286,0.4714,0.05719999999999997
2023-05-19,0.6317,0.3683,0.2634
2023-05-20,0.5657,0.4343,0.13139999999999996
2023-05-21,0.5441,0.4559,0.0882
2023-05-22,0.5994,0.4006,0.19880000000000003
2023-05-23,0.548,0.452,0.09600000000000003
2023-05-24,0.5187,0.4813,0.037400000000000044
2023-05-25,0.6661,0.3339,0.33220000000000005
2023-05-26,0.6251,0.3749,0.2502
2023-05-27,0.5105,0.4895,0.020999999999999963
2023-05-28,0.5154,0.4846,0.030799999999999994
2023-05-29,0.4649,0.5351,-0.07020000000000004
2023-05-30,0.5473,0.4527,0.09460000000000002
2023-05-31,0.5557,0.4443,0.1114
2023-06-01,0.6304,0.3696,0.2608
2023-06-02,0.6395,0.3605,0.27899999999999997
2023-06-03,0.6154,0.3846,0.23079999999999995
2023-06-04,0.6282,0.3718,0.25639999999999996
2023-06-05,0.5634,0.4366,0.12680000000000002
2023-06-06,0.6997,0.3003,0.3994
2023-06-07,0.5298,0.4702,0.05960000000000004
2023-06-08,0.634,0.366,0.268
2023-06-09,0.6162,0.3838,0.2324
2023-06-10,0.6171,0.3829,0.23419999999999996
2023-06-11,0.6366,0.3634,0.27320000000000005
2023-06-12,0.6072,0.3928,0.21439999999999998
2023-06-13,0.5955,0.4045,0.191
2023-06-14,0.6199,0.3801,0.2398
2023-06-15,0.6893,0.3107,0.37860000000000005
2023-06-16,0.6629,0.3371,0.32580000000000003
2023-06-17,0.5115,0.4885,0.022999999999999965
2023-06-18,0.527,0.473,0.05400000000000005
2023-06-19,0.5243,0.4757,0.04859999999999998
2023-06-20,0.528,0.472,0.05600000000000005
2023-06-21,0.4357,0.5643,-0.12860000000000005
2023-06-22,0.4462,0.5538,-0.10759999999999997
2023-06-23,0.4446,0.5554,-0.11080000000000001
2023-06-24,0.4579,0.5421,-0.08420000000000005
2023-06-25,0.4677,0.5323,-0.06459999999999999
2023-06-26,0.4802,0.5198,-0.039600000000000024
2023-06-27,0.4943,0.5057,-0.011400000000000021
2023-06-28,0.4828,0.5172,-0.034399999999999986
2023-06-29,0.5156,0.4844,0.03119999999999995
2023-06-30,0.4801,0.5199,-0.0398
2023-07-01,0.5088,0.4912,0.017600000000000005
2023-07-02,0.5019,0.4981,0.0038000000000000256
2023-07-03,0.5022,0.4978,0.0043999999999999595
2023-07-04,0.4669,0.5331,-0.06620000000000004
2023-07-05,0.5044,0.4956,0.008799999999999975
2023-07-06,0.5213,0.4787,0.04259999999999997
2023-07-07,0.5456,0.4544,0.09119999999999995
2023-07-08,0.5455,0.4545,0.09099999999999997
2023-07-09,0.5471,0.4529,0.0942
2023-07-10,0.5454,0.4546,0.09079999999999999
2023-07-11,0.4953,0.5047,-0.00940000000000002
2023-07-12,0.4876,0.5124,-0.02479999999999999
2023-07-13,0.5279,0.4721,0.055800000000000016
2023-07-14,0.4748,0.5252,-0.0504
2023-07-15,0.5729,0.4271,0.14579999999999999
2023-07-16,0.5667,0.4333,0.13339999999999996
2023-07-17,0.5782,0.4218,0.15640000000000004
2023-07-18,0.5929,0.4071,0.18579999999999997
2023-07-19,0.6072,0.3928,0.21439999999999998
2023-07-20,0.6066,0.3934,0.2132
2023-07-21,0.6075,0.3925,0.21500000000000002
2023-07-22,0.5869,0.4131,0.17379999999999995
2023-07-23,0.5971,0.4029,0.19419999999999998
2023-07-24,0.5713,0.4287,0.1426
2023-07-25,0.65,0.35,0.30000000000000004
2023-07-26,0.6124,0.3876,0.22480000000000006
2023-07-27,0.5737,0.4263,0.14739999999999998
2023-07-28,0.5884,0.4116,0.1768
2023-07-29,0.5713,0.4287,0.1426
2023-07-30,0.569,0.431,0.13799999999999996
2023-07-31,0.5765,0.4235,0.15300000000000002
2023-08-01,0.6124,0.3876,0.22480000000000006
2023-08-02,0.6074,0.3926,0.21480000000000005
2023-08-03,0.6361,0.3639,0.2722
2023-08-04,0.5934,0.4066,0.18680000000000002
2023-08-05,0.6183,0.3817,0.23659999999999998
2023-08-06,0.6235,0.3765,0.24700000000000005
2023-08-07,0.6003,0.3997,0.20059999999999995
2023-08-08,0.6001,0.3999,0.2002
2023-08-09,0.4972,0.5028,-0.005600000000000049
2023-08-10,0.5529,0.4471,0.10579999999999995
2023-08-11,0.5732,0.4268,0.14640000000000003
2023-08-12,0.5894,0.4106,0.17880000000000001
2023-08-13,0.5887,0.4113,0.1774
2023-08-14,0.6204,0.3796,0.24079999999999996
2023-08-15,0.6157,0.3843,0.23140000000000005
2023-08-16,0.6539,0.3461,0.3078
2023-08-17,0.6757,0.3243,0.3514
2023-08-18,0.6485,0.3515,0.297
2023-08-19,0.6274,0.3726,0.25479999999999997
2023-08-20,0.6323,0.3677,0.26459999999999995
2023-08-21,0.638,0.362,0.276
2023-08-22,0.612,0.388,0.22399999999999998
2023-08-23,0.6292,0.3708,0.25839999999999996
2023-08-24,0.598,0.402,0.19599999999999995
2023-08-25,0.6458,0.3542,0.2916
2023-08-26,0.6084,0.3916,0.21680000000000005
2023-08-27,0.6055,0.3945,0.21100000000000002
2023-08-28,0.5868,0.4132,0.17359999999999998
2023-08-29,0.5802,0.4198,0.16040000000000004
2023-08-30,0.4949,0.5051,-0.010199999999999987
2023-08-31,0.5472,0.4528,0.09440000000000004
2023-09-01,0.6209,0.3791,0.24180000000000001
2023-09-02,0.6201,0.3799,0.24019999999999997
2023-09-03,0.6122,0.3878,0.2244
2023-09-04,0.6087,0.3913,0.21740000000000004
2023-09-05,0.6232,0.3768,0.24639999999999995
2023-09-06,0.6284,0.3716,0.2568
2023-09-07,0.6384,0.3616,0.2768
2023-09-08,0.6003,0.3997,0.20059999999999995
2023-09-09,0.602,0.398,0.20399999999999996
2023-09-10,0.5923,0.4077,0.18460000000000004
2023-09-11,0.5897,0.4103,0.1794
2023-09-12,0.6408,0.3592,0.2816
2023-09-13,0.5718,0.4282,0.14359999999999995
2023-09-14,0.5561,0.4439,0.11220000000000002
2023-09-15,0.526,0.474,0.052000000000000046
2023-09-16,0.5469,0.4531,0.09380000000000005
2023-09-17,0.5524,0.4476,0.1048
2023-09-18,0.5475,0.4525,0.09499999999999997
2023-09-19,0.5225,0.4775,0.044999999999999984
2023-09-20,0.5119,0.4881,0.023800000000000043
2023-09-21,0.5375,0.4625,0.07499999999999996
2023-09-22,0.5588,0.4412,0.11759999999999998
2023-09-23,0.5519,0.4481,0.10379999999999995
2023-09-24,0.5567,0.4433,0.11339999999999995
2023-09-25,0.5582,0.4418,0.1164
2023-09-26,0.5778,0.4222,0.15559999999999996
2023-09-27,0.5827,0.4173,0.1654
2023-09-28,0.559,0.441,0.11800000000000005
2023-09-29,0.4884,0.5116,-0.023200000000000054
2023-09-30,0.5292,0.4708,0.05840000000000001
2023-10-01,0.5303,0.4697,0.06059999999999999
2023-10-02,0.5153,0.4847,0.03059999999999996
2023-10-03,0.5192,0.4808,0.03839999999999999
2023-10-04,0.5505,0.4495,0.10099999999999998
2023-10-05,0.5439,0.4561,0.08780000000000004
2023-10-06,0.5304,0.4696,0.060799999999999965
2023-10-07,0.4912,0.5088,-0.017600000000000005
2023-10-08,0.4888,0.5112,-0.022399999999999975
2023-10-09,0.5056,0.4944,0.011200000000000043
2023-10-10,0.5189,0.4811,0.0378
2023-10-11,0.5513,0.4487,0.10260000000000002
2023-10-12,0.6034,0.3966,0.20680000000000004
2023-10-13,0.5838,0.4162,0.16759999999999997
2023-10-14,0.5823,0.4177,0.16460000000000002
2023-10-15,0.5808,0.4192,0.16159999999999997
2023-10-16,0.5516,0.4484,0.10319999999999996
2023-10-17,0.5009,0.4991,0.0018000000000000238
2023-10-18,0.4876,0.5124,-0.02479999999999999
2023-10-19,0.4993,0.5007,-0.0014000000000000123
2023-10-20,0.4679,0.5321,-0.06420000000000003
2023-10-21,0.4494,0.5506,-0.10119999999999996
2023-10-22,0.4374,0.5626,-0.12519999999999998
2023-10-23,0.4431,0.5569,-0.11379999999999996
2023-10-24,0.5072,0.4928,0.014399999999999968
2023-10-25,0.5215,0.4785,0.04299999999999998
2023-10-26,0.5253,0.4747,0.05059999999999998
2023-10-27,0.5304,0.4696,0.060799999999999965
2023-10-28,0.5408,0.4592,0.08159999999999995
2023-10-29,0.555,0.445,0.11000000000000004
2023-10-30,0.5548,0.4452,0.10959999999999998
2023-10-31,0.5634,0.4366,0.12680000000000002
2023-11-01,0.553,0.447,0.10600000000000004
2023-11-02,0.5477,0.4523,0.09539999999999998
2023-11-03,0.5468,0.4532,0.09359999999999996
2023-11-04,0.5575,0.4425,0.11499999999999999
2023-11-05,0.5466,0.4534,0.09319999999999995
2023-11-06,0.5394,0.4606,0.07879999999999998
2023-11-07,0.5553,0.4447,0.11060000000000003
2023-11-08,0.5258,0.4742,0.051600000000000035
2023-11-09,0.5272,0.4728,0.054400000000000004
2023-11-10,0.5627,0.4373,0.12539999999999996
2023-11-11,0.5502,0.4498,0.10040000000000004
2023-11-12,0.5513,0.4487,0.10260000000000002
2023-11-13,0.5598,0.4402,0.11959999999999998
2023-11-14,0.5663,0.4337,0.13260000000000005
2023-11-15,0.5898,0.4102,0.17959999999999998
2023-11-16,0.5321,0.4679,0.06420000000000003
2023-11-17,0.6061,0.3939,0.2122
2023-11-18,0.5913,0.4087,0.18260000000000004
2023-11-19,0.583,0.417,0.16599999999999998
2023-11-20,0.5589,0.4411,0.11779999999999996
2023-11-21,0.542,0.458,0.08400000000000002
2023-11-22,0.5667,0.4333,0.13339999999999996
2023-11-23,0.535,0.465,0.07
2023-11-24,0.5442,0.4558,0.08840000000000003
2023-11-25,0.5346,0.4654,0.06919999999999998
2023-11-26,0.5434,0.4566,0.08679999999999999
2023-11-27,0.5588,0.4412,0.11759999999999998
2023-11-28,0.5878,0.4122,0.17559999999999998
2023-11-29,0.4962,0.5038,-0.007600000000000051
2023-11-30,0.5162,0.4838,0.032399999999999984
2023-12-01,0.5619,0.4381,0.12379999999999997
2023-12-02,0.4888,0.5112,-0.022399999999999975
2023-12-03,0.5077,0.4923,0.015400000000000025
2023-12-04,0.5164,0.4836,0.032799999999999996
2023-12-05,0.5331,0.4669,0.06620000000000004
2023-12-06,0.5764,0.4236,0.15280000000000005
2023-12-07,0.6046,0.3954,0.20920000000000005
2023-12-08,0.5875,0.4125,0.17500000000000004
2023-12-09,0.5942,0.4058,0.18839999999999996
2023-12-10,0.5929,0.4071,0.18579999999999997
2023-12-11,0.6045,0.3955,0.20900000000000002
2023-12-12,0.6409,0.3591,0.28180000000000005
2023-12-13,0.654,0.346,0.30800000000000005
2023-12-14,0.6191,0.3809,0.23819999999999997
2023-12-15,0.6205,0.3795,0.24100000000000005
2023-12-16,0.6482,0.3518,0.2964
2023-12-17,0.6403,0.3597,0.28059999999999996
2023-12-18,0.6212,0.3788,0.24239999999999995
2023-12-19,0.5999,0.4001,0.19979999999999998
2023-12-20,0.6075,0.3925,0.21500000000000002
2023-12-21,0.5483,0.4517,0.09660000000000002
2023-12-22,0.5732,0.4268,0.14640000000000003
2023-12-23,0.576,0.424,0.15199999999999997
2023-12-24,0.5818,0.4182,0.16359999999999997
2023-12-25,0.6007,0.3993,0.20140000000000002
2023-12-26,0.6164,0.3836,0.23279999999999995
2023-12-27,0.6368,0.3632,0.2736
2023-12-28,0.6048,0.3952,0.2096
2023-12-29,0.6486,0.3514,0.29719999999999996
2023-12-30,0.6623,0.3377,0.3246
2023-12-31,0.6328,0.3672,0.2656
2024-01-01,0.6483,0.3517,0.2966
2024-01-02,0.5938,0.4062,0.1876
2024-01-03,0.5802,0.4198,0.16040000000000004
2024-01-04,0.6721,0.3279,0.3442
2024-01-05,0.637,0.363,0.274
2024-01-06,0.647,0.353,0.29400000000000004
2024-01-07,0.6544,0.3456,0.30879999999999996
2024-01-08,0.6646,0.3354,0.3292
2024-01-09,0.5414,0.4586,0.08279999999999998
2024-01-10,0.6577,0.3423,0.31539999999999996
2024-01-11,0.6897,0.3103,0.37939999999999996
2024-01-12,0.6747,0.3253,0.3494
2024-01-13,0.7115,0.2885,0.42300000000000004
2024-01-14,0.6958,0.3042,0.39159999999999995
2024-01-15,0.7211,0.2789,0.4422
2024-01-16,0.7223,0.2777,0.44460000000000005
2024-01-17,0.6573,0.3427,0.3146
2024-01-18,0.6753,0.3247,0.3506
2024-01-19,0.6907,0.3093,0.38139999999999996
2024-01-20,0.6905,0.3095,0.381
2024-01-21,0.698,0.302,0.39599999999999996
2024-01-22,0.6979,0.3021,0.3958
2024-01-23,0.6827,0.3173,0.36539999999999995
2024-01-24,0.6845,0.3155,0.369
2024-01-25,0.6718,0.3282,0.34359999999999996
2024-01-26,0.6773,0.3227,0.3546
2024-01-27,0.606,0.394,0.21199999999999997
2024-01-28,0.6158,0.3842,0.23160000000000003
2024-01-29,0.6336,0.3664,0.26720000000000005
2024-01-30,0.6003,0.3997,0.20059999999999995
2024-01-31,0.5537,0.4463,0.1074
2024-02-01,0.6009,0.3991,0.20179999999999998
2024-02-02,0.5958,0.4042,0.1916
2024-02-03,0.6095,0.3905,0.21900000000000003
2024-02-04,0.5806,0.4194,0.1612
2024-02-05,0.6169,0.3831,0.2338
2024-02-06,0.6606,0.3394,0.3212
2024-02-07,0.6015,0.3985,0.203
2024-02-08,0.5587,0.4413,0.11739999999999995
2024-02-09,0.4899,0.5101,-0.020199999999999996
2024-02-10,0.4916,0.5084,-0.01679999999999998
2024-02-11,0.4711,0.5289,-0.05780000000000002
2024-02-12,0.4947,0.5053,-0.010599999999999998
2024-02-13,0.4714,0.5286,-0.05719999999999997
2024-02-14,0.5115,0.4885,0.022999999999999965
2024-02-15,0.4616,0.5384,-0.07679999999999998
2024-02-16,0.4954,0.5046,-0.009200000000000041
2024-02-17,0.4869,0.5131,-0.0262
2024-02-18,0.5096,0.4904,0.01920000000000005
2024-02-19,0.5017,0.4983,0.003400000000000014
2024-02-20,0.5389,0.4611,0.07780000000000004
2024-02-21,0.5287,0.4713,0.05739999999999995
2024-02-22,0.5623,0.4377,0.12460000000000004
2024-02-23,0.5424,0.4576,0.08479999999999999
2024-02-24,0.5801,0.4199,0.16019999999999995
2024-02-25,0.5677,0.4323,0.13539999999999996
2024-02-26,0.553,0.447,0.10600000000000004
2024-02-27,0.5025,0.4975,0.004999999999999949
2024-02-28,0.5171,0.4829,0.03420000000000001
2024-02-29,0.6038,0.3962,0.2076
2024-03-01,0.6323,0.3677,0.26459999999999995
2024-03-02,0.6291,0.3709,0.2582
2024-03-03,0.6316,0.3684,0.26320000000000005
2024-03-04,0.653,0.347,0.30600000000000005
2024-03-05,0.6511,0.3489,0.3022
2024-03-06,0.6617,0.3383,0.32339999999999997
2024-03-07,0.6573,0.3427,0.3146
2024-03-08,0.6238,0.3762,0.24760000000000004
2024-03-09,0.6235,0.3765,0.24700000000000005
2024-03-10,0.6386,0.3614,0.27719999999999995
2024-03-11,0.6396,0.3604,0.27919999999999995
2024-03-12,0.6003,0.3997,0.20059999999999995
2024-03-13,0.6769,0.3231,0.35379999999999995
2024-03-14,0.6417,0.3583,0.28340000000000004
2024-03-15,0.6953,0.3047,0.3906
2024-03-16,0.6779,0.3221,0.35579999999999995
2024-03-17,0.7077,0.2923,0.4154
2024-03-18,0.6729,0.3271,0.34580000000000005
2024-03-19,0.6517,0.3483,0.30339999999999995
2024-03-20,0.6948,0.3052,0.38959999999999995
2024-03-21,0.6383,0.3617,0.27659999999999996
2024-03-22,0.6893,0.3107,0.37860000000000005
2024-03-23,0.7349,0.2651,0.4698
2024-03-24,0.6862,0.3138,0.3724
2024-03-25,0.6767,0.3233,0.3534
2024-03-26,0.6263,0.3737,0.2526
2024-03-27,0.6379,0.3621,0.27580000000000005
2024-03-28,0.6922,0.3078,0.3844
2024-03-29,0.65,0.35,0.30000000000000004
2024-03-30,0.6966,0.3034,0.3932
2024-03-31,0.682,0.318,0.36400000000000005
2024-04-01,0.6635,0.3365,0.32699999999999996
2024-04-02,0.7042,0.2958,0.40840000000000004
2024-04-03,0.7185,0.2815,0.43700000000000006
2024-04-04,0.712,0.288,0.424
2024-04-05,0.6737,0.3263,0.3474
2024-04-06,0.6878,0.3122,0.3756
2024-04-07,0.6588,0.3412,0.31760000000000005
2024-04-08,0.6224,0.3776,0.24479999999999996
2024-04-09,0.6321,0.3679,0.2642
2024-04-10,0.7071,0.2929,0.41419999999999996
2024-04-11,0.6902,0.3098,0.3804
2024-04-12,0.6743,0.3257,0.3486
2024-04-13,0.7392,0.2608,0.4784
2024-04-14,0.7105,0.2895,0.42100000000000004
2024-04-15,0.7139,0.2861,0.42779999999999996
2024-04-16,0.7146,0.2854,0.4292
2024-04-17,0.7131,0.2869,0.42619999999999997
2024-04-18,0.7318,0.2682,0.4636
2024-04-19,0.6881,0.3119,0.37620000000000003
2024-04-20,0.6773,0.3227,0.3546
2024-04-21,0.695,0.305,0.38999999999999996
2024-04-22,0.6705,0.3295,0.34099999999999997
2024-04-23,0.6571,0.3429,0.31420000000000003
2024-04-24,0.6574,0.3426,0.31479999999999997
2024-04-25,0.7051,0.2949,0.41019999999999995
2024-04-26,0.687,0.313,0.37400000000000005
2024-04-27,0.6959,0.3041,0.3918
2024-04-28,0.7225,0.2775,0.445
2024-04-29,0.7268,0.2732,0.4536
2024-04-30,0.7069,0.2931,0.41379999999999995
2024-05-01,0.7645,0.2355,0.5289999999999999
2024-05-02,0.7379,0.2621,0.4758
2024-05-03,0.6991,0.3009,0.39820000000000005
2024-05-04,0.6633,0.3367,0.3266
2024-05-05,0.6358,0.3642,0.2716
2024-05-06,0.6432,0.3568,0.2864
2024-05-07,0.664,0.336,0.328
2024-05-08,0.6556,0.3444,0.3112
2024-05-09,0.6935,0.3065,0.387
2024-05-10,0.7103,0.2897,0.42060000000000003
2024-05-11,0.7553,0.2447,0.5105999999999999
2024-05-12,0.7187,0.2813,0.4374
2024-05-13,0.7116,0.2884,0.4232
2024-05-14,0.6489,0.3511,0.2978
2024-05-15,0.7052,0.2948,0.41040000000000004
2024-05-16,0.6299,0.3701,0.25980000000000003
2024-05-17,0.6387,0.3613,0.27740000000000004
2024-05-18,0.6131,0.3869,0.22619999999999996
2024-05-19,0.6224,0.3776,0.24479999999999996
2024-05-20,0.6307,0.3693,0.2614
2024-05-21,0.6143,0.3857,0.22859999999999997
2024-05-22,0.6521,0.3479,0.3042
2024-05-23,0.6719,0.3281,0.34380000000000005
2024-05-24,0.7258,0.2742,0.4516
2024-05-25,0.6895,0.3105,0.379
2024-05-26,0.712,0.288,0.424
2024-05-27,0.6967,0.3033,0.39339999999999997
2024-05-28,0.6821,0.3179,0.3642
2024-05-29,0.7299,0.2701,0.4598
2024-05-30,0.7448,0.2552,0.48960000000000004
2024-05-31,0.7058,0.2942,0.41159999999999997
2024-06-01,0.7507,0.2493,0.5014000000000001
2024-06-02,0.7465,0.2535,0.49300000000000005
2024-06-03,0.7385,0.2615,0.47700000000000004
2024-06-04,0.6825,0.3175,0.365
2024-06-05,0.6348,0.3652,0.2696
2024-06-06,0.6231,0.3769,0.24619999999999997
2024-06-07,0.6512,0.3488,0.3024
2024-06-08,0.708,0.292,0.416
2024-06-09,0.7149,0.2851,0.42979999999999996
2024-06-10,0.7205,0.2795,0.441
2024-06-11,0.7041,0.2959,0.40819999999999995
2024-06-12,0.7668,0.2332,0.5336000000000001
2024-06-13,0.7245,0.2755,0.449
2024-06-14,0.7497,0.2503,0.4994
2024-06-15,0.7529,0.2471,0.5058
2024-06-16,0.7419,0.2581,0.4838
2024-06-17,0.7399,0.2601,0.4798
2024-06-18,0.7345,0.2655,0.46900000000000003
2024-06-19,0.7503,0.2497,0.5005999999999999
2024-06-20,0.7449,0.2551,0.4898
2024-06-21,0.7533,0.2467,0.5065999999999999
2024-06-22,0.7678,0.2322,0.5356000000000001
2024-06-23,0.7516,0.2484,0.5032000000000001
2024-06-24,0.7569,0.2431,0.5138
2024-06-25,0.7757,0.2243,0.5513999999999999
2024-06-26,0.7617,0.2383,0.5234000000000001
2024-06-27,0.7435,0.2565,0.48700000000000004
2024-06-28,0.7472,0.2528,0.49439999999999995
2024-06-29,0.7536,0.2464,0.5072000000000001
2024-06-30,0.7419,0.2581,0.4838
2024-07-01,0.7441,0.2559,0.48819999999999997
2024-07-02,0.725,0.275,0.44999999999999996
2024-07-03,0.7525,0.2475,0.5049999999999999
2024-07-04,0.7798,0.2202,0.5596000000000001
2024-07-05,0.7704,0.2296,0.5408
2024-07-06,0.724,0.276,0.44799999999999995
2024-07-07,0.7304,0.2696,0.46080000000000004
2024-07-08,0.6953,0.3047,0.3906
2024-07-09,0.7273,0.2727,0.45459999999999995
2024-07-10,0.6935,0.3065,0.387
2024-07-11,0.7116,0.2884,0.4232
2024-07-12,0.6963,0.3037,0.3926
2024-07-13,0.6945,0.3055,0.389
2024-07-14,0.6745,0.3255,0.349
2024-07-15,0.6668,0.3332,0.33359999999999995
2024-07-16,0.6547,0.3453,0.30939999999999995
2024-07-17,0.6388,0.3612,0.2776
2024-07-18,0.6341,0.3659,0.2682
2024-07-19,0.6689,0.3311,0.33780000000000004
2024-07-20,0.5943,0.4057,0.18860000000000005
2024-07-21,0.6158,0.3842,0.23160000000000003
2024-07-22,0.6281,0.3719,0.2562
2024-07-23,0.6316,0.3684,0.26320000000000005
2024-07-24,0.6562,0.3438,0.3124
2024-07-25,0.6535,0.3465,0.307
2024-07-26,0.6813,0.3187,0.36260000000000003
2024-07-27,0.6373,0.3627,0.27459999999999996
2024-07-28,0.6269,0.3731,0.2538
2024-07-29,0.6442,0.3558,0.2884
2024-07-30,0.6647,0.3353,0.32939999999999997
2024-07-31,0.703,0.297,0.40599999999999997
2024-08-01,0.7231,0.2769,0.4462
2024-08-02,0.7429,0.2571,0.4858
2024-08-03,0.7252,0.2748,0.45039999999999997
2024-08-04,0.7301,0.2699,0.4602
2024-08-05,0.7356,0.2644,0.4712
2024-08-06,0.7014,0.2986,0.40280000000000005
2024-08-07,0.6884,0.3116,0.3768
2024-08-08,0.6574,0.3426,0.31479999999999997
2024-08-09,0.6281,0.3719,0.2562
2024-08-10,0.6464,0.3536,0.29279999999999995
2024-08-11,0.6558,0.3442,0.31160000000000004
2024-08-12,0.6541,0.3459,0.30820000000000003
2024-08-13,0.687,0.313,0.37400000000000005
2024-08-14,0.6522,0.3478,0.3044
2024-08-15,0.7062,0.2938,0.41240000000000004
2024-08-16,0.7099,0.2901,0.41979999999999995
2024-08-17,0.6422,0.3578,0.2844
2024-08-18,0.6533,0.3467,0.3066
2024-08-19,0.6538,0.3462,0.30760000000000004
2024-08-20,0.6881,0.3119,0.37620000000000003
2024-08-21,0.6988,0.3012,0.39759999999999995
2024-08-22,0.6166,0.3834,0.23320000000000002
2024-08-23,0.6781,0.3219,0.3562
2024-08-24,0.5976,0.4024,0.19520000000000004
2024-08-25,0.5988,0.4012,0.1976
2024-08-26,0.6003,0.3997,0.20059999999999995
2024-08-27,0.5957,0.4043,0.19140000000000001
2024-08-28,0.6944,0.3056,0.38880000000000003
2024-08-29,0.7138,0.2862,0.4276
2024-08-30,0.6753,0.3247,0.3506
2024-08-31,0.6983,0.3017,0.3966
2024-09-01,0.6825,0.3175,0.365
2024-09-02,0.7006,0.2994,0.4012
2024-09-03,0.69,0.31,0.37999999999999995
2024-09-04,0.7029,0.2971,0.4058
2024-09-05,0.69,0.31,0.37999999999999995
2024-09-06,0.7111,0.2889,0.42219999999999996
2024-09-07,0.7441,0.2559,0.48819999999999997
2024-09-08,0.7113,0.2887,0.42260000000000003
2024-09-09,0.7189,0.2811,0.43779999999999997
2024-09-10,0.6544,0.3456,0.30879999999999996
2024-09-11,0.6586,0.3414,0.3172
2024-09-12,0.653,0.347,0.30600000000000005
2024-09-13,0.6505,0.3495,0.301
2024-09-14,0.5926,0.4074,0.18520000000000003
2024-09-15,0.6024,0.3976,0.20480000000000004
2024-09-16,0.6158,0.3842,0.23160000000000003
2024-09-17,0.6695,0.3305,0.33899999999999997
2024-09-18,0.5968,0.4032,0.1936
2024-09-19,0.6323,0.3677,0.26459999999999995
2024-09-20,0.5564,0.4436,0.11280000000000001
2024-09-21,0.5708,0.4292,0.14159999999999995
2024-09-22,0.5795,0.4205,0.15900000000000003
2024-09-23,0.5739,0.4261,0.1478
2024-09-24,0.5894,0.4106,0.17880000000000001
2024-09-25,0.5563,0.4437,0.11260000000000003
2024-09-26,0.6092,0.3908,0.21839999999999998
2024-09-27,0.5392,0.4608,0.07840000000000003
2024-09-28,0.5628,0.4372,0.1256
2024-09-29,0.5617,0.4383,0.12339999999999995
2024-09-30,0.5709,0.4291,0.14179999999999998
2024-10-01,0.6236,0.3764,0.24720000000000003
2024-10-02,0.6538,0.3462,0.30760000000000004
2024-10-03,0.6725,0.3275,0.345
2024-10-04,0.6785,0.3215,0.357
2024-10-05,0.6467,0.3533,0.29340000000000005
2024-10-06,0.6501,0.3499,0.3002
2024-10-07,0.6382,0.3618,0.2764
2024-10-08,0.6415,0.3585,0.283
2024-10-09,0.6461,0.3539,0.2922
2024-10-10,0.6758,0.3242,0.35159999999999997
2024-10-11,0.6933,0.3067,0.38660000000000005
2024-10-12,0.5896,0.4104,0.17920000000000003
2024-10-13,0.5852,0.4148,0.17040000000000005
2024-10-14,0.6141,0.3859,0.22819999999999996
2024-10-15,0.5467,0.4533,0.09339999999999998
2024-10-16,0.5471,0.4529,0.0942
2024-10-17,0.5279,0.4721,0.055800000000000016
2024-10-18,0.5442,0.4558,0.08840000000000003
2024-10-19,0.5257,0.4743,0.051399999999999946
2024-10-20,0.539,0.461,0.07800000000000001
2024-10-21,0.5446,0.4554,0.08919999999999995
2024-10-22,0.5704,0.4296,0.14080000000000004
2024-10-23,0.568,0.432,0.13599999999999995
2024-10-24,0.6114,0.3886,0.22280000000000005
2024-10-25,0.5814,0.4186,0.1628
2024-10-26,0.6056,0.3944,0.21120000000000005
2024-10-27,0.5976,0.4024,0.19520000000000004
2024-10-28,0.5719,0.4281,0.14379999999999998
2024-10-29,0.5201,0.4799,0.040200000000000014
2024-10-30,0.525,0.475,0.050000000000000044
2024-10-31,0.5394,0.4606,0.07879999999999998
2024-11-01,0.6032,0.3968,0.20639999999999997
2024-11-02,0.6411,0.3589,0.2822
2024-11-03,0.6428,0.3572,0.2856
2024-11-04,0.6703,0.3297,0.3406
2024-11-05,0.6751,0.3249,0.3502
2024-11-06,0.6664,0.3336,0.3328
2024-11-07,0.572,0.428,0.14399999999999996
2024-11-08,0.5608,0.4392,0.12159999999999999
2024-11-09,0.5485,0.4515,0.09699999999999998
2024-11-10,0.5471,0.4529,0.0942
2024-11-11,0.5622,0.4378,0.12440000000000001
2024-11-12,0.6214,0.3786,0.24279999999999996
2024-11-13,0.5937,0.4063,0.1874
2024-11-14,0.6389,0.3611,0.27780000000000005
2024-11-15,0.6709,0.3291,0.34180000000000005
2024-11-16,0.6175,0.3825,0.23500000000000004
2024-11-17,0.6233,0.3767,0.24659999999999999
2024-11-18,0.6454,0.3546,0.29079999999999995
2024-11-19,0.6488,0.3512,0.29760000000000003
2024-11-20,0.6252,0.3748,0.25039999999999996
2024-11-21,0.584,0.416,0.16799999999999998
2024-11-22,0.6091,0.3909,0.21819999999999995
2024-11-23,0.6106,0.3894,0.2212
2024-11-24,0.6439,0.3561,0.2878
2024-11-25,0.6479,0.3521,0.2958
2024-11-26,0.6872,0.3128,0.3744
2024-11-27,0.694,0.306,0.38799999999999996
2024-11-28,0.6285,0.3715,0.25699999999999995
2024-11-29,0.632,0.368,0.264
2024-11-30,0.6176,0.3824,0.23520000000000002
2024-12-01,0.6346,0.3654,0.26920000000000005
2024-12-02,0.632,0.368,0.264
2024-12-03,0.6524,0.3476,0.30479999999999996
2024-12-04,0.6495,0.3505,0.299
2024-12-05,0.6089,0.3911,0.2178
2024-12-06,0.6921,0.3079,0.38420000000000004
2024-12-07,0.6395,0.3605,0.27899999999999997
2024-12-08,0.6693,0.3307,0.3386
2024-12-09,0.6711,0.3289,0.3422
2024-12-10,0.6975,0.3025,0.395
2024-12-11,0.7008,0.2992,0.40159999999999996
2024-12-12,0.5888,0.4112,0.17759999999999998
2024-12-13,0.6056,0.3944,0.21120000000000005
2024-12-14,0.5822,0.4178,0.16440000000000005
2024-12-15,0.5878,0.4122,0.17559999999999998
2024-12-16,0.5531,0.4469,0.10620000000000002
2024-12-17,0.5432,0.4568,0.08640000000000003
2024-12-18,0.5661,0.4339,0.13220000000000004
2024-12-19,0.677,0.323,0.35400000000000004
2024-12-20,0.7307,0.2693,0.46140000000000003
2024-12-21,0.711,0.289,0.422
2024-12-22,0.6989,0.3011,0.3978
2024-12-23,0.709,0.291,0.418
2024-12-24,0.7341,0.2659,0.46819999999999995
2024-12-25,0.6605,0.3395,0.32099999999999995
2024-12-26,0.6648,0.3352,0.32959999999999995
2024-12-27,0.7028,0.2972,0.40559999999999996
2024-12-28,0.7181,0.2819,0.4362
2024-12-29,0.7105,0.2895,0.42100000000000004
2024-12-30,0.7006,0.2994,0.4012
2024-12-31,0.7232,0.2768,0.44639999999999996
2025-01-01,0.71,0.29,0.42
2025-01-02,0.7146,0.2854,0.4292
2025-01-03,0.6716,0.3284,0.34319999999999995
2025-01-04,0.6507,0.3493,0.30139999999999995
2025-01-05,0.6625,0.3375,0.32499999999999996
2025-01-06,0.6586,0.3414,0.3172
2025-01-07,0.574,0.426,0.14799999999999996
2025-01-08,0.7187,0.2813,0.4374
2025-01-09,0.7375,0.2625,0.47500000000000003
2025-01-10,0.7414,0.2586,0.48279999999999995
2025-01-11,0.7137,0.2863,0.4274
2025-01-12,0.7197,0.2803,0.4394
2025-01-13,0.7205,0.2795,0.441
2025-01-14,0.7308,0.2692,0.4616
2025-01-15,0.6769,0.3231,0.35379999999999995
2025-01-16,0.603,0.397,0.20599999999999996
2025-01-17,0.6115,0.3885,0.22300000000000003
2025-01-18,0.5812,0.4188,0.16240000000000004
2025-01-19,0.6161,0.3839,0.23219999999999996
2025-01-20,0.6531,0.3469,0.3062
2025-01-21,0.672,0.328,0.34400000000000003
2025-01-22,0.6248,0.3752,0.24960000000000004
2025-01-23,0.6637,0.3363,0.32739999999999997
2025-01-24,0.6818,0.3182,0.3636
2025-01-25,0.6295,0.3705,0.25899999999999995
2025-01-26,0.6568,0.3432,0.31360000000000005
2025-01-27,0.6721,0.3279,0.3442
2025-01-28,0.7249,0.2751,0.4498
2025-01-29,0.684,0.316,0.36800000000000005
2025-01-30,0.6452,0.3548,0.2904
2025-01-31,0.6204,0.3796,0.24079999999999996
2025-02-01,0.7154,0.2846,0.4308
2025-02-02,0.7172,0.2828,0.43439999999999995
2025-02-03,0.7414,0.2586,0.48279999999999995
2025-02-04,0.7043,0.2957,0.4086
2025-02-05,0.7281,0.2719,0.4562
2025-02-06,0.7253,0.2747,0.45059999999999995
2025-02-07,0.7455,0.2545,0.49100000000000005
2025-02-08,0.7509,0.2491,0.5018
2025-02-09,0.7382,0.2618,0.4764
2025-02-10,0.7467,0.2533,0.4934
2025-02-11,0.7163,0.2837,0.43260000000000004
2025-02-12,0.7664,0.2336,0.5327999999999999
2025-02-13,0.7243,0.2757,0.44860000000000005
2025-02-14,0.7572,0.2428,0.5144
2025-02-15,0.7193,0.2807,0.43860000000000005
2025-02-16,0.7187,0.2813,0.4374
2025-02-17,0.7408,0.2592,0.48160000000000003
2025-02-18,0.7588,0.2412,0.5176000000000001
2025-02-19,0.7679,0.2321,0.5358
2025-02-20,0.7194,0.2806,0.4388
2025-02-21,0.667,0.333,0.334
2025-02-22,0.747,0.253,0.494
2025-02-23,0.7249,0.2751,0.4498
2025-02-24,0.7477,0.2523,0.4954
2025-02-25,0.7736,0.2264,0.5471999999999999
2025-02-26,0.7851,0.2149,0.5702
2025-02-27,0.7697,0.2303,0.5394000000000001
2025-02-28,0.7672,0.2328,0.5344
2025-03-01,0.7137,0.2863,0.4274
2025-03-02,0.7188,0.2812,0.4376
2025-03-03,0.6889,0.3111,0.37779999999999997
2025-03-04,0.7499,0.2501,0.4998
2025-03-05,0.717,0.283,0.434
2025-03-06,0.6832,0.3168,0.3664
2025-03-07,0.6856,0.3144,0.3712
2025-03-08,0.7264,0.2736,0.45280000000000004
2025-03-09,0.7355,0.2645,0.47100000000000003
2025-03-10,0.7417,0.2583,0.48340000000000005
2025-03-11,0.76,0.24,0.52
2025-03-12,0.7037,0.2963,0.4074
2025-03-13,0.7117,0.2883,0.4234
2025-03-14,0.7423,0.2577,0.4846
2025-03-15,0.6427,0.3573,0.28540000000000004
2025-03-16,0.6515,0.3485,0.303
2025-03-17,0.678,0.322,0.35600000000000004
2025-03-18,0.6503,0.3497,0.3006
2025-03-19,0.7269,0.2731,0.4538
2025-03-20,0.6236,0.3764,0.24720000000000003
2025-03-21,0.6616,0.3384,0.3232
2025-03-22,0.6596,0.3404,0.3192
2025-03-23,0.6527,0.3473,0.30539999999999995
2025-03-24,0.6175,0.3825,0.23500000000000004
2025-03-25,0.5612,0.4388,0.12240000000000001
2025-03-26,0.5835,0.4165,0.16700000000000004
2025-03-27,0.6272,0.3728,0.25439999999999996
2025-03-28,0.6266,0.3734,0.25320000000000004
2025-03-29,0.7046,0.2954,0.4092
2025-03-30,0.6928,0.3072,0.3856
2025-03-31,0.6941,0.3059,0.38820000000000005
2025-04-01,0.675,0.325,0.35000000000000003
2025-04-02,0.6138,0.3862,0.22760000000000002
2025-04-03,0.6324,0.3676,0.2648
2025-04-04,0.6851,0.3149,0.37020000000000003
2025-04-05,0.6199,0.3801,0.2398
2025-04-06,0.6612,0.3388,0.3224
2025-04-07,0.7158,0.2842,0.4316
2025-04-08,0.7101,0.2899,0.42019999999999996
2025-04-09,0.7091,0.2909,0.41819999999999996
2025-04-10,0.611,0.389,0.22199999999999998
2025-04-11,0.6937,0.3063,0.38739999999999997
2025-04-12,0.5844,0.4156,0.1688
2025-04-13,0.5608,0.4392,0.12159999999999999
2025-04-14,0.5823,0.4177,0.16460000000000002
2025-04-15,0.5874,0.4126,0.1748
2025-04-16,0.5939,0.4061,0.18779999999999997
2025-04-17,0.5936,0.4064,0.18720000000000003
2025-04-18,0.583,0.417,0.16599999999999998
2025-04-19,0.6074,0.3926,0.21480000000000005
2025-04-20,0.5761,0.4239,0.15219999999999995
2025-04-21,0.6068,0.3932,0.2136
2025-04-22,0.5568,0.4432,0.11359999999999998
2025-04-23,0.5401,0.4599,0.08020000000000005
2025-04-24,0.5315,0.4685,0.06299999999999994
2025-04-25,0.5524,0.4476,0.1048
2025-04-26,0.5135,0.4865,0.02699999999999997
2025-04-27,0.5383,0.4617,0.0766
2025-04-28,0.5453,0.4547,0.09060000000000001
2025-04-29,0.5537,0.4463,0.1074
2025-04-30,0.5517,0.4483,0.10339999999999999
2025-05-01,0.5722,0.4278,0.14440000000000003
2025-05-02,0.5113,0.4887,0.022599999999999953
2025-05-03,0.5174,0.4826,0.0348
2025-05-04,0.5394,0.4606,0.07879999999999998
2025-05-05,0.5507,0.4493,0.10139999999999999
2025-05-06,0.5715,0.4285,0.14300000000000002
2025-05-07,0.5559,0.4441,0.11179999999999995
2025-05-08,0.5176,0.4824,0.035199999999999954
2025-05-09,0.5284,0.4716,0.05679999999999996
2025-05-10,0.5371,0.4629,0.07420000000000004
2025-05-11,0.5489,0.4511,0.09780000000000005
2025-05-12,0.5506,0.4494,0.10119999999999996
2025-05-13,0.5874,0.4126,0.1748
2025-05-14,0.5621,0.4379,0.12420000000000003
2025-05-15,0.5777,0.4223,0.15539999999999998
2025-05-16,0.577,0.423,0.15399999999999997
2025-05-17,0.5648,0.4352,0.1296
2025-05-18,0.5741,0.4259,0.14820000000000005
2025-05-19,0.5507,0.4493,0.10139999999999999
2025-05-20,0.5368,0.4632,0.07360000000000005
2025-05-21,0.5104,0.4896,0.020799999999999985
2025-05-22,0.5049,0.4951,0.009800000000000031
2025-05-23,0.505,0.495,0.010000000000000009
2025-05-24,0.5586,0.4414,0.11719999999999997
2025-05-25,0.5749,0.4251,0.1498
2025-05-26,0.5891,0.4109,0.17819999999999997
2025-05-27,0.5397,0.4603,0.07939999999999997
2025-05-28,0.5698,0.4302,0.13959999999999995
2025-05-29,0.6353,0.3647,0.27059999999999995
2025-05-30,0.649,0.351,0.29800000000000004
2025-05-31,0.6472,0.3528,0.2944
2025-06-01,0.6519,0.3481,0.3038
2025-06-02,0.6552,0.3448,0.3104
2025-06-03,0.6509,0.3491,0.3018
2025-06-04,0.6224,0.3776,0.24479999999999996
2025-06-05,0.6311,0.3689,0.2622
2025-06-06,0.678,0.322,0.35600000000000004
2025-06-07,0.569,0.431,0.13799999999999996
2025-06-08,0.5726,0.4274,0.1452
2025-06-09,0.5728,0.4272,0.14559999999999995
2025-06-10,0.5209,0.4791,0.041800000000000004
2025-06-11,0.5342,0.4658,0.06840000000000002
2025-06-12,0.5481,0.4519,0.09620000000000001
2025-06-13,0.6255,0.3745,0.25099999999999995
2025-06-14,0.6209,0.3791,0.24180000000000001
2025-06-15,0.617,0.383,0.23399999999999999
2025-06-16,0.6149,0.3851,0.2298
2025-06-17,0.5447,0.4553,0.08939999999999998
2025-06-18,0.6462,0.3538,0.2924
2025-06-19,0.6309,0.3691,0.26180000000000003
2025-06-20,0.6263,0.3737,0.2526
2025-06-21,0.6367,0.3633,0.27340000000000003
2025-06-22,0.6385,0.3615,0.27699999999999997
2025-06-23,0.6553,0.3447,0.3106
2025-06-24,0.5841,0.4159,0.16819999999999996
2025-06-25,0.5596,0.4404,0.11919999999999997
2025-06-26,0.5036,0.4964,0.00720000000000004
2025-06-27,0.4996,0.5004,-0.0007999999999999674
2025-06-28,0.5071,0.4929,0.01419999999999999
2025-06-29,0.5122,0.4878,0.024399999999999977
2025-06-30,0.52,0.48,0.040000000000000036
2025-07-01,0.5273,0.4727,0.05459999999999998
2025-07-02,0.5618,0.4382,0.12359999999999999
2025-07-03,0.4754,0.5246,-0.049199999999999966
2025-07-04,0.495,0.505,-0.010000000000000009
2025-07-05,0.5537,0.4463,0.1074
2025-07-06,0.5461,0.4539,0.0922
2025-07-07,0.5424,0.4576,0.08479999999999999
2025-07-08,0.5617,0.4383,0.12339999999999995
2025-07-09,0.5337,0.4663,0.06739999999999996
2025-07-10,0.4794,0.5206,-0.04119999999999996
2025-07-11,0.495,0.505,-0.010000000000000009
2025-07-12,0.4881,0.5119,-0.023800000000000043
2025-07-13,0.4915,0.5085,-0.01699999999999996
2025-07-14,0.4882,0.5118,-0.02360000000000001
2025-07-15,0.5356,0.4644,0.07119999999999999
2025-07-16,0.6028,0.3972,0.2056
2025-07-17,0.5772,0.4228,0.15440000000000004
2025-07-18,0.5628,0.4372,0.1256
2025-07-19,0.6028,0.3972,0.2056
2025-07-20,0.601,0.399,0.20199999999999996
2025-07-21,0.6113,0.3887,0.22259999999999996
2025-07-22,0.6377,0.3623,0.27540000000000003
2025-07-23,0.5673,0.4327,0.13460000000000005
2025-07-24,0.6138,0.3862,0.22760000000000002
2025-07-25,0.5972,0.4028,0.19439999999999996
2025-07-26,0.6608,0.3392,0.32160000000000005
2025-07-27,0.625,0.375,0.25
2025-07-28,0.6045,0.3955,0.20900000000000002
2025-07-29,0.6267,0.3733,0.2534
2025-07-30,0.6467,0.3533,0.29340000000000005
2025-07-31,0.6538,0.3462,0.30760000000000004
2025-08-01,0.6599,0.3401,0.31980000000000003
2025-08-02,0.7079,0.2921,0.41579999999999995
2025-08-03,0.7128,0.2872,0.4256
2025-08-04,0.715,0.285,0.43
2025-08-05,0.6958,0.3042,0.39159999999999995
2025-08-06,0.6982,0.3018,0.39640000000000003
2025-08-07,0.6677,0.3323,0.3354
2025-08-08,0.6433,0.3567,0.28659999999999997
2025-08-09,0.6486,0.3514,0.29719999999999996
2025-08-10,0.6666,0.3334,0.3332
2025-08-11,0.6292,0.3708,0.25839999999999996
2025-08-12,0.6313,0.3687,0.26259999999999994
2025-08-13,0.6382,0.3618,0.2764
2025-08-14,0.5767,0.4233,0.15339999999999998
2025-08-15,0.6818,0.3182,0.3636
2025-08-16,0.6862,0.3138,0.3724
2025-08-17,0.675,0.325,0.35000000000000003
2025-08-18,0.6791,0.3209,0.3582
2025-08-19,0.684,0.316,0.36800000000000005
2025-08-20,0.7053,0.2947,0.4106
2025-08-21,0.7075,0.2925,0.41500000000000004
2025-08-22,0.7171,0.2829,0.4342
2025-08-23,0.674,0.326,0.34800000000000003
2025-08-24,0.7064,0.2936,0.4128
2025-08-25,0.7294,0.2706,0.45880000000000004
2025-08-26,0.7466,0.2534,0.4932
2025-08-27,0.7354,0.2646,0.47080000000000005
2025-08-28,0.7226,0.2774,0.44520000000000004
2025-08-29,0.7158,0.2842,0.4316
2025-08-30,0.7458,0.2542,0.49160000000000004
2025-08-31,0.7425,0.2575,0.48500000000000004
2025-09-01,0.7343,0.2657,0.46859999999999996
2025-09-02,0.7303,0.2697,0.46059999999999995
2025-09-03,0.6898,0.3102,0.3796
2025-09-04,0.6724,0.3276,0.3448
2025-09-05,0.7102,0.2898,0.42040000000000005
2025-09-06,0.7119,0.2881,0.42379999999999995
2025-09-07,0.7106,0.2894,0.4212
2025-09-08,0.6967,0.3033,0.39339999999999997
2025-09-09,0.6743,0.3257,0.3486
2025-09-10,0.7114,0.2886,0.4228
2025-09-11,0.6346,0.3654,0.26920000000000005
2025-09-12,0.623,0.377,0.246
2025-09-13,0.6041,0.3959,0.2082
2025-09-14,0.6077,0.3923,0.21540000000000004
2025-09-15,0.6134,0.3866,0.22679999999999995
2025-09-16,0.6303,0.3697,0.2606
2025-09-17,0.5944,0.4056,0.18880000000000002
2025-09-18,0.6459,0.3541,0.2918
2025-09-19,0.5997,0.4003,0.19940000000000002
